date,close,nav,ounces,tonnes
2004-11-18,44.38,44.2,260000.0,8.09
2004-11-19,44.78,44.5595,1859994.06,57.85
2004-11-22,44.75,44.778,2799952.98,87.09
2004-11-23,45.05,44.8126,2799952.98,87.09
2004-11-24,45.05,44.8571,3099933.3,96.42
2004-11-26,45.4,45.0961,3229921.97,100.46
2004-11-29,45.12,45.1196,3329909.96,103.57
2004-11-30,45.38,45.3341,3329909.96,103.57
2004-12-01,44.95,45.2786,3329909.96,103.57
2004-12-02,45.6,45.4131,3329699.18,103.56
2004-12-03,45.17,44.8576,3329699.18,103.56
2004-12-06,45.11,45.2961,3329699.18,103.56
2004-12-07,44.01,45.1706,2829802.88,88.02
2004-12-08,43.78,43.6803,2929780.58,91.13
2004-12-09,43.44,43.6998,2929780.58,91.13
2004-12-10,43.91,43.3893,2929780.58,91.13
2004-12-13,43.55,43.4979,2929780.58,91.13
2004-12-14,43.99,43.6974,2929780.58,91.13
2004-12-15,43.68,43.8869,2929780.58,91.13
2004-12-16,44.19,43.9364,2929780.58,91.13
2004-12-17,44.34,43.8759,2849806.22,88.64
2004-12-20,44.22,44.2295,2849806.22,88.64
2004-12-21,44.02,44.079,2849806.22,88.64
2004-12-22,44.27,44.0835,2949768.83,91.75
2004-12-23,44.27,44.093,2949768.83,91.75
2004-12-27,44.37,44.2011,2949768.83,91.75
2004-12-28,43.66,44.2006,2949768.83,91.75
2004-12-29,43.8,44.3301,2949768.83,91.75
2004-12-30,43.8,43.5397,3049722.19,94.86
2004-12-31,43.8,43.7792,3049722.19,94.86
2005-01-03,42.74,43.7777,3509488.41,109.16
2005-01-04,42.67,42.7524,3508826.93,109.14
2005-01-05,42.16,42.577,3508826.93,109.14
2005-01-06,41.84,42.4116,3608771.8,112.24
2005-01-07,41.95,42.1962,3958574.65,123.12
2005-01-10,42.21,41.9749,3958574.65,123.12
2005-01-11,42.6,42.1094,4488252.67,139.6
2005-01-12,42.6,42.6337,4588191.09,142.71
2005-01-13,42.32,42.3334,4588191.09,142.71
2005-01-14,42.32,42.223,4588191.09,142.71
2005-01-18,42.26,42.1461,4588191.09,142.71
2005-01-19,42.25,42.4656,4588191.09,142.71
2005-01-20,42.74,42.2602,4588191.09,142.71
2005-01-21,42.77,42.2997,4588191.09,142.71
2005-01-24,42.24,42.7031,4788041.91,148.92
2005-01-25,42.69,42.4178,4887966.0,152.03
2005-01-26,42.62,42.5473,4887966.0,152.03
2005-01-27,42.69,42.4168,4887966.0,152.03
2005-01-28,42.22,42.6463,4887966.0,152.03
2005-01-31,42.1,42.1801,4887966.0,152.03
2005-02-01,42.16,42.0547,4886269.77,151.98
2005-02-02,41.68,42.1242,4886269.77,151.98
2005-02-03,41.47,41.6141,4886269.77,151.98
2005-02-04,41.27,41.5537,4886269.77,151.98
2005-02-07,41.26,41.4024,4886269.77,151.98
2005-02-08,41.31,41.0722,4986177.93,155.09
2005-02-09,41.75,41.0768,4986177.93,155.09
2005-02-10,42.08,41.511,4986177.93,155.09
2005-02-11,42.55,41.8453,4986177.93,155.09
2005-02-14,42.58,42.3785,4986177.93,155.09
2005-02-15,42.52,42.398,4986177.93,155.09
2005-02-16,42.73,42.2677,4986177.93,155.09
2005-02-17,42.73,42.5819,4986177.93,155.09
2005-02-18,42.75,42.6664,4986177.93,155.09
2005-02-22,43.42,43.2391,5136018.84,159.75
2005-02-23,43.33,43.2136,5076083.15,157.88
2005-02-24,43.33,43.3281,5076083.15,157.88
2005-02-25,43.5,43.3776,5076083.15,157.88
2005-02-28,43.52,43.496,5076083.15,157.88
2005-03-01,43.22,43.2957,5074620.61,157.84
2005-03-02,43.25,43.1254,5074620.61,157.84
2005-03-03,42.97,42.9701,5174504.67,160.94
2005-03-04,43.38,43.2943,5274387.71,164.05
2005-03-07,43.47,43.2479,5274387.71,164.05
2005-03-08,44.03,43.672,5274387.71,164.05
2005-03-09,44.02,43.8963,5274387.71,164.05
2005-03-10,44.2,43.9657,5274387.71,164.05
2005-03-11,44.43,44.3149,5274387.71,164.05
2005-03-14,44.03,44.1386,5274387.71,164.05
2005-03-15,44.06,44.0083,5274387.71,164.05
2005-03-16,44.31,44.2425,5274387.71,164.05
2005-03-17,43.82,43.8025,5274387.71,164.05
2005-03-18,43.89,43.6572,5274387.71,164.05
2005-03-21,43.09,43.2112,5274387.71,164.05
2005-03-22,42.65,43.1558,5274387.71,164.05
2005-03-23,42.42,42.6659,5274387.71,164.05
2005-03-24,42.42,42.4556,5274387.71,164.05
2005-03-28,42.54,42.4538,5274387.71,164.05
2005-03-29,42.56,42.5482,5274387.71,164.05
2005-03-30,42.61,42.5827,5274387.71,164.05
2005-03-31,42.82,42.6871,5274387.71,164.05
2005-04-01,42.62,42.6517,5272503.84,163.99
2005-04-04,42.4,42.3257,5272503.84,163.99
2005-04-05,42.45,42.3951,5372351.06,167.1
2005-04-06,42.63,42.5095,5362366.45,166.79
2005-04-07,42.57,42.7337,5462211.57,169.89
2005-04-08,42.69,42.4536,5562055.51,173.0
2005-04-11,42.78,42.8317,5562055.51,173.0
2005-04-12,42.84,42.6615,5562055.51,173.0
2005-04-13,42.9,42.681,5711813.33,177.66
2005-04-14,42.31,42.2761,5711813.33,177.66
2005-04-15,42.4,42.3905,5711813.33,177.66
2005-04-18,42.69,42.5039,5711813.33,177.66
2005-04-19,43.28,42.6732,5711813.33,177.66
2005-04-20,43.4,43.2469,5711813.33,177.66
2005-04-21,43.19,43.3263,5711813.33,177.66
2005-04-22,43.39,43.3858,5711813.33,177.66
2005-04-25,43.44,43.2146,5711813.33,177.66
2005-04-26,43.64,43.6235,5751743.31,178.9
2005-04-27,43.2,43.3584,5751743.31,178.9
2005-04-28,43.0,43.1732,5751743.31,178.9
2005-04-29,43.35,43.4923,5751743.31,178.9
2005-05-02,42.88,43.4908,5751743.31,178.9
2005-05-03,42.76,42.7115,5750026.91,178.84
2005-05-04,42.9,42.8009,5750026.91,178.84
2005-05-05,42.91,42.8353,5750026.91,178.84
2005-05-06,42.52,42.4356,5750026.91,178.84
2005-05-09,42.55,42.4691,5750026.91,178.84
2005-05-10,42.64,42.6583,5750026.91,178.84
2005-05-11,42.69,42.5281,5750026.91,178.84
2005-05-12,42.16,42.3429,5750026.91,178.84
2005-05-13,41.95,41.9182,5750026.91,178.84
2005-05-16,41.88,41.8419,5750026.91,178.84
2005-05-17,41.86,41.9164,5750026.91,178.84
2005-05-18,42.05,41.8909,5750026.91,178.84
2005-05-19,41.98,41.9953,5750026.91,178.84
2005-05-20,41.65,41.7153,5750026.91,178.84
2005-05-23,41.62,41.714,5710109.25,177.6
2005-05-24,41.73,41.7435,5710109.25,177.6
2005-05-25,41.87,41.753,5710109.25,177.6
2005-05-26,41.69,41.7126,5710109.25,177.6
2005-05-27,41.69,41.7371,5710109.25,177.6
2005-05-31,41.65,41.3559,5760001.78,179.15
2005-06-01,41.53,41.4453,5758157.38,179.1
2005-06-02,42.1,41.9488,5758157.38,179.1
2005-06-03,42.17,42.2627,5758157.38,179.1
2005-06-06,42.48,42.4908,5758157.38,179.1
2005-06-07,42.38,42.3157,5758157.38,179.1
2005-06-08,42.34,42.3602,5758157.38,179.1
2005-06-09,42.27,42.1551,5758157.38,179.1
2005-06-10,42.62,42.1597,5758157.38,179.1
2005-06-13,42.78,42.8119,5758157.38,179.1
2005-06-14,42.6,42.5869,5758157.38,179.1
2005-06-15,42.74,42.7711,5758157.38,179.1
2005-06-16,43.46,43.1997,5758157.38,179.1
2005-06-17,43.63,43.6483,5758157.38,179.1
2005-06-20,43.66,43.8315,5758157.38,179.1
2005-06-21,43.81,43.4169,5758157.38,179.1
2005-06-22,43.72,43.596,5758157.38,179.1
2005-06-23,44.02,43.8101,5658396.24,175.99
2005-06-24,43.9,43.9493,5658396.24,175.99
2005-06-27,43.91,43.8232,5638444.88,175.37
2005-06-28,43.45,43.5931,5638444.88,175.37
2005-06-29,43.63,43.4729,5638444.88,175.37
2005-06-30,43.44,43.6022,5638444.88,175.37
2005-07-01,43.44,43.1526,5636319.23,175.31
2005-07-05,42.28,42.2679,5636319.23,175.31
2005-07-06,42.25,42.2425,5636319.23,175.31
2005-07-07,42.36,42.4116,5736064.3,178.41
2005-07-08,42.26,42.3313,5736064.3,178.41
2005-07-11,42.54,42.31,5736064.3,178.41
2005-07-12,42.64,42.514,5736064.3,178.41
2005-07-13,42.35,42.339,5835802.79,181.51
2005-07-14,41.9,42.3186,5835802.79,181.51
2005-07-15,42.05,41.7246,5835802.79,181.51
2005-07-18,42.01,41.9776,5835802.79,181.51
2005-07-19,41.89,41.8125,5835802.79,181.51
2005-07-20,42.2,42.1013,5835802.79,181.51
2005-07-21,42.46,42.3104,5935532.6,184.61
2005-07-22,42.45,42.3847,5935532.6,184.61
2005-07-25,42.51,42.4232,5935532.6,184.61
2005-07-26,42.25,42.2083,6035256.86,187.72
2005-07-27,42.44,42.2826,6035256.86,187.72
2005-07-28,42.75,42.5216,6035256.86,187.72
2005-07-29,42.82,42.7805,6035256.86,187.72
2005-08-01,43.61,43.0434,6033300.61,187.66
2005-08-02,43.14,42.9781,6152961.34,191.38
2005-08-03,43.53,43.3367,6152961.34,191.38
2005-08-04,43.68,43.7351,6152961.34,191.38
2005-08-05,43.6,43.6997,6152961.34,191.38
2005-08-08,43.35,43.4938,6152961.34,191.38
2005-08-09,43.34,43.2042,6152961.34,191.38
2005-08-10,43.65,43.5278,6152961.34,191.38
2005-08-11,44.45,43.9462,6152961.34,191.38
2005-08-12,44.49,44.5939,6152961.34,191.38
2005-08-15,44.13,44.2184,6152961.34,191.38
2005-08-16,44.55,44.1681,6152961.34,191.38
2005-08-17,43.91,44.0679,6152961.34,191.38
2005-08-18,43.83,43.8331,6152961.34,191.38
2005-08-19,43.6,43.8326,6152961.34,191.38
2005-08-22,43.7,43.8311,6152961.34,191.38
2005-08-23,43.76,43.8007,6152961.34,191.38
2005-08-24,43.59,43.8651,6152961.34,191.38
2005-08-25,43.73,43.7499,6152961.34,191.38
2005-08-26,43.61,43.54,6152961.34,191.38
2005-08-29,43.57,43.5386,6152961.34,191.38
2005-08-30,43.01,42.9298,6152961.34,191.38
2005-08-31,43.4,43.1886,6252646.55,194.48
2005-09-01,44.22,43.8214,6250630.06,194.41
2005-09-02,44.22,44.2197,6250630.06,194.41
2005-09-06,44.27,44.2725,6250630.06,194.41
2005-09-07,44.33,44.3618,6250630.06,194.41
2005-09-08,44.6,44.7102,6370242.72,198.14
2005-09-09,44.84,44.6798,6469918.83,201.24
2005-09-12,44.89,44.6883,6469918.83,201.24
2005-09-13,44.56,44.3937,6469918.83,201.24
2005-09-14,44.96,44.782,6469918.83,201.24
2005-09-15,45.42,45.3298,6469918.83,201.24
2005-09-16,45.82,45.5686,6569587.69,204.34
2005-09-19,46.25,46.2948,6569587.69,204.34
2005-09-20,46.23,46.3242,6569587.69,204.34
2005-09-21,47.06,46.7524,6569587.69,204.34
2005-09-22,46.36,46.4678,6669250.46,207.44
2005-09-23,46.28,46.1084,6669250.46,207.44
2005-09-26,46.57,46.0122,6669250.46,207.44
2005-09-27,46.25,46.2509,6669250.46,207.44
2005-09-28,46.8,46.2404,6669250.46,207.44
2005-09-29,47.1,47.0773,6669250.46,207.44
2005-09-30,46.7,47.1615,6669250.46,207.44
2005-10-03,46.42,46.4472,6666956.7,207.36
2005-10-04,46.45,46.5812,6666956.7,207.36
2005-10-05,46.36,46.1871,6666956.7,207.36
2005-10-06,47.21,47.0137,6666956.7,207.36
2005-10-07,47.36,47.1029,6666956.7,207.36
2005-10-10,47.39,47.1512,6666956.7,207.36
2005-10-11,47.39,47.3799,6666956.7,207.36
2005-10-12,46.85,47.3395,6666956.7,207.36
2005-10-13,47.02,46.7809,6666956.7,207.36
2005-10-14,46.8,46.4316,6666956.7,207.36
2005-10-17,47.26,47.2771,6666956.7,207.36
2005-10-18,47.0,47.0275,6666956.7,207.36
2005-10-19,46.34,46.4191,6666956.7,207.36
2005-10-20,45.98,46.2591,6666956.7,207.36
2005-10-21,46.52,46.1141,6666956.7,207.36
2005-10-24,46.39,46.4365,6666956.7,207.36
2005-10-25,47.06,47.0488,6666956.7,207.36
2005-10-26,46.93,47.143,6666956.7,207.36
2005-10-27,47.18,47.262,6666956.7,207.36
2005-10-28,47.22,46.8978,6696843.76,208.29
2005-10-31,46.4,46.8962,6696843.76,208.29
2005-11-01,45.73,45.7746,6794072.74,211.32
2005-11-02,46.13,45.9036,6794072.74,211.32
2005-11-03,45.96,46.0077,6794072.74,211.32
2005-11-04,45.51,45.8727,6794072.74,211.32
2005-11-07,45.77,45.4727,6794072.74,211.32
2005-11-08,45.91,45.9803,6794072.74,211.32
2005-11-09,46.56,46.0744,6794072.74,211.32
2005-11-10,46.48,46.5172,6794072.74,211.32
2005-11-11,46.8,46.4918,6794072.74,211.32
2005-11-14,46.62,46.565,6913597.9,215.04
2005-11-15,46.66,46.6392,6913597.9,215.04
2005-11-16,47.78,47.3858,6913597.9,215.04
2005-11-17,48.48,48.4214,7013199.58,218.13
2005-11-18,48.46,48.3909,7112800.15,221.23
2005-11-21,48.99,48.6982,7112800.15,221.23
2005-11-22,49.32,49.0612,7112800.15,221.23
2005-11-23,49.32,48.5626,7272152.44,226.19
2005-11-25,49.42,49.3884,7272152.44,226.19
2005-11-28,49.74,49.3967,7272152.44,226.19
2005-11-29,49.8,49.3962,7371741.47,229.28
2005-11-30,49.1,49.3608,7371741.47,229.28
2005-12-01,50.17,49.7686,7369639.28,229.22
2005-12-02,50.32,50.042,7369639.28,229.22
2005-12-05,50.78,50.354,7369639.28,229.22
2005-12-06,50.89,50.214,7369639.28,229.22
2005-12-07,51.32,51.3239,7369639.28,229.22
2005-12-08,51.9,51.3532,7469218.93,232.32
2005-12-09,52.4,52.3286,7469218.93,232.32
2005-12-12,52.56,53.4224,7469218.93,232.32
2005-12-13,51.65,52.0276,7469218.93,232.32
2005-12-14,50.35,50.7323,7469218.93,232.32
2005-12-15,50.24,50.4081,7469218.93,232.32
2005-12-16,50.09,50.4823,7568789.46,235.41
2005-12-19,50.22,50.6549,7668356.79,238.51
2005-12-20,49.04,50.0319,7668356.79,238.51
2005-12-21,49.37,48.6869,7767921.03,241.61
2005-12-22,50.14,49.7818,7767921.03,241.61
2005-12-23,50.12,50.1398,7767921.03,241.61
2005-12-27,50.64,50.1382,7967037.85,247.8
2005-12-28,51.47,51.5711,8166154.13,253.99
2005-12-29,51.47,51.0726,8215932.52,255.54
2005-12-30,51.58,51.0721,8464821.69,263.28
2006-01-03,53.12,52.7628,8464821.69,263.28
2006-01-04,53.3,52.7124,8462451.04,263.21
2006-01-05,52.34,52.2389,9069706.96,282.1
2006-01-06,53.72,53.2837,9069706.96,282.1
2006-01-09,54.6,53.9042,9169253.01,285.19
2006-01-10,54.06,54.1027,9169253.01,285.19
2006-01-11,54.53,54.1917,9169253.01,285.19
2006-01-12,54.43,54.002,9169253.01,285.19
2006-01-13,54.43,54.5738,9169253.01,285.19
2006-01-17,55.26,55.0692,9199114.29,286.12
2006-01-18,54.51,54.2472,9199114.29,286.12
2006-01-19,55.59,55.2173,9298649.8,289.22
2006-01-20,55.2,56.4612,9298649.8,289.22
2006-01-23,55.77,55.19,9338462.22,290.46
2006-01-24,55.73,55.4631,9437992.32,293.55
2006-01-25,56.14,55.9105,10035167.64,312.13
2006-01-26,55.88,55.3873,10035167.64,312.13
2006-01-27,55.63,55.9093,10572613.71,328.84
2006-01-30,56.68,56.231,10731852.02,333.8
2006-01-31,56.7,56.6037,10731852.02,333.8
2006-02-01,56.7,56.5533,10728788.03,333.7
2006-02-02,56.98,56.9409,10927829.75,339.89
2006-02-03,56.5,56.6267,11027349.5,342.99
2006-02-06,56.72,56.6995,11027349.5,342.99
2006-02-07,54.6,55.5992,11027349.5,342.99
2006-02-08,54.83,54.6083,11027349.5,342.99
2006-02-09,56.18,55.7522,11027349.5,342.99
2006-02-10,54.79,55.4282,11027349.5,342.99
2006-02-13,53.72,54.66,11027349.5,342.99
2006-02-14,54.49,53.704,11027349.5,342.99
2006-02-15,53.76,53.783,11027349.5,342.99
2006-02-16,54.52,53.6082,11027349.5,342.99
2006-02-17,54.52,54.8965,11027349.5,342.99
2006-02-21,55.12,55.123,11027349.5,342.99
2006-02-22,55.34,55.0229,11027349.5,342.99
2006-02-23,54.64,54.8431,11027349.5,342.99
2006-02-24,55.64,55.1361,11027349.5,342.99
2006-02-27,55.22,55.0447,11027349.5,342.99
2006-02-28,56.07,55.3178,11027349.5,342.99
2006-03-01,56.1,56.1383,11033329.16,343.17
2006-03-02,56.74,56.0879,11033329.16,343.17
2006-03-03,56.28,56.2117,11033329.16,343.17
2006-03-06,55.23,56.2347,11282045.14,350.91
2006-03-07,54.95,55.0153,11282045.14,350.91
2006-03-08,53.97,54.194,11282045.14,350.91
2006-03-09,54.24,54.7256,11282045.14,350.91
2006-03-10,53.83,53.2228,11282724.52,350.93
2006-03-13,54.31,54.0667,11282724.52,350.93
2006-03-14,54.87,54.295,11282724.52,350.93
2006-03-15,55.12,55.3589,11282724.52,350.93
2006-03-16,55.34,54.9852,11282724.52,350.93
2006-03-17,55.12,54.9846,11282724.52,350.93
2006-03-20,55.17,55.2813,11282724.52,350.93
2006-03-21,54.83,54.4599,11282724.52,350.93
2006-03-22,54.75,54.7826,11282724.52,350.93
2006-03-23,54.7,54.3591,11282361.21,350.92
2006-03-24,55.71,55.3782,11182894.22,347.82
2006-03-27,56.39,56.1972,11182894.22,347.82
2006-03-28,56.06,56.4453,11182894.22,347.82
2006-03-29,57.07,56.196,11182894.22,347.82
2006-03-30,58.6,58.0857,11182894.22,347.82
2006-03-31,58.1,57.8861,11182894.22,347.82
2006-04-03,58.47,58.3816,11282351.86,350.92
2006-04-04,58.33,58.4805,11278868.61,350.81
2006-04-05,58.66,58.3307,11278868.61,350.81
2006-04-06,59.28,58.9268,11278868.61,350.81
2006-04-07,58.59,58.6526,11278868.61,350.81
2006-04-10,59.6,59.3966,11278868.61,350.81
2006-04-11,59.01,59.4457,11278868.61,350.81
2006-04-12,59.43,59.3953,11278868.61,350.81
2006-04-13,59.43,58.972,11428038.88,355.45
2006-04-17,61.09,58.9694,11428038.88,355.45
2006-04-18,61.85,61.132,11428038.88,355.45
2006-04-19,63.75,62.1259,11428038.88,355.45
2006-04-20,60.96,62.1501,11428038.88,355.45
2006-04-21,63.2,62.0002,11428038.88,355.45
2006-04-24,61.65,61.8987,11527474.6,358.54
2006-04-25,62.78,63.1164,11527474.6,358.54
2006-04-26,63.65,63.1903,11527474.6,358.54
2006-04-27,62.96,63.4383,11527474.6,358.54
2006-04-28,65.09,64.0344,11527474.6,358.54
2006-05-01,65.16,64.0323,11527474.6,358.54
2006-05-02,66.55,65.7224,11527474.6,358.54
2006-05-03,66.46,66.9748,11524191.0,358.44
2006-05-04,67.48,66.9642,11474477.45,356.89
2006-05-05,67.99,67.4109,11375051.4,353.8
2006-05-08,67.56,67.1601,11375051.4,353.8
2006-05-09,69.68,68.7254,11375051.4,353.8
2006-05-10,70.38,69.5847,11375051.4,353.8
2006-05-11,71.03,71.1351,11375051.4,353.8
2006-05-12,71.12,72.0789,11375051.4,353.8
2006-05-15,67.41,68.3478,11235870.35,349.47
2006-05-16,68.61,68.7945,11235870.35,349.47
2006-05-17,68.15,69.5395,11136457.18,346.38
2006-05-18,67.46,68.9422,11076810.03,344.52
2006-05-19,65.58,64.7653,10977400.55,341.43
2006-05-22,65.3,64.8626,10977400.55,341.43
2006-05-23,66.38,66.2788,10977400.55,341.43
2006-05-24,64.06,64.4634,11037042.88,343.29
2006-05-25,64.7,63.8661,11037042.88,343.29
2006-05-26,64.7,63.8406,11037042.88,343.29
2006-05-30,65.11,65.6524,11066862.29,344.22
2006-05-31,64.23,64.9059,11166258.82,347.31
2006-06-01,62.56,62.1211,11305410.18,351.63
2006-06-02,63.5,62.8413,11301455.03,351.51
2006-06-05,63.29,63.7885,11430662.03,355.53
2006-06-06,62.55,62.3167,11430662.03,355.53
2006-06-07,62.28,61.3966,11430662.03,355.53
2006-06-08,60.91,61.0232,11430662.03,355.53
2006-06-09,60.45,61.2214,11430662.03,355.53
2006-06-12,60.03,60.5435,11430662.03,355.53
2006-06-13,55.92,58.2865,11430662.03,355.53
2006-06-14,55.62,56.4222,11530040.62,358.62
2006-06-15,57.32,56.5955,11629418.17,361.71
2006-06-16,57.68,57.0422,11629418.17,361.71
2006-06-19,56.36,56.7421,11698979.43,363.88
2006-06-20,57.3,56.3439,11758602.62,365.73
2006-06-21,58.33,57.0987,11758602.62,365.73
2006-06-22,57.73,58.0821,11758602.62,365.73
2006-06-23,57.99,57.5944,11758602.62,365.73
2006-06-26,58.28,57.9802,11758602.62,365.73
2006-06-27,57.68,58.5014,11758602.62,365.73
2006-06-28,57.54,57.9043,11758602.62,365.73
2006-06-29,59.52,58.5498,11758602.62,365.73
2006-06-30,61.23,60.9595,11957329.04,371.91
2006-07-03,62.18,61.8967,11957329.04,371.91
2006-07-05,62.5,61.9003,12056689.72,375.0
2006-07-06,63.02,62.1979,12092813.17,376.13
2006-07-07,62.63,62.7437,12092813.17,376.13
2006-07-10,62.02,62.1951,12331267.62,383.54
2006-07-11,63.81,62.6664,12361073.28,384.47
2006-07-12,64.92,64.5785,12361073.28,384.47
2006-07-13,65.55,64.5281,12460423.7,387.56
2006-07-14,65.85,65.8937,12460423.7,387.56
2006-07-17,63.95,64.8233,12460423.7,387.56
2006-07-18,62.9,64.0774,12460423.7,387.56
2006-07-19,64.08,63.7388,12460423.7,387.56
2006-07-20,62.55,63.8276,12460423.7,387.56
2006-07-21,61.71,62.9823,12460423.7,387.56
2006-07-24,61.14,60.1682,12460423.7,387.56
2006-07-25,61.55,61.4642,12460423.7,387.56
2006-07-26,62.0,61.0214,12460423.7,387.56
2006-07-27,62.9,63.475,12371022.27,384.78
2006-07-28,63.11,63.2855,12371022.27,384.78
2006-07-31,63.16,62.8264,12371022.27,384.78
2006-08-01,64.32,63.2977,12371022.27,384.78
2006-08-02,64.75,65.0011,12371022.27,384.78
2006-08-03,64.12,64.0067,12466344.84,387.74
2006-08-04,64.28,64.7858,12466344.84,387.74
2006-08-07,64.5,64.5353,12466344.84,387.74
2006-08-08,63.97,64.1621,12466344.84,387.74
2006-08-09,64.63,64.4594,12466344.84,387.74
2006-08-10,63.25,64.0365,12466344.84,387.74
2006-08-11,62.73,64.011,12506072.82,388.98
2006-08-14,62.25,62.0322,12506072.82,388.98
2006-08-15,62.01,62.1209,12506072.82,388.98
2006-08-16,62.49,62.5424,12506072.82,388.98
2006-08-17,61.04,62.1195,12506072.82,388.98
2006-08-18,61.05,60.9666,12506072.82,388.98
2006-08-21,62.44,62.0672,12506072.82,388.98
2006-08-22,62.05,61.843,12506072.82,388.98
2006-08-23,61.8,62.3738,12555725.55,390.52
2006-08-24,61.75,61.941,12555725.55,390.52
2006-08-25,61.77,61.692,12555725.55,390.52
2006-08-28,61.0,61.6899,12555725.55,390.52
2006-08-29,60.94,60.9095,12555725.55,390.52
2006-08-30,61.42,61.3409,12605374.23,392.07
2006-08-31,62.29,61.9114,12605374.23,392.07
2006-09-01,62.14,61.6674,12605374.23,392.07
2006-09-05,63.36,63.3235,12605374.23,392.07
2006-09-06,62.86,63.0894,12605374.23,392.07
2006-09-07,61.25,61.7085,12601187.39,391.94
2006-09-08,60.64,60.5659,12601187.39,391.94
2006-09-11,58.5,58.3793,12601187.39,391.94
2006-09-12,58.5,58.6468,12561473.98,390.7
2006-09-13,58.62,58.4773,12660756.37,393.79
2006-09-14,57.19,58.0199,12660756.37,393.79
2006-09-15,57.4,56.9468,12660756.37,393.79
2006-09-18,58.23,57.6301,12660756.37,393.79
2006-09-19,56.92,57.9274,12561480.61,390.7
2006-09-20,57.26,57.604,12501915.89,388.85
2006-09-21,57.95,57.4545,12501915.89,388.85
2006-09-22,58.5,58.4717,12422497.68,386.38
2006-09-25,58.5,58.0477,12422497.68,386.38
2006-09-26,58.74,58.6677,12422497.68,386.38
2006-09-27,59.81,58.9401,12422497.68,386.38
2006-09-28,59.79,59.858,12422497.68,386.38
2006-09-29,59.47,59.485,12422497.68,386.38
2006-10-02,59.15,59.6171,12422497.68,386.38
2006-10-03,57.11,57.7943,12422497.68,386.38
2006-10-04,56.37,56.9347,12517589.11,389.34
2006-10-05,56.92,56.9043,12517589.11,389.34
2006-10-06,56.99,55.6579,12517589.11,389.34
2006-10-09,57.2,57.0954,12517589.11,389.34
2006-10-10,57.0,56.7126,12517589.11,389.34
2006-10-11,56.88,56.98,12547364.41,390.26
2006-10-12,57.49,56.8702,12547364.41,390.26
2006-10-13,58.57,58.1699,12547364.41,390.26
2006-10-16,59.17,59.0614,12547364.41,390.26
2006-10-17,58.65,58.5545,12547364.41,390.26
2006-10-18,58.59,58.9509,12547364.41,390.26
2006-10-19,59.41,59.2729,12547364.41,390.26
2006-10-20,58.78,59.2077,12547364.41,390.26
2006-10-23,57.76,57.831,12547364.41,390.26
2006-10-24,58.17,57.1206,12497746.11,388.72
2006-10-25,58.76,57.6312,12497746.11,388.72
2006-10-26,59.29,59.1692,12497746.11,388.72
2006-10-27,59.4,59.1685,12497746.11,388.72
2006-10-30,59.9,60.3826,12497746.11,388.72
2006-10-31,60.24,59.9104,12497746.11,388.72
2006-11-01,61.36,60.9372,12755744.16,396.74
2006-11-02,61.92,61.5966,12854973.49,399.83
2006-11-03,62.3,61.7945,12954201.85,402.92
2006-11-06,61.89,62.125,12989976.43,404.03
2006-11-07,62.04,62.0896,12989976.43,404.03
2006-11-08,61.11,61.8358,13168577.97,409.59
2006-11-09,62.95,62.0386,13168577.97,409.59
2006-11-10,62.49,62.4398,13168577.97,409.59
2006-11-13,62.19,61.8622,13168577.97,409.59
2006-11-14,61.63,62.2088,13267794.6,412.67
2006-11-15,61.84,61.2902,13367009.86,415.76
2006-11-16,61.31,61.9842,13367009.86,415.76
2006-11-17,61.78,61.5618,13367009.86,415.76
2006-11-20,61.78,62.0559,13367009.86,415.76
2006-11-21,62.23,61.956,13367009.86,415.76
2006-11-22,62.5,62.6797,13466218.05,418.84
2006-11-24,63.5,63.4425,13615027.58,423.47
2006-11-27,63.7,63.366,13674549.41,425.32
2006-11-28,63.57,63.1916,13674549.41,425.32
2006-11-29,63.16,63.2405,14001912.44,435.5
2006-11-30,64.39,64.1528,14200312.84,441.68
2006-12-01,64.12,64.3555,14200312.84,441.68
2006-12-04,64.12,64.0805,14200312.84,441.68
2006-12-05,63.81,64.0699,14200312.84,441.68
2006-12-06,62.69,63.0868,14200312.84,441.68
2006-12-07,62.73,62.2674,14195232.96,441.52
2006-12-08,62.05,63.2241,14195232.96,441.52
2006-12-11,62.57,62.1655,14195232.96,441.52
2006-12-12,62.52,62.2889,14344012.08,446.15
2006-12-13,62.48,61.8914,14433278.5,448.92
2006-12-14,62.12,62.228,14433278.5,448.92
2006-12-15,61.0,61.8652,14433278.5,448.92
2006-12-18,61.04,60.896,14433278.5,448.92
2006-12-19,61.8,61.5401,14433278.5,448.92
2006-12-20,61.62,61.4155,14532456.81,452.01
2006-12-21,61.38,61.5388,14532456.81,452.01
2006-12-22,61.65,61.4637,14532456.81,452.01
2006-12-26,61.98,61.461,14532456.81,452.01
2006-12-27,62.22,62.3283,14532456.81,452.01
2006-12-28,62.9,62.6748,14572124.43,453.24
2006-12-29,63.21,63.0412,14572124.43,453.24
2007-01-03,62.28,63.7222,14572124.43,453.24
2007-01-04,61.65,62.3426,14572124.43,453.24
2007-01-05,60.17,60.4374,14572124.43,453.24
2007-01-08,60.48,60.4354,14566908.36,453.08
2007-01-09,60.85,60.4446,14566908.36,453.08
2007-01-10,60.59,60.325,14566908.36,453.08
2007-01-11,60.63,60.6813,14566908.36,453.08
2007-01-12,62.17,61.4491,14428096.26,448.76
2007-01-16,61.97,62.1703,14428096.26,448.76
2007-01-17,62.64,62.0259,14527242.44,451.84
2007-01-18,62.26,62.9573,14527242.46,451.84
2007-01-19,63.0,62.3616,14527242.46,451.84
2007-01-22,62.72,63.3512,14527242.46,451.84
2007-01-23,64.23,63.6976,14477672.37,450.3
2007-01-24,64.33,63.6572,14477672.37,450.3
2007-01-25,64.06,64.6134,14477672.37,450.3
2007-01-26,64.1,63.9929,14477672.37,450.3
2007-01-29,63.77,63.9165,14477672.37,450.3
2007-01-30,64.22,63.9604,14477672.37,450.3
2007-01-31,64.83,64.4852,14477672.37,450.3
2007-02-01,65.22,65.4464,14596630.4,454.0
2007-02-02,64.28,64.0078,14745324.47,458.63
2007-02-05,64.31,64.3726,14745324.47,458.63
2007-02-06,64.79,64.7537,14745324.47,458.63
2007-02-07,64.63,64.8026,14844448.85,461.71
2007-02-08,65.52,65.025,14844448.85,461.71
2007-02-09,66.12,65.8671,14840144.92,461.58
2007-02-12,65.67,65.8699,14988824.26,466.2
2007-02-13,65.84,66.1914,15038383.53,467.74
2007-02-14,66.37,66.2352,15038383.53,467.74
2007-02-15,66.41,65.8876,15296085.91,475.76
2007-02-16,66.36,65.9215,15296085.91,475.76
2007-02-20,65.31,65.7997,15296085.91,475.76
2007-02-21,67.28,65.5363,15424928.47,479.77
2007-02-22,67.2,67.0572,15623146.63,485.93
2007-02-23,67.72,67.6909,15672700.73,487.47
2007-02-26,68.1,67.9613,15672700.73,487.47
2007-02-27,65.41,67.0138,15672700.73,487.47
2007-02-28,66.48,65.8235,15474496.75,481.31
2007-03-01,65.82,66.4374,15474496.75,481.31
2007-03-02,63.71,64.6028,15474496.75,481.31
2007-03-05,62.93,63.0988,15474496.75,481.31
2007-03-06,64.15,63.7921,15469741.55,481.16
2007-03-07,64.34,64.054,15469741.55,481.16
2007-03-08,64.48,64.8312,15667926.37,487.32
2007-03-09,64.25,64.6323,15529198.55,483.01
2007-03-12,64.37,64.1842,15529198.55,483.01
2007-03-13,63.72,64.4858,15529198.55,483.01
2007-03-14,63.94,63.7369,15331027.21,476.84
2007-03-15,63.95,64.2564,15331027.21,476.84
2007-03-16,64.62,64.7215,15331027.21,476.84
2007-03-19,64.76,64.8978,15331027.21,476.84
2007-03-20,65.27,65.2935,15331027.21,476.84
2007-03-21,65.82,65.268,15331027.21,476.84
2007-03-22,65.78,65.6884,15410289.26,479.31
2007-03-23,65.15,65.0188,15410289.26,479.31
2007-03-26,65.84,65.6856,15410289.26,479.31
2007-03-27,65.7,65.7839,15410289.26,479.31
2007-03-28,66.05,66.0558,15410289.26,479.31
2007-03-29,65.65,65.4852,15558894.11,483.93
2007-03-30,65.74,65.5588,15558894.11,483.93
2007-04-02,65.84,65.2098,15558894.11,483.93
2007-04-03,65.83,65.8037,15598519.96,485.16
2007-04-04,66.81,66.5958,15702424.81,488.4
2007-04-05,66.86,66.7189,15900550.65,494.56
2007-04-09,66.53,66.716,15900550.65,494.56
2007-04-10,67.16,67.1016,15900550.65,494.56
2007-04-11,67.1,67.1801,15900550.65,494.56
2007-04-12,66.98,67.0853,15900550.65,494.56
2007-04-13,67.85,67.5303,15900550.65,494.56
2007-04-16,68.4,67.9987,15900550.65,494.56
2007-04-17,68.0,68.1465,16098651.03,500.72
2007-04-18,68.38,68.2201,16098651.03,500.72
2007-04-19,67.53,67.5407,16098651.03,500.72
2007-04-20,68.7,68.4811,15910461.65,494.87
2007-04-23,68.26,68.2114,15910461.65,494.87
2007-04-24,67.73,68.1809,15860940.36,493.33
2007-04-25,67.89,67.7443,15860940.36,493.33
2007-04-26,66.87,66.6538,15860940.36,493.33
2007-04-27,67.56,67.0989,15860940.36,493.33
2007-04-30,67.09,67.0471,15860940.36,493.33
2007-05-01,66.69,66.7096,15860940.36,493.33
2007-05-02,66.66,66.3026,15623260.96,485.93
2007-05-03,67.49,66.7675,15623260.96,485.93
2007-05-04,68.19,68.2132,15618263.31,485.78
2007-05-07,68.25,68.211,15618263.31,485.78
2007-05-08,67.88,67.7596,15618263.31,485.78
2007-05-09,67.45,67.6351,15618263.31,485.78
2007-05-10,66.0,66.6935,15440017.95,480.23
2007-05-11,66.45,66.2471,15440017.95,480.23
2007-05-14,66.28,66.3637,15529139.57,483.01
2007-05-15,66.54,67.6351,15618263.31,485.78
2007-05-16,65.6,66.1197,15360808.01,477.77
2007-05-17,65.06,65.0295,15083559.96,469.15
2007-05-18,65.52,65.0536,15083559.96,469.15
2007-05-21,65.67,65.1505,15083559.96,469.15
2007-05-22,65.22,65.5459,15083559.96,469.15
2007-05-23,65.54,65.5501,15083559.96,469.15
2007-05-24,64.75,65.2474,15182569.6,472.23
2007-05-25,64.94,64.8802,15182569.6,472.23
2007-05-29,65.07,67.5407,15182569.6,472.23
2007-05-30,64.72,64.6142,14905361.7,463.6
2007-05-31,65.54,65.2523,15053864.84,468.22
2007-06-01,66.44,65.9844,15360769.21,477.77
2007-06-04,66.54,66.4378,15360769.21,477.77
2007-06-05,66.37,66.4767,15360769.21,477.77
2007-06-06,66.41,66.2977,15360769.21,477.77
2007-06-07,65.26,66.2029,15355634.11,477.61
2007-06-08,64.22,64.8656,15108149.79,469.91
2007-06-11,64.7,64.3734,15108149.74,469.91
2007-06-12,64.1,64.0708,15207139.0,472.99
2007-06-13,64.53,64.1097,15207139.0,472.99
2007-06-14,64.6,64.6634,15207139.0,472.99
2007-06-15,64.85,64.6478,15207139.0,472.99
2007-06-18,64.98,64.9328,15256630.48,474.53
2007-06-19,65.48,64.9618,15256630.48,474.53
2007-06-20,64.71,65.0997,15256630.48,474.53
2007-06-21,64.56,64.3862,15256630.48,474.53
2007-06-22,64.78,64.6181,15256630.48,474.53
2007-06-25,64.43,64.4081,15256630.48,474.53
2007-06-26,63.62,64.0361,14900324.44,463.45
2007-06-27,63.67,63.5503,14900324.44,463.45
2007-06-28,64.26,64.0595,14930015.97,464.37
2007-06-29,64.27,64.3805,14930015.97,464.37
2007-07-02,64.27,64.7992,14930015.97,464.37
2007-07-03,64.74,64.749,14930015.97,464.37
2007-07-05,64.42,64.4258,14925042.21,464.22
2007-07-06,64.96,64.2024,15221931.9,473.45
2007-07-09,65.38,65.4374,15469332.35,481.15
2007-07-10,65.61,65.4812,15469332.35,481.15
2007-07-11,65.44,65.6092,15469332.35,481.15
2007-07-12,66.02,66.0291,15588080.81,484.84
2007-07-13,66.03,65.9541,15588080.81,484.84
2007-07-16,65.82,65.9025,15687033.5,487.92
2007-07-17,65.75,65.9513,15687033.5,487.92
2007-07-18,66.62,65.9753,15736508.77,489.46
2007-07-19,67.01,66.7416,15983883.02,497.15
2007-07-20,67.58,67.4435,15983883.02,497.15
2007-07-23,67.47,67.4809,15983883.02,497.15
2007-07-24,67.47,67.7078,15983883.02,497.15
2007-07-25,66.9,66.7619,15983883.02,497.15
2007-07-26,65.65,66.291,15964094.65,496.53
2007-07-27,65.41,65.3501,15964094.65,496.53
2007-07-30,65.77,65.4469,15964094.65,496.53
2007-07-31,65.79,65.8421,15964094.65,496.53
2007-08-01,65.93,65.8661,16290580.78,506.69
2007-08-02,65.89,65.9149,16285132.92,506.52
2007-08-03,66.69,66.3346,16285132.92,506.52
2007-08-06,66.52,66.4314,16384062.75,509.6
2007-08-07,66.51,66.0844,16384062.75,509.6
2007-08-08,66.77,66.8257,16374169.98,509.29
2007-08-09,65.46,65.5487,16374169.98,509.29
2007-08-10,66.57,66.1317,16374169.98,509.29
2007-08-13,66.26,66.1542,16374169.98,509.29
2007-08-14,66.29,66.1139,16403846.32,510.21
2007-08-15,66.13,66.0044,16403846.32,510.21
2007-08-16,64.68,65.509,16304927.53,507.14
2007-08-17,65.01,65.0383,16304927.53,507.14
2007-08-20,65.12,65.234,16532430.62,514.21
2007-08-21,65.07,65.0354,16532430.62,514.21
2007-08-22,65.4,65.2326,16532430.62,514.21
2007-08-23,65.31,65.3556,16532430.62,514.21
2007-08-24,66.11,65.3647,16571994.66,515.44
2007-08-27,65.98,65.3626,16571994.66,515.44
2007-08-28,65.59,65.8714,16571994.66,515.44
2007-08-29,66.07,65.6975,16571994.66,515.44
2007-08-30,65.78,65.87,16571994.66,515.44
2007-08-31,66.52,66.4629,16571994.66,515.44
2007-09-04,67.44,67.1278,16571994.66,515.44
2007-09-05,67.56,67.2754,16987366.64,528.36
2007-09-06,68.86,68.0563,17436962.0,542.35
2007-09-07,69.39,69.3264,17664423.95,549.42
2007-09-10,69.62,69.5714,17961103.82,558.65
2007-09-11,70.52,69.635,18228112.81,566.95
2007-09-12,70.46,69.8172,18228112.81,566.95
2007-09-13,70.08,69.668,18228112.81,566.95
2007-09-14,69.99,70.8393,18228112.81,566.95
2007-09-17,70.97,71.0991,18257778.62,567.88
2007-09-18,71.7,70.6779,18504990.69,575.57
2007-09-19,71.48,71.7057,18554432.7,577.1
2007-09-20,72.72,72.6297,18554432.7,577.1
2007-09-21,72.34,72.8762,18554432.7,577.1
2007-09-24,72.28,72.1815,18584096.31,578.03
2007-09-25,72.33,72.0323,18584096.31,578.03
2007-09-26,72.0,72.6497,18584096.31,578.03
2007-09-27,72.7,72.3522,18584096.31,578.03
2007-09-28,73.51,73.464,18584096.31,578.03
2007-10-01,73.93,73.4122,18584096.31,578.03
2007-10-02,72.35,72.274,18584096.31,578.03
2007-10-03,71.9,72.199,18578347.19,577.85
2007-10-04,72.87,71.7286,18578347.19,577.85
2007-10-05,73.4,72.9142,18578347.19,577.85
2007-10-08,72.53,72.5411,18578347.19,577.85
2007-10-09,73.09,72.7627,18825503.24,585.53
2007-10-10,73.36,73.281,18825503.24,585.53
2007-10-11,73.91,74.0465,19023224.16,591.68
2007-10-12,74.59,74.0951,19072653.86,593.22
2007-10-15,75.14,75.0171,19072653.86,593.22
2007-10-16,75.05,74.8087,19112195.94,594.45
2007-10-17,74.5,75.3764,19112195.94,594.45
2007-10-18,76.0,75.5387,19112195.94,594.45
2007-10-19,75.7,75.4242,19112195.94,594.45
2007-10-22,74.6,74.2599,19112195.94,594.45
2007-10-23,75.23,74.9512,19112195.94,594.45
2007-10-24,75.52,74.8762,19112195.94,594.45
2007-10-25,76.03,75.8641,19211041.73,597.53
2007-10-26,77.69,77.0152,19211041.73,597.53
2007-10-29,78.12,77.9371,19211041.73,597.53
2007-10-30,77.35,77.4172,19211041.73,597.53
2007-10-31,78.62,78.0343,19211041.73,597.53
2007-11-01,77.93,78.1076,19211041.73,597.53
2007-11-02,79.83,78.7247,19211041.73,597.53
2007-11-05,79.75,79.5378,19211041.73,597.53
2007-11-06,81.43,81.2919,19205266.36,597.35
2007-11-07,82.24,82.4771,19205266.36,597.35
2007-11-08,82.23,83.1285,19274449.54,599.5
2007-11-09,82.18,82.1787,19274449.54,599.5
2007-11-13,79.12,79.4817,18928554.59,588.74
2007-11-14,80.28,80.3951,18928554.59,588.74
2007-11-15,77.95,78.4668,18928554.59,588.74
2007-11-16,77.75,78.0459,18928554.59,588.74
2007-11-19,77.24,76.9659,18928554.59,588.74
2007-11-20,79.47,78.6108,18928554.59,588.74
2007-11-21,79.36,78.8571,18928554.59,588.74
2007-11-23,81.25,80.5604,18928554.59,588.74
2007-11-26,81.3,82.0156,19007605.81,591.2
2007-11-27,80.1,80.112,19590598.09,609.33
2007-11-28,79.57,79.2216,19590598.09,609.33
2007-11-29,78.28,78.5041,19590598.09,609.33
2007-11-30,77.32,77.416,19343578.31,601.65
2007-12-03,78.28,77.4876,19343578.31,601.65
2007-12-04,79.24,78.7964,19337313.49,601.45
2007-12-05,78.63,78.3509,19337313.49,601.45
2007-12-06,79.37,79.1899,19366954.13,602.37
2007-12-07,78.6,78.2997,19366954.13,602.37
2007-12-10,80.0,79.9769,19762145.93,614.67
2007-12-11,78.84,79.902,19762145.93,614.67
2007-12-12,80.49,80.4198,19801664.27,615.9
2007-12-13,78.83,79.1048,19801664.27,615.9
2007-12-14,78.5,77.9972,19801664.27,615.9
2007-12-17,78.5,78.1182,19851059.27,617.43
2007-12-18,78.02,79.4513,19851059.27,617.43
2007-12-19,79.28,79.0058,19851059.27,617.43
2007-12-20,78.7,78.5602,19851059.27,617.43
2007-12-21,80.09,80.0662,19851059.27,617.43
2007-12-24,80.17,80.0389,19851059.27,617.43
2007-12-26,81.52,80.0371,20186913.99,627.88
2007-12-27,81.5,81.8889,20186913.99,627.88
2007-12-28,82.94,82.3574,20186913.99,627.88
2007-12-31,82.46,82.6264,20186913.99,627.88
2008-01-02,84.81,83.6374,20186913.99,627.88
2008-01-03,85.51,84.8321,20186913.99,627.88
2008-01-04,85.08,84.4507,20246177.65,629.72
2008-01-07,84.75,84.8679,20555672.94,639.35
2008-01-08,86.78,86.2745,20555672.94,639.35
2008-01-09,86.52,86.6193,20555672.94,639.35
2008-01-10,88.2,87.3345,20634686.31,641.81
2008-01-11,88.56,88.0003,20634686.31,641.81
2008-01-14,89.54,89.0839,20980355.55,652.56
2008-01-15,88.03,90.1695,20980355.55,652.56
2008-01-16,86.68,87.8719,20289033.87,631.05
2008-01-17,86.54,87.7228,20249530.22,629.83
2008-01-18,87.42,87.1045,20022387.02,622.76
2008-01-22,88.1,86.4092,20022387.02,622.76
2008-01-23,87.77,87.7171,20269268.77,630.44
2008-01-24,90.08,89.7904,20279143.99,630.75
2008-01-25,90.3,90.6784,20279143.99,630.75
2008-01-28,91.8,91.0212,20279143.99,630.75
2008-01-29,91.12,91.2918,20279143.99,630.75
2008-01-30,92.0,90.7476,20279143.99,630.75
2008-01-31,91.42,91.1664,20318642.01,631.98
2008-02-01,89.9,90.3258,20298893.28,631.36
2008-02-04,88.47,88.2485,20292099.86,631.15
2008-02-05,88.32,87.6304,20292099.86,631.15
2008-02-06,89.47,89.1599,20292099.86,631.15
2008-02-07,89.65,88.838,20292099.86,631.15
2008-02-08,90.43,90.4663,20292099.86,631.15
2008-02-11,91.12,90.6362,20292099.86,631.15
2008-02-12,89.3,90.5364,20292099.86,631.15
2008-02-13,89.41,88.758,20292099.86,631.15
2008-02-14,89.69,89.4483,20292099.86,631.15
2008-02-15,89.15,90.0891,20292099.86,631.15
2008-02-19,91.58,91.2207,20292099.86,631.15
2008-02-20,93.23,90.8248,20292099.86,631.15
2008-02-21,93.24,93.2924,20292099.86,631.15
2008-02-22,93.29,93.0939,20292099.86,631.15
2008-02-25,92.11,92.5724,20558637.3,639.44
2008-02-26,92.15,92.4973,20558637.3,639.44
2008-02-27,93.95,94.718,20558637.3,639.44
2008-02-28,95.98,94.7417,20558637.3,639.44
2008-02-29,96.16,95.9009,20558637.3,639.44
2008-03-03,97.22,97.5764,20825158.51,647.73
2008-03-04,95.17,97.205,20825158.51,647.73
2008-03-05,97.7,96.1918,20825158.51,647.73
2008-03-06,96.47,96.3883,20819829.29,647.56
2008-03-07,96.09,95.9923,20819829.29,647.56
2008-03-10,95.87,95.6684,21056717.67,654.93
2008-03-11,95.98,95.7413,20977755.73,652.48
2008-03-12,96.95,96.2832,20977755.73,652.48
2008-03-13,98.29,98.2072,20977755.73,652.48
2008-03-14,98.7,99.0452,21007365.66,653.4
2008-03-17,99.22,99.807,21342934.37,663.83
2008-03-18,96.44,99.3617,21342934.37,663.83
2008-03-19,93.15,94.5975,20859337.4,648.79
2008-03-20,89.82,91.3634,20484310.61,637.13
2008-03-24,90.11,91.3594,20385623.67,634.06
2008-03-25,92.74,91.4572,20385623.67,634.06
2008-03-26,93.79,93.4305,20385623.67,634.06
2008-03-27,93.42,93.4295,20642203.21,642.04
2008-03-28,91.76,92.1945,20642203.21,642.04
2008-03-31,90.39,92.1174,20642203.21,642.04
2008-04-01,86.83,87.6001,20642203.21,642.04
2008-04-02,89.32,87.8212,20642203.21,642.04
2008-04-03,89.35,88.4619,20642203.21,642.04
2008-04-04,90.23,89.3494,20642203.21,642.04
2008-04-07,91.15,91.4196,20642203.21,642.04
2008-04-08,90.33,90.2833,20642203.21,642.04
2008-04-09,92.29,90.4797,20635087.48,641.82
2008-04-10,91.77,91.5642,20635087.48,641.82
2008-04-11,91.32,91.5385,20635087.48,641.82
2008-04-14,91.1,91.4122,20635087.48,641.82
2008-04-15,91.64,91.7319,20635087.48,641.82
2008-04-16,93.26,93.2358,20635087.48,641.82
2008-04-17,92.58,93.3335,20635087.48,641.82
2008-04-18,90.56,89.6565,20635087.48,641.82
2008-04-21,90.28,90.6157,20635087.48,641.82
2008-04-22,90.25,90.5654,20043157.0,623.41
2008-04-23,89.17,88.64,19668274.35,611.75
2008-04-24,87.23,88.343,19007305.08,591.19
2008-04-25,87.24,87.9473,19007305.08,591.19
2008-04-28,87.88,87.8457,19007305.08,591.19
2008-04-29,85.82,86.8085,18662043.94,580.45
2008-04-30,86.79,85.9194,18662043.94,580.45
2008-05-01,83.97,84.1421,18662043.94,580.45
2008-05-02,84.63,84.1905,18662043.94,580.45
2008-05-05,86.24,84.1877,18662043.94,580.45
2008-05-06,86.57,86.802,18790274.18,584.44
2008-05-07,85.82,85.6415,18987547.96,590.57
2008-05-08,87.16,86.5041,18981086.77,590.37
2008-05-09,87.42,86.4045,18981086.77,590.37
2008-05-12,86.99,87.1415,18981086.77,590.37
2008-05-13,85.41,85.3155,18981086.77,590.37
2008-05-14,85.2,85.4625,18773964.69,583.93
2008-05-15,87.0,86.9167,18773964.69,583.93
2008-05-16,89.17,88.4696,18773964.69,583.93
2008-05-19,89.39,89.4039,18773964.69,583.93
2008-05-20,90.9,90.1921,18773964.69,583.93
2008-05-21,91.96,91.0297,18773964.69,583.93
2008-05-22,90.92,91.004,19020521.22,591.6
2008-05-23,91.23,91.4716,19020521.22,591.6
2008-05-27,89.36,89.4206,19020521.22,591.6
2008-05-28,89.14,89.0003,19020521.22,591.6
2008-05-29,86.51,87.0756,19217747.92,597.73
2008-05-30,87.38,87.3459,19217747.92,597.73
2008-06-02,87.93,87.5897,19217747.92,597.73
2008-06-03,86.88,86.7009,19217747.92,597.73
2008-06-04,86.64,87.1192,19217747.92,597.73
2008-06-05,86.43,86.6496,19217747.92,597.73
2008-06-06,89.01,87.8078,19211763.9,597.55
2008-06-09,87.93,88.372,19211763.9,597.55
2008-06-10,85.54,86.5712,19211763.9,597.55
2008-06-11,87.02,86.3977,19211763.9,597.55
2008-06-12,85.55,85.016,19458258.6,605.21
2008-06-13,85.83,85.3849,19458258.6,605.21
2008-06-16,87.0,87.5764,19458258.6,605.21
2008-06-17,87.25,86.9098,19852630.88,617.48
2008-06-18,88.28,87.5006,19655446.5,611.35
2008-06-19,88.42,89.0282,19754038.13,614.41
2008-06-20,88.95,89.4711,19803333.48,615.95
2008-06-23,87.09,86.8547,20197679.24,628.21
2008-06-24,87.47,87.692,20197679.24,628.21
2008-06-25,87.42,87.0253,20197679.24,628.21
2008-06-26,90.61,89.6625,20197679.24,628.21
2008-06-27,91.4,90.6477,20710314.37,644.16
2008-06-30,91.4,91.7049,20710314.37,644.16
2008-07-01,92.7,92.4189,20710314.37,644.16
2008-07-02,93.18,92.196,21173635.39,658.57
2008-07-03,91.94,92.0717,21167477.36,658.38
2008-07-07,91.23,90.367,21187191.99,658.99
2008-07-08,90.86,90.785,21187191.99,658.99
2008-07-09,91.45,91.4002,21187191.99,658.99
2008-07-10,93.54,92.6069,21216763.11,659.91
2008-07-11,95.16,94.8981,22695310.41,705.9
2008-07-14,95.91,95.4126,22567173.7,701.91
2008-07-15,96.18,97.1861,22567173.7,701.91
2008-07-16,94.44,96.347,22567173.7,701.91
2008-07-17,94.22,95.1629,22586886.38,702.53
2008-07-18,94.17,94.595,22586886.38,702.53
2008-07-21,95.12,94.6658,22685445.29,705.59
2008-07-22,93.06,94.7634,22192655.99,690.26
2008-07-23,90.57,91.3117,21650600.41,673.4
2008-07-24,91.33,91.4586,21650600.41,673.4
2008-07-25,91.69,90.7182,21650600.41,673.4
2008-07-28,91.73,91.011,21650600.41,673.4
2008-07-29,90.59,90.3445,21650600.41,673.4
2008-07-30,89.52,88.4456,21650600.41,673.4
2008-07-31,90.05,90.4658,21650600.41,673.4
2008-08-01,89.57,89.9225,21670309.45,674.02
2008-08-04,88.14,89.2541,21690017.78,674.63
2008-08-05,86.08,86.9116,21197321.63,659.31
2008-08-06,86.64,86.6642,21197321.63,659.31
2008-08-07,86.09,85.8745,21197321.63,659.31
2008-08-08,84.43,84.0003,21188547.02,659.03
2008-08-11,81.18,83.9976,21188547.02,659.03
2008-08-12,80.52,80.572,21188547.02,659.03
2008-08-13,81.58,80.645,21188547.02,659.03
2008-08-14,79.36,80.5949,21188547.02,659.03
2008-08-15,77.63,77.4897,21188547.02,659.03
2008-08-18,78.8,78.448,21188547.02,659.03
2008-08-19,80.46,77.708,20942245.9,651.37
2008-08-20,80.06,80.368,20942245.9,651.37
2008-08-21,82.33,82.1164,20942245.9,651.37
2008-08-22,81.08,81.1793,20942245.9,651.37
2008-08-25,80.93,81.1766,20942245.9,651.37
2008-08-26,81.23,81.4714,20942245.9,651.37
2008-08-27,81.41,81.4705,20942245.9,651.37
2008-08-28,82.18,82.5783,20942245.9,651.37
2008-08-29,81.71,82.06,20942245.9,651.37
2008-09-02,79.2,78.6564,20942245.9,651.37
2008-09-03,78.89,79.1483,20646732.67,642.18
2008-09-04,78.42,79.3692,20646732.67,642.18
2008-09-05,78.98,79.6393,20646732.67,642.18
2008-09-08,78.86,79.5874,20638581.97,641.93
2008-09-09,76.47,77.0006,20293839.92,631.2
2008-09-10,74.18,76.4087,19752109.06,614.35
2008-09-11,73.13,72.9599,19752109.06,614.35
2008-09-12,75.55,73.895,19752109.06,614.35
2008-09-15,77.56,76.3307,19752109.06,614.35
2008-09-16,76.79,76.7732,19752109.06,614.35
2008-09-17,85.5,80.0726,20924142.68,650.81
2008-09-18,82.85,84.9973,21062029.32,655.1
2008-09-19,85.92,85.5874,21849945.56,679.6
2008-09-22,89.18,87.5548,22815116.69,709.62
2008-09-23,88.32,88.5389,23307546.84,724.94
2008-09-24,86.71,88.2424,23307546.84,724.94
2008-09-25,86.45,87.5027,23268153.41,723.71
2008-09-26,86.64,88.8316,23297698.28,724.63
2008-09-29,89.6,89.1242,24184016.12,752.2
2008-09-30,85.14,87.1038,24282494.12,755.26
2008-10-01,85.98,86.6595,24282494.12,755.26
2008-10-02,82.39,83.9004,24282494.12,755.26
2008-10-03,82.51,81.5353,23790131.42,739.95
2008-10-06,84.35,86.2117,23937838.58,744.54
2008-10-07,87.27,86.3339,23959644.9,745.22
2008-10-08,89.5,88.9672,24560309.22,763.9
2008-10-09,89.9,86.9967,24619390.2,765.74
2008-10-10,83.14,88.6699,24776938.02,770.64
2008-10-13,81.95,81.8721,24776938.02,770.64
2008-10-14,82.2,81.9697,24678475.94,767.58
2008-10-15,83.36,83.3967,24678475.94,767.58
2008-10-16,79.34,79.0136,24333868.46,756.86
2008-10-17,77.21,77.2401,24333868.46,756.86
2008-10-20,78.51,78.2716,24314177.5,756.25
2008-10-21,76.0,76.0058,24294486.88,755.64
2008-10-22,71.79,73.2476,24294486.88,755.64
2008-10-23,70.65,70.8833,24018829.46,747.06
2008-10-24,72.21,70.144,24018829.46,747.06
2008-10-27,72.17,71.9143,24087741.15,749.21
2008-10-28,73.78,71.9135,24087741.15,749.21
2008-10-29,74.0,75.2117,24087741.15,749.21
2008-10-30,72.71,74.3492,24087741.15,749.21
2008-10-31,71.34,71.9357,24087741.15,749.21
2008-11-03,71.13,71.8102,24087741.15,749.21
2008-11-04,75.45,72.9665,24087741.15,749.21
2008-11-05,72.8,74.1967,24087741.15,749.21
2008-11-06,72.22,74.2697,24087741.15,749.21
2008-11-07,72.5,72.3732,24087741.15,749.21
2008-11-10,73.56,74.1188,24087741.15,749.21
2008-11-11,72.0,72.2223,24087741.15,749.21
2008-11-12,70.0,71.3352,24079044.08,748.94
2008-11-13,72.16,70.227,24079044.08,748.94
2008-11-14,73.3,73.5732,24079044.08,748.94
2008-11-17,72.65,72.2419,24079044.08,748.94
2008-11-18,72.55,72.6348,24079044.08,748.94
2008-11-19,72.26,74.9966,24177464.86,752.0
2008-11-20,73.45,72.6332,24177464.86,752.0
2008-11-21,78.83,76.2255,24275883.88,755.06
2008-11-24,80.79,80.9482,24275883.88,755.06
2008-11-25,80.87,80.7504,24275883.88,755.06
2008-11-26,80.38,79.962,24374298.68,758.12
2008-11-28,80.7,80.1572,24374298.68,758.12
2008-12-01,75.65,76.5614,24374298.68,758.12
2008-12-02,76.95,76.7575,24374298.68,758.12
2008-12-03,76.18,75.403,24374298.68,758.12
2008-12-04,75.47,76.0913,24366840.07,757.89
2008-12-05,74.52,73.704,24366840.07,757.89
2008-12-08,76.23,75.4976,24366840.07,757.89
2008-12-09,76.39,75.546,24366840.07,757.89
2008-12-10,79.78,78.9403,24366840.07,757.89
2008-12-11,80.63,81.4489,24504597.25,762.17
2008-12-12,80.79,81.325,24504597.25,762.17
2008-12-15,82.53,81.2732,24602990.89,765.23
2008-12-16,84.51,82.4778,24730901.57,769.21
2008-12-17,85.47,85.6014,24927686.47,775.33
2008-12-18,83.89,84.1489,24927686.47,775.33
2008-12-19,82.58,82.229,24927686.47,775.33
2008-12-22,83.47,83.5302,24927686.47,775.33
2008-12-23,82.62,82.9881,24927686.47,775.33
2008-12-24,83.39,82.3229,24927686.47,775.33
2008-12-26,85.6,82.3211,24927686.47,775.33
2008-12-29,86.38,86.5992,25085094.92,780.23
2008-12-30,85.93,85.565,25085094.92,780.23
2008-12-31,86.52,85.0966,25085094.92,780.23
2009-01-02,86.23,86.0296,25085094.92,780.23
2009-01-05,84.46,83.9602,25085094.92,780.23
2009-01-06,85.12,83.4426,25331020.67,787.88
2009-01-07,82.75,83.4663,25331020.67,787.88
2009-01-08,84.45,84.1789,25322280.92,787.6
2009-01-09,83.94,83.3417,25322280.92,787.6
2009-01-12,80.75,81.3469,25322280.92,787.6
2009-01-13,80.88,81.2968,25322280.92,787.6
2009-01-14,79.79,80.804,25420642.49,790.66
2009-01-15,80.34,79.6718,25568182.89,795.25
2009-01-16,82.71,82.0074,25568182.89,795.25
2009-01-20,84.51,83.9221,25814072.47,802.9
2009-01-21,84.13,83.5277,25912427.12,805.96
2009-01-22,84.59,84.5843,26335348.67,819.11
2009-01-23,88.52,86.1328,26768102.67,832.57
2009-01-26,88.95,89.5239,26777937.76,832.88
2009-01-27,88.37,88.2686,26777937.76,832.88
2009-01-28,87.41,88.0463,26777937.76,832.88
2009-01-29,89.5,87.7502,27122152.75,843.59
2009-01-30,91.3,90.43,27122152.75,843.59
2009-02-02,88.81,90.304,27436852.36,853.37
2009-02-03,88.51,88.9504,27436852.36,853.37
2009-02-04,89.23,88.9986,27633534.38,859.49
2009-02-05,90.16,90.4732,27881022.07,867.19
2009-02-06,89.62,89.7838,27881022.07,867.19
2009-02-09,88.31,88.0107,28353034.67,881.87
2009-02-10,90.23,89.4603,28766041.84,894.72
2009-02-11,92.3,92.2376,30064054.34,935.09
2009-02-12,93.18,92.7528,31204720.15,970.57
2009-02-13,92.58,91.9897,31696380.6,985.86
2009-02-17,95.49,95.1818,32433842.78,1008.8
2009-02-18,96.89,94.7874,32925478.53,1024.09
2009-02-19,95.73,96.409,33082800.69,1028.98
2009-02-20,97.8,97.2438,33082800.69,1028.98
2009-02-23,97.74,96.921,33082800.69,1028.98
2009-02-24,94.75,96.7725,33082800.69,1028.98
2009-02-25,93.18,96.2059,33082800.69,1028.98
2009-02-26,93.06,92.0745,33092632.45,1029.29
2009-02-27,92.6,93.5978,33092632.45,1029.29
2009-03-02,90.96,92.1442,33092632.45,1029.29
2009-03-03,90.0,89.8321,33092632.45,1029.29
2009-03-04,89.01,89.3148,33092632.45,1029.29
2009-03-05,92.03,89.7564,33092632.45,1029.29
2009-03-06,92.33,92.0173,33083178.88,1028.99
2009-03-09,90.58,90.8099,33083178.88,1028.99
2009-03-10,88.18,88.6214,33083178.88,1028.99
2009-03-11,89.15,88.4238,33378088.72,1038.17
2009-03-12,91.08,90.9544,33486221.52,1041.53
2009-03-13,91.27,91.2238,33977729.02,1056.82
2009-03-16,90.82,90.3851,34370921.5,1069.05
2009-03-17,90.05,89.9909,34370921.5,1069.05
2009-03-18,93.15,87.8024,34862398.7,1084.33
2009-03-19,94.29,94.0198,35471831.67,1103.29
2009-03-20,93.61,93.773,35835521.39,1114.6
2009-03-23,92.01,93.3029,35825692.27,1114.29
2009-03-24,91.0,90.7949,36169705.38,1124.99
2009-03-25,91.92,91.31,36169705.38,1124.99
2009-03-26,91.92,92.2184,36169705.38,1124.99
2009-03-27,90.71,90.8165,36248334.35,1127.44
2009-03-30,89.97,91.2067,36248334.35,1127.44
2009-03-31,90.29,90.0751,36248334.35,1127.44
2009-04-01,90.98,90.8606,36248334.35,1127.44
2009-04-02,88.83,88.2298,36248334.35,1127.44
2009-04-03,87.61,88.9416,36246127.18,1127.37
2009-04-06,85.29,85.5234,36246127.18,1127.37
2009-04-07,86.76,86.4561,36246127.18,1127.37
2009-04-08,86.57,86.4798,36246127.18,1127.37
2009-04-09,86.29,86.528,36255954.32,1127.68
2009-04-13,87.86,86.5242,36255954.32,1127.68
2009-04-14,87.38,87.2112,36255954.32,1127.68
2009-04-15,87.6,87.5542,36255954.32,1127.68
2009-04-16,85.88,86.5213,35990641.95,1119.43
2009-04-17,85.2,85.5376,35558286.69,1105.98
2009-04-20,86.95,86.1736,35558286.69,1105.98
2009-04-21,86.85,87.3274,35558286.69,1105.98
2009-04-22,87.36,87.0562,35558286.69,1105.98
2009-04-23,88.78,88.1855,35509158.3,1104.45
2009-04-24,89.7,89.1673,35509158.3,1104.45
2009-04-27,89.02,89.1644,35509158.3,1104.45
2009-04-28,87.82,87.5418,35509158.3,1104.45
2009-04-29,88.37,88.2533,35509158.3,1104.45
2009-04-30,87.29,86.7782,35509158.3,1104.45
2009-05-01,86.98,86.9001,35509158.3,1104.45
2009-05-04,88.66,86.8972,35509158.3,1104.45
2009-05-05,88.28,89.4024,35509158.3,1104.45
2009-05-06,89.57,89.4014,35497611.03,1104.09
2009-05-07,89.39,89.6215,35497611.03,1104.09
2009-05-08,89.95,89.1047,35497611.03,1104.09
2009-05-11,89.72,89.6913,35497611.03,1104.09
2009-05-12,90.71,90.0833,35497611.03,1104.09
2009-05-13,91.07,90.77,35546729.02,1105.62
2009-05-14,91.0,90.8919,35546729.02,1105.62
2009-05-15,91.54,91.3084,35546729.02,1105.62
2009-05-18,90.34,90.4703,35546729.02,1105.62
2009-05-19,90.96,90.8377,35546729.02,1105.62
2009-05-20,92.25,92.2859,35546729.02,1105.62
2009-05-21,93.81,92.0884,35546729.02,1105.62
2009-05-22,94.11,94.2734,35969105.42,1118.76
2009-05-26,93.74,92.8201,35969105.42,1118.76
2009-05-27,93.44,93.4086,35969105.42,1118.76
2009-05-28,94.24,94.0708,35969105.42,1118.76
2009-05-29,96.16,95.8136,35969105.42,1118.76
2009-06-01,95.72,96.4245,36460190.42,1134.03
2009-06-02,96.39,96.2516,36460190.42,1134.03
2009-06-03,94.43,95.9312,36411083.08,1132.5
2009-06-04,96.3,95.3407,36411083.08,1132.5
2009-06-05,93.67,94.4799,36399884.31,1132.15
2009-06-08,93.59,92.6844,36399884.31,1132.15
2009-06-09,93.82,93.8865,36399884.31,1132.15
2009-06-10,93.85,93.6645,36399884.31,1132.15
2009-06-11,93.7,93.0496,36399884.31,1132.15
2009-06-12,92.21,92.0419,36399884.31,1132.15
2009-06-15,91.12,91.5477,36399884.31,1132.15
2009-06-16,91.89,91.7186,36399884.31,1132.15
2009-06-17,92.31,91.3738,36399884.31,1132.15
2009-06-18,91.55,92.355,36399884.31,1132.15
2009-06-19,91.89,91.8384,36399884.31,1132.15
2009-06-22,90.56,90.2639,36370426.42,1131.24
2009-06-23,90.92,90.4102,36370426.42,1131.24
2009-06-24,91.43,91.6615,36370426.42,1131.24
2009-06-25,92.3,92.0288,36193683.99,1125.74
2009-06-26,92.31,92.4943,36193683.99,1125.74
2009-06-29,92.08,91.8529,36193683.99,1125.74
2009-06-30,91.14,91.7536,36026769.92,1120.55
2009-07-01,92.36,92.121,36026769.92,1120.55
2009-07-02,91.26,91.2605,36026769.92,1120.55
2009-07-06,90.81,90.7657,36015305.45,1120.19
2009-07-07,90.74,90.7156,36015305.45,1120.19
2009-07-08,89.25,90.1255,35681507.35,1109.81
2009-07-09,89.54,89.5108,35681507.35,1109.81
2009-07-10,89.58,89.6326,35681507.35,1109.81
2009-07-13,90.22,89.1878,35681507.35,1109.81
2009-07-14,90.82,90.7824,35190659.25,1094.54
2009-07-15,92.22,92.0823,35190659.25,1094.54
2009-07-16,91.93,91.7868,35200476.02,1094.85
2009-07-17,91.9,92.0312,35190659.35,1094.54
2009-07-20,93.32,93.5256,35190659.35,1094.54
2009-07-21,93.13,93.0336,35121945.53,1092.41
2009-07-22,93.43,93.0817,34935438.63,1086.61
2009-07-23,93.31,93.2525,34935438.63,1086.61
2009-07-24,93.44,93.3987,34935438.63,1086.61
2009-07-27,93.71,93.7393,34935438.63,1086.61
2009-07-28,92.1,92.6828,34827468.21,1083.25
2009-07-29,91.21,91.3808,34493746.76,1072.87
2009-07-30,91.59,91.5271,34493746.76,1072.87
2009-07-31,93.36,92.1643,34493746.76,1072.87
2009-08-03,93.78,94.1987,34493746.76,1072.87
2009-08-04,94.7,94.2713,34493746.76,1072.87
2009-08-05,94.75,94.2702,34493746.76,1072.87
2009-08-06,94.57,94.6128,34493746.76,1072.87
2009-08-07,93.71,93.8263,34366158.67,1068.9
2009-08-10,92.93,92.7432,34354829.98,1068.55
2009-08-11,92.79,92.5213,34256690.18,1065.49
2009-08-12,92.91,92.962,34256690.18,1065.49
2009-08-13,93.7,93.5744,34256690.18,1065.49
2009-08-14,92.98,93.5734,34256690.18,1065.49
2009-08-17,91.65,91.5336,34256690.18,1065.49
2009-08-18,92.04,91.7534,34256690.18,1065.49
2009-08-19,92.55,92.5377,34256690.18,1065.49
2009-08-20,92.27,92.2913,34256690.18,1065.49
2009-08-21,93.62,93.4681,34286128.97,1066.41
2009-08-24,92.31,93.3669,34286128.97,1066.41
2009-08-25,92.77,93.2677,34138941.59,1061.83
2009-08-26,92.81,92.2852,34138941.59,1061.83
2009-08-27,93.14,92.5295,34138941.59,1061.83
2009-08-28,93.84,93.7555,34138941.59,1061.83
2009-08-31,93.37,93.7524,34138941.59,1061.83
2009-09-01,93.9,93.7023,34138941.59,1061.83
2009-09-02,96.19,94.6583,34188000.03,1063.36
2009-09-03,97.43,96.4486,34658959.47,1078.01
2009-09-04,97.52,97.0364,34646882.42,1077.63
2009-09-08,97.47,98.1851,34646882.42,1077.63
2009-09-09,97.12,98.0614,34646882.42,1077.63
2009-09-10,97.65,97.2018,34646882.42,1077.63
2009-09-11,98.76,98.9178,34646882.42,1077.63
2009-09-14,97.95,98.0315,34686124.43,1078.85
2009-09-15,98.9,97.7115,34686124.43,1078.85
2009-09-16,99.91,99.6483,34931382.41,1086.48
2009-09-17,99.35,99.9171,34931382.41,1086.48
2009-09-18,98.67,99.2782,34931382.41,1086.48
2009-09-21,98.36,97.8031,35421869.36,1101.73
2009-09-22,99.67,99.4701,35421869.36,1101.73
2009-09-23,98.83,99.101,35421869.36,1101.73
2009-09-24,97.55,99.0509,35176633.21,1094.11
2009-09-25,97.0,97.2591,35176633.21,1094.11
2009-09-28,97.05,97.2804,35176633.21,1094.11
2009-09-29,97.43,97.0586,35176633.21,1094.11
2009-09-30,98.85,97.6708,35215868.27,1095.33
2009-10-01,97.92,98.5528,35215868.27,1095.33
2009-10-02,98.34,98.4291,35255102.57,1096.55
2009-10-05,99.82,98.6221,35304143.88,1098.07
2009-10-06,102.28,101.8835,35382610.12,1100.51
2009-10-07,102.38,102.0296,35665560.48,1109.31
2009-10-08,103.64,102.4944,35665560.48,1109.31
2009-10-09,102.84,103.1308,35665560.48,1109.31
2009-10-12,103.56,103.8386,35665560.48,1109.31
2009-10-13,104.23,103.7148,35665560.48,1109.31
2009-10-14,104.18,103.9099,35665560.48,1109.31
2009-10-15,102.86,103.3202,35665560.48,1109.31
2009-10-16,103.18,102.7305,35665560.48,1109.31
2009-10-19,104.23,103.0214,35665560.48,1109.31
2009-10-20,103.42,104.1238,35665560.48,1109.31
2009-10-21,103.72,103.3379,35626333.74,1108.09
2009-10-22,103.92,103.2632,35626333.74,1108.09
2009-10-23,103.49,104.1204,35626333.74,1108.09
2009-10-26,101.83,103.3568,35587109.16,1106.87
2009-10-27,101.83,101.6391,35547885.2,1105.65
2009-10-28,100.73,101.172,35508661.73,1104.43
2009-10-29,102.7,102.0292,35508661.73,1104.43
2009-10-30,102.5,101.9791,35479244.7,1103.52
2009-11-02,103.95,104.1337,35479244.7,1103.52
2009-11-03,106.47,104.0344,35636129.8,1108.4
2009-11-04,107.11,106.8779,35636129.8,1108.4
2009-11-05,106.98,106.7786,35634373.02,1108.34
2009-11-06,107.43,107.5374,35634373.02,1108.34
2009-11-09,108.21,108.5144,35830468.66,1114.44
2009-11-10,108.39,107.9984,35830468.66,1114.44
2009-11-11,109.6,109.3455,35830468.66,1114.44
2009-11-12,108.19,109.2953,35830468.66,1114.44
2009-11-13,109.74,108.24,35810859.97,1113.83
2009-11-16,111.63,110.7859,35810859.97,1113.83
2009-11-17,111.97,111.2505,35810859.97,1113.83
2009-11-18,112.29,112.6466,35928506.52,1117.49
2009-11-19,112.3,111.3216,35928506.52,1117.49
2009-11-20,112.94,111.7616,35928506.52,1117.49
2009-11-23,114.29,114.6506,36055950.55,1121.46
2009-11-24,114.75,114.0365,36085360.35,1122.37
2009-11-25,116.61,115.6532,36261817.86,1127.86
2009-11-27,114.99,114.3514,36261817.86,1127.86
2009-11-30,115.64,115.2547,36330436.41,1129.99
2009-12-01,117.38,116.8959,36350041.59,1130.6
2009-12-02,119.18,118.8557,36369646.66,1131.21
2009-12-03,118.7,118.4867,36378539.33,1131.49
2009-12-04,113.78,116.6719,36329527.82,1129.97
2009-12-07,113.11,111.9872,36329527.82,1129.97
2009-12-08,110.95,112.4026,35888444.98,1116.25
2009-12-09,110.84,111.8377,35888444.98,1116.25
2009-12-10,110.82,110.6111,35888444.98,1116.25
2009-12-11,109.32,110.1688,35888444.98,1116.25
2009-12-14,110.24,110.1407,35898246.15,1116.55
2009-12-15,110.21,109.9679,35898246.15,1116.55
2009-12-16,111.59,111.4861,36025658.89,1120.51
2009-12-17,107.34,109.4754,36025658.89,1120.51
2009-12-18,108.95,108.2488,36221673.01,1126.61
2009-12-21,106.95,108.3433,36417680.73,1132.71
2009-12-22,106.17,106.2345,36417680.73,1132.71
2009-12-23,106.55,106.3559,36417680.73,1132.71
2009-12-24,108.36,108.2417,36417680.73,1132.71
2009-12-28,108.57,108.237,36417680.73,1132.71
2009-12-29,107.49,108.3828,36447079.33,1133.62
2009-12-30,106.93,106.5681,36447079.33,1133.62
2009-12-31,107.31,108.1844,36447079.33,1133.62
2010-01-04,109.78,109.8952,36290296.21,1128.75
2010-01-05,109.67,110.0655,36290296.21,1128.75
2010-01-06,111.52,110.726,36133516.05,1123.87
2010-01-07,110.83,110.7493,36121730.98,1123.5
2010-01-08,111.38,110.4051,35994349.93,1119.54
2010-01-11,112.85,112.9739,35994349.93,1119.54
2010-01-12,110.5,112.8011,35876772.21,1115.88
2010-01-13,111.54,110.448,35876772.21,1115.88
2010-01-14,112.03,111.5247,35808186.83,1113.75
2010-01-15,110.85,110.519,35778793.47,1112.84
2010-01-19,111.53,111.0042,35749401.37,1111.92
2010-01-20,108.94,109.7535,35749401.37,1111.92
2010-01-21,107.36,108.5763,35749401.37,1111.92
2010-01-22,107.17,106.1988,35749401.37,1111.92
2010-01-25,107.48,107.2977,35749401.37,1111.92
2010-01-26,107.56,107.1005,35749401.37,1111.92
2010-01-27,106.51,107.2464,35749401.37,1111.92
2010-01-28,106.48,106.5837,35749401.37,1111.92
2010-01-29,105.96,105.6516,35749401.37,1111.92
2010-02-01,108.34,106.4321,35749401.37,1111.92
2010-02-02,109.15,108.8318,35749401.37,1111.92
2010-02-03,108.7,109.2471,35698496.2,1110.34
2010-02-04,104.35,106.1111,35512379.4,1104.55
2010-02-05,104.63,103.6363,35571152.36,1106.38
2010-02-08,104.05,104.2207,35571152.36,1106.38
2010-02-09,105.44,104.9298,35571152.36,1106.38
2010-02-10,105.12,104.7572,35571152.36,1106.38
2010-02-11,107.13,105.4173,35571152.36,1106.38
2010-02-12,107.04,105.9794,35571152.36,1106.38
2010-02-16,109.57,109.2321,35669096.4,1109.42
2010-02-17,109.25,109.5983,35669096.4,1109.42
2010-02-18,109.98,109.4991,35669096.4,1109.42
2010-02-19,109.47,108.9836,35610331.94,1107.6
2010-02-22,109.07,109.2249,35620125.7,1107.9
2010-02-23,107.89,108.4155,35590744.8,1106.99
2010-02-24,107.36,108.0225,35590744.8,1106.99
2010-02-25,108.31,107.1886,35590744.8,1106.99
2010-02-26,109.43,108.5344,35590744.8,1106.99
2010-03-01,109.43,109.0941,35590744.8,1106.99
2010-03-02,111.01,110.3175,35737638.93,1111.56
2010-03-03,111.65,111.2959,35864803.61,1115.51
2010-03-04,110.83,111.0988,35864803.61,1115.51
2010-03-05,110.81,111.1466,35884388.91,1116.12
2010-03-08,109.88,110.237,35884388.91,1116.12
2010-03-09,109.69,109.2564,35884388.91,1116.12
2010-03-10,108.47,109.7204,35864804.72,1115.51
2010-03-11,108.6,108.1033,35864804.72,1115.51
2010-03-12,107.95,108.3225,35864804.72,1115.51
2010-03-15,108.37,108.123,35864804.72,1115.51
2010-03-16,110.41,110.1295,35864804.72,1115.51
2010-03-17,109.57,109.8345,35864804.72,1115.51
2010-03-18,110.34,109.9313,35864804.72,1115.51
2010-03-19,108.28,108.2406,35864804.72,1115.51
2010-03-22,107.75,107.4291,35864804.72,1115.51
2010-03-23,108.32,107.8442,36011664.68,1120.08
2010-03-24,106.3,106.7902,36011664.68,1120.08
2010-03-25,106.79,107.0093,36158521.05,1124.65
2010-03-26,108.59,107.351,36158521.05,1124.65
2010-03-29,108.76,108.4247,36324951.78,1129.82
2010-03-30,107.97,108.3746,36324951.78,1129.82
2010-03-31,108.95,109.2058,36324951.78,1129.82
2010-04-01,110.26,109.9881,36324951.78,1129.82
2010-04-05,110.89,109.9833,36324951.78,1129.82
2010-04-06,111.02,110.888,36324951.78,1129.82
2010-04-07,112.44,111.7927,36354319.39,1130.74
2010-04-08,112.65,112.3791,36666045.44,1140.43
2010-04-09,113.64,112.8184,36685623.48,1141.04
2010-04-12,113.03,113.4266,36685623.48,1141.04
2010-04-13,112.69,112.3974,36685623.48,1141.04
2010-04-14,113.03,112.9346,36685623.48,1141.04
2010-04-15,113.64,113.0068,36685623.48,1141.04
2010-04-16,111.24,112.7119,36685623.48,1141.04
2010-04-19,111.15,111.2151,36685623.48,1141.04
2010-04-20,111.46,112.0461,36685623.48,1141.04
2010-04-21,112.31,111.8735,36685623.48,1141.04
2010-04-22,111.84,110.9667,36656260.74,1140.13
2010-04-23,113.19,111.5284,36656260.74,1140.13
2010-04-26,112.75,112.9933,36852004.94,1146.22
2010-04-27,114.64,112.5026,36871579.11,1146.83
2010-04-28,114.31,113.6273,37067319.43,1152.91
2010-04-29,114.28,114.189,37263057.95,1159.0
2010-04-30,115.38,115.4115,37263057.95,1159.0
2010-05-03,115.73,115.4077,37263057.95,1159.0
2010-05-04,114.87,115.9694,37263057.95,1159.0
2010-05-05,115.09,114.01,37488142.16,1166.0
2010-05-06,118.44,115.9914,38124247.57,1185.79
2010-05-07,118.27,117.6545,38211394.86,1188.5
2010-05-10,117.57,117.0878,38328825.17,1192.15
2010-05-11,120.68,119.6313,38328825.17,1192.15
2010-05-12,121.41,121.0981,38886610.58,1209.5
2010-05-13,120.54,121.0968,38886610.58,1209.5
2010-05-14,120.4,120.9976,39033392.98,1214.06
2010-05-17,119.36,120.9447,39131244.68,1217.11
2010-05-18,119.42,119.0593,39131244.68,1217.11
2010-05-19,116.66,116.9292,39229093.35,1220.15
2010-05-20,115.84,116.6342,39229093.35,1220.15
2010-05-21,115.22,115.434,39229093.35,1220.15
2010-05-24,116.84,116.1398,39767230.56,1236.89
2010-05-25,117.36,117.2396,40745654.26,1267.32
2010-05-26,118.44,118.5841,40755438.43,1267.63
2010-05-27,118.69,118.4849,40765222.49,1267.93
2010-05-28,118.85,118.1411,40765222.49,1267.93
2010-06-01,119.91,120.1179,40775006.06,1268.23
2010-06-02,119.78,118.8686,40784789.49,1268.54
2010-06-03,117.9,118.8673,41469621.89,1289.84
2010-06-04,119.22,117.7405,41357740.75,1286.36
2010-06-07,121.46,118.8618,41357740.75,1286.36
2010-06-08,121.0,121.8935,41749052.31,1298.53
2010-06-09,121.0,120.6692,41749052.31,1298.53
2010-06-10,118.95,119.1024,41993615.81,1306.14
2010-06-11,120.01,119.3457,41993615.81,1306.14
2010-06-14,119.6,119.7087,41993615.81,1306.14
2010-06-15,121.02,119.8297,41993615.81,1306.14
2010-06-16,120.33,120.7579,41993615.81,1306.14
2010-06-17,121.91,121.7839,42052306.83,1307.96
2010-06-18,122.83,122.8588,42052306.83,1307.96
2010-06-21,120.39,122.708,42052306.83,1307.96
2010-06-22,121.45,120.8966,42218588.54,1313.13
2010-06-23,120.97,119.9658,42218588.54,1313.13
2010-06-24,121.3,120.9184,42316394.92,1316.18
2010-06-25,122.76,122.6537,42316394.92,1316.18
2010-06-28,121.09,123.3346,42316394.92,1316.18
2010-06-29,121.27,120.7405,42453322.14,1320.44
2010-06-30,121.68,121.6686,42453322.14,1320.44
2010-07-01,117.04,120.6889,42414200.94,1319.22
2010-07-02,118.47,117.5078,42404420.86,1318.91
2010-07-06,116.51,116.8666,42326183.77,1316.48
2010-07-07,117.73,116.6941,42326183.77,1316.48
2010-07-08,117.2,116.7173,42311864.02,1316.04
2010-07-09,118.35,118.2076,42262967.38,1314.51
2010-07-12,117.34,117.8859,42272746.38,1314.82
2010-07-13,118.36,118.9115,42272746.38,1314.82
2010-07-14,118.3,118.03,42272746.38,1314.82
2010-07-15,118.23,118.1265,42253189.02,1314.21
2010-07-16,116.65,116.2913,42253189.02,1314.21
2010-07-19,115.73,115.4806,42253189.02,1314.21
2010-07-20,116.63,115.6749,42057627.04,1308.13
2010-07-21,115.85,116.505,42057627.04,1308.13
2010-07-22,116.9,117.2862,41862068.58,1302.05
2010-07-23,116.08,116.4046,41862068.58,1302.05
2010-07-26,115.5,115.7162,41852291.13,1301.74
2010-07-27,113.51,114.1989,41822959.22,1300.83
2010-07-28,113.78,113.1217,41226552.46,1282.28
2010-07-29,114.31,113.6584,41226552.46,1282.28
2010-07-30,115.49,114.293,41226552.46,1282.28
2010-08-02,115.54,116.1965,41226552.46,1282.28
2010-08-03,116.05,116.0974,41226552.46,1282.28
2010-08-04,116.72,117.2698,41212238.29,1281.83
2010-08-05,116.98,116.5841,41241567.62,1282.75
2010-08-06,117.84,118.0739,41241567.62,1282.75
2010-08-09,117.4,117.6056,41241567.62,1282.75
2010-08-10,117.73,116.5776,41241567.62,1282.75
2010-08-11,117.34,117.8474,41339325.75,1285.79
2010-08-12,118.76,118.5794,41368652.91,1286.7
2010-08-13,118.74,118.7004,41368652.91,1286.7
2010-08-16,119.73,119.6009,41368652.91,1286.7
2010-08-17,119.79,119.844,41622808.6,1294.6
2010-08-18,120.22,119.0605,41652133.84,1295.52
2010-08-19,120.35,120.5747,41779208.89,1299.47
2010-08-20,119.98,119.5956,41779208.89,1299.47
2010-08-23,119.78,119.8361,41779204.46,1299.47
2010-08-24,120.37,119.4437,41730332.24,1297.95
2010-08-25,121.36,120.9579,41730332.24,1297.95
2010-08-26,120.96,120.9077,41730332.24,1297.95
2010-08-27,121.01,120.7108,41749880.55,1298.56
2010-08-30,120.91,120.7068,41749880.55,1298.56
2010-08-31,122.07,121.781,41876939.41,1302.51
2010-09-01,121.69,121.8286,41925807.68,1304.03
2010-09-02,122.28,122.0228,41632601.12,1294.91
2010-09-03,121.87,121.2393,41617619.74,1294.44
2010-09-07,122.7,122.8222,41617619.74,1294.44
2010-09-08,122.73,122.6498,41617619.74,1294.44
2010-09-09,121.56,122.6485,41588301.38,1293.53
2010-09-10,121.73,121.8163,41588301.38,1293.53
2010-09-13,121.65,121.5436,41558984.34,1292.62
2010-09-14,123.98,123.668,41754429.68,1298.7
2010-09-15,123.91,123.8133,41627391.58,1294.75
2010-09-16,124.63,124.3495,41627391.58,1294.75
2010-09-17,124.58,124.4947,41822830.74,1300.83
2010-09-20,124.88,125.0038,41940090.49,1304.47
2010-09-21,126.01,124.587,41930319.19,1304.17
2010-09-22,126.2,126.3938,41930319.19,1304.17
2010-09-23,126.3,126.1237,41842377.06,1301.43
2010-09-24,126.69,126.7331,41813063.31,1300.52
2010-09-27,126.72,126.729,41813063.31,1300.52
2010-09-28,127.88,126.4344,41979167.2,1305.69
2010-09-29,127.95,127.7525,41979167.2,1305.69
2010-09-30,127.91,127.7022,41949855.29,1304.78
2010-10-01,128.91,128.6049,41871690.89,1302.34
2010-10-04,128.46,128.3319,41857791.69,1301.91
2010-10-05,130.99,129.9915,41857791.69,1301.91
2010-10-06,131.81,131.5533,41857791.69,1301.91
2010-10-07,130.37,131.4053,41427915.52,1288.54
2010-10-08,131.65,131.0619,41418145.72,1288.24
2010-10-11,132.28,132.0347,41388837.25,1287.33
2010-10-12,131.96,131.7401,41388837.25,1287.33
2010-10-13,134.09,133.3997,41320452.21,1285.2
2010-10-14,134.76,134.1554,41935911.3,1304.34
2010-10-15,133.68,133.5922,41857758.67,1301.91
2010-10-18,134.31,133.5633,41828452.4,1301.0
2010-10-19,130.11,130.8017,41799146.57,1300.09
2010-10-20,131.32,130.8002,41769841.07,1299.18
2010-10-21,129.47,131.2385,41740535.86,1298.27
2010-10-22,129.72,129.1852,41740535.86,1298.27
2010-10-25,130.87,130.6466,41740535.86,1298.27
2010-10-26,130.88,129.8635,41740535.86,1298.27
2010-10-27,129.52,129.3735,41740535.86,1298.27
2010-10-28,131.24,130.2515,41574486.0,1293.1
2010-10-29,132.64,131.5446,41574486.0,1293.1
2010-11-01,131.92,132.2975,41574486.0,1293.1
2010-11-02,132.47,131.9541,41545184.57,1292.19
2010-11-03,131.57,131.4153,41545184.57,1292.19
2010-11-04,136.03,134.8824,41545184.57,1292.19
2010-11-05,136.38,136.2977,41531577.31,1291.77
2010-11-08,137.78,135.6095,41609710.25,1294.2
2010-11-09,135.59,138.7824,41570644.12,1292.98
2010-11-10,137.18,135.8018,41531578.51,1291.77
2010-11-11,137.64,136.5817,41502279.61,1290.86
2010-11-12,133.69,135.6035,41502279.61,1290.86
2010-11-15,132.5,133.6455,41502279.61,1290.86
2010-11-16,130.99,131.7394,41502279.61,1290.86
2010-11-17,130.38,130.6147,41502279.61,1290.86
2010-11-18,132.1,131.8587,41355797.12,1286.3
2010-11-19,132.2,131.1002,41453450.92,1289.34
2010-11-22,133.48,132.4634,41316739.74,1285.08
2010-11-23,134.38,134.5131,41316739.74,1285.08
2010-11-24,134.18,134.0232,41316739.74,1285.08
2010-11-26,133.15,132.311,41316739.74,1285.08
2010-11-29,133.49,132.502,41365561.4,1286.6
2010-11-30,135.42,135.0889,41365561.4,1286.6
2010-12-01,135.38,135.2828,41599901.82,1293.89
2010-12-02,135.2,135.6232,41746363.11,1298.45
2010-12-03,138.03,137.0379,41732948.79,1298.03
2010-12-06,139.17,138.1807,41732948.79,1298.03
2010-12-07,136.5,138.643,41723185.2,1297.73
2010-12-08,134.79,135.2728,41645077.46,1295.3
2010-12-09,135.31,135.8328,41596260.64,1293.78
2010-12-10,135.39,134.269,41469338.46,1289.83
2010-12-13,136.05,136.5836,41469338.46,1289.83
2010-12-14,136.18,136.1427,41371710.11,1286.79
2010-12-15,134.7,135.5798,41352184.66,1286.19
2010-12-16,133.84,133.064,41274084.0,1283.76
2010-12-17,134.19,133.5996,41762208.15,1298.94
2010-12-20,135.11,134.7181,41762208.15,1298.94
2010-12-21,135.32,135.0095,41732921.91,1298.03
2010-12-22,135.05,135.3986,41430300.63,1288.62
2010-12-23,134.66,134.079,41313158.46,1284.97
2010-12-27,135.02,134.7566,41313158.46,1284.97
2010-12-28,137.22,134.7551,41283874.49,1284.06
2010-12-29,137.71,137.8782,41283874.49,1284.06
2010-12-30,137.03,137.1932,41176501.67,1280.72
2010-12-31,138.72,137.6555,41176501.67,1280.72
2011-01-03,138.0,137.6509,41176501.67,1280.72
2011-01-04,134.75,135.5257,41039853.5,1276.47
2011-01-05,134.37,133.5225,40917984.67,1272.68
2011-01-06,133.83,133.5699,40917984.67,1272.68
2011-01-07,133.59,133.422,40869183.64,1271.16
2011-01-10,134.12,133.5396,40917983.07,1272.68
2011-01-11,134.87,134.0994,40878943.94,1271.47
2011-01-12,135.46,134.5616,40878943.94,1271.47
2011-01-13,134.05,134.8285,40673992.87,1265.09
2011-01-14,132.73,133.4117,40488563.26,1259.33
2011-01-18,133.43,133.6499,40410491.03,1256.9
2011-01-19,133.72,133.8925,40234830.36,1251.43
2011-01-20,131.04,131.3044,40234830.36,1251.43
2011-01-21,131.06,131.1077,40888661.11,1271.77
2011-01-24,130.36,131.0546,40537360.66,1260.84
2011-01-25,130.07,129.1986,39532265.85,1229.58
2011-01-26,131.15,129.5876,39532265.85,1229.58
2011-01-27,127.94,130.2207,39434685.74,1226.55
2011-01-28,130.28,128.7063,39356622.8,1224.12
2011-01-31,129.87,129.4829,39454198.48,1227.15
2011-02-01,130.8,129.9207,39454198.48,1227.15
2011-02-02,130.46,130.4562,39454198.48,1227.15
2011-02-03,132.2,129.5763,39522499.21,1229.28
2011-02-04,131.61,132.2103,39509197.04,1228.86
2011-02-07,131.64,131.4741,39509197.04,1228.86
2011-02-08,133.13,133.0339,39499440.25,1228.56
2011-02-09,133.07,133.1788,39431143.42,1226.44
2011-02-10,132.85,132.0308,39401873.7,1225.53
2011-02-11,132.35,133.0783,39401873.7,1225.53
2011-02-14,132.95,133.1715,39401873.7,1225.53
2011-02-15,133.97,133.9263,39353093.41,1224.01
2011-02-16,134.1,133.7785,39353093.41,1224.01
2011-02-17,135.04,134.5332,39353093.41,1224.01
2011-02-18,135.41,134.9708,39323826.15,1223.1
2011-02-22,136.29,136.6725,39167740.52,1218.24
2011-02-23,137.51,137.476,39167740.52,1218.24
2011-02-24,136.45,137.694,38953127.07,1211.57
2011-02-25,137.4,136.8143,38953127.07,1211.57
2011-02-28,137.72,137.6392,38933617.61,1210.96
2011-03-01,139.9,138.5891,38933617.61,1210.96
2011-03-02,139.93,140.0269,38933617.61,1210.96
2011-03-03,138.09,138.6592,38922671.15,1210.62
2011-03-04,139.35,139.1942,38922671.15,1210.62
2011-03-07,139.73,140.2139,39137259.44,1217.3
2011-03-08,139.36,139.11,39137259.44,1217.3
2011-03-09,139.41,139.5768,39137259.44,1217.3
2011-03-10,137.77,137.8438,39137259.44,1217.3
2011-03-11,138.19,137.6715,39078738.05,1215.48
2011-03-14,138.86,138.7157,39020218.52,1213.65
2011-03-15,136.27,136.5925,38990959.15,1212.74
2011-03-16,136.24,136.7373,39137254.39,1217.3
2011-03-17,136.97,136.9065,39137254.39,1217.3
2011-03-18,138.37,138.4902,39429839.26,1226.4
2011-03-21,139.11,139.6562,39088500.75,1215.78
2011-03-22,139.05,139.0694,39059243.51,1214.87
2011-03-23,140.34,140.3848,39059243.51,1214.87
2011-03-24,139.22,141.1149,39029986.8,1213.96
2011-03-25,139.26,140.0403,39029986.8,1213.96
2011-03-28,138.56,138.1822,38961724.59,1211.84
2011-03-29,138.24,138.2295,38961724.59,1211.84
2011-03-30,138.67,139.0084,38961724.59,1211.84
2011-03-31,139.82,140.3238,38942221.63,1211.23
2011-04-01,139.2,138.2737,38942221.63,1211.23
2011-04-04,139.84,139.9763,38942221.63,1211.23
2011-04-05,142.05,139.7796,38990976.3,1212.75
2011-04-06,142.38,142.5095,38756954.58,1205.47
2011-04-07,142.51,142.3128,39134493.46,1217.21
2011-04-08,143.66,143.2864,39134493.46,1217.21
2011-04-11,142.62,143.1355,39134493.46,1217.21
2011-04-12,141.65,141.4273,39105242.72,1216.3
2011-04-13,141.9,142.1084,38997991.1,1212.96
2011-04-14,143.82,142.9114,38997991.1,1212.96
2011-04-15,145.06,143.9825,39582988.58,1231.16
2011-04-18,145.93,145.5624,39582988.58,1231.16
2011-04-19,145.93,145.317,39553739.93,1230.25
2011-04-20,146.5,146.3394,39553739.93,1230.25
2011-04-21,146.74,146.6303,39534241.22,1229.64
2011-04-25,146.87,146.6239,39534241.22,1229.64
2011-04-26,146.39,145.9884,39534241.22,1229.64
2011-04-27,149.21,147.3033,39534241.22,1229.64
2011-04-28,149.81,149.6909,39534241.22,1229.64
2011-04-29,152.36,149.6893,39534241.22,1229.64
2011-05-02,150.43,149.6843,39534241.22,1229.64
2011-05-03,149.88,150.1459,39368522.63,1224.49
2011-05-04,147.79,150.2174,39222301.93,1219.94
2011-05-05,143.47,147.2902,38851883.13,1208.42
2011-05-06,145.3,144.8994,38754406.24,1205.39
2011-05-09,147.38,146.4062,38644033.41,1201.95
2011-05-10,147.9,147.5257,38644033.41,1201.95
2011-05-11,146.54,146.9879,38614791.8,1201.04
2011-05-12,146.59,145.1828,38361367.72,1193.16
2011-05-13,145.63,146.7653,38332126.74,1192.25
2011-05-16,145.36,146.2731,38332126.74,1192.25
2011-05-17,144.74,144.1024,38332126.74,1192.25
2011-05-18,145.6,145.8556,38302887.4,1191.34
2011-05-19,145.65,145.5128,38302887.4,1191.34
2011-05-20,147.48,145.2918,38644005.21,1201.95
2011-05-23,147.82,147.2124,38887653.68,1209.53
2011-05-24,148.56,148.8193,39033841.61,1214.08
2011-05-25,148.58,148.7446,39033841.61,1214.08
2011-05-26,148.22,147.9874,39033841.61,1214.08
2011-05-27,149.7,149.3993,39004604.95,1213.17
2011-05-31,149.64,149.734,38926643.87,1210.74
2011-06-01,149.88,149.4643,38994859.03,1212.87
2011-06-02,149.5,150.0232,38994859.03,1212.87
2011-06-03,150.26,150.0703,38994859.03,1212.87
2011-06-06,150.48,150.9427,38994859.03,1212.87
2011-06-07,150.43,150.5511,38994859.03,1212.87
2011-06-08,149.81,149.8427,38953088.82,1211.57
2011-06-09,150.58,149.841,38953088.82,1211.57
2011-06-10,149.24,149.011,38612046.72,1200.96
2011-06-13,147.77,148.7138,38582815.51,1200.05
2011-06-14,148.73,147.7132,38582815.51,1200.05
2011-06-15,149.14,149.0516,38582815.51,1200.05
2011-06-16,149.01,148.4165,38582815.51,1200.05
2011-06-17,149.94,149.8036,38875115.29,1209.14
2011-06-20,150.03,150.4322,38875115.29,1209.14
2011-06-21,150.76,150.5036,38875115.29,1209.14
2011-06-22,150.99,151.2572,38875115.29,1209.14
2011-06-23,148.32,148.3807,38875115.29,1209.14
2011-06-24,146.26,147.575,38875115.29,1209.14
2011-06-27,145.73,145.9378,38875115.29,1209.14
2011-06-28,146.24,146.0337,38875115.29,1209.14
2011-06-29,147.18,146.5437,38845889.36,1208.23
2011-06-30,145.98,146.6639,38845889.36,1208.23
2011-07-01,144.94,144.4696,38767955.66,1205.81
2011-07-05,147.63,147.0945,38767955.66,1205.81
2011-07-06,148.9,148.774,38767955.66,1205.81
2011-07-07,149.15,148.7967,38767955.66,1205.81
2011-07-08,150.25,150.1595,38755260.4,1205.41
2011-07-11,151.61,151.5185,38755260.4,1205.41
2011-07-12,152.79,151.0297,39398147.13,1225.41
2011-07-13,154.14,153.8046,39398147.13,1225.41
2011-07-14,154.54,154.9232,39398147.13,1225.41
2011-07-15,155.2,154.5806,39739062.08,1236.01
2011-07-18,156.57,155.7446,40167627.45,1249.34
2011-07-19,154.67,155.9377,40060487.25,1246.01
2011-07-20,156.02,154.4747,40060487.25,1246.01
2011-07-21,154.83,155.9343,39953349.38,1242.68
2011-07-22,156.08,156.03,39924130.28,1241.77
2011-07-25,157.34,157.1452,39924130.28,1241.77
2011-07-26,157.77,157.0704,39924130.28,1241.77
2011-07-27,157.19,158.2621,40021522.37,1244.8
2011-07-28,157.32,157.1401,40605867.17,1262.97
2011-07-29,158.41,158.5997,40625345.17,1263.58
2011-08-01,157.7,158.0586,40625345.17,1263.58
2011-08-02,161.52,159.4939,41209660.99,1281.75
2011-08-03,161.41,162.5609,41355739.38,1286.3
2011-08-04,160.64,163.5577,41355739.38,1286.3
2011-08-05,161.78,161.5344,41355739.38,1286.3
2011-08-08,167.12,164.8658,42115309.93,1309.92
2011-08-09,168.61,169.053,41696572.58,1296.9
2011-08-10,174.58,172.5583,41684377.27,1296.52
2011-08-11,170.67,171.3877,40924818.03,1272.89
2011-08-12,169.97,169.0484,40515829.88,1260.17
2011-08-15,171.8,169.335,40515829.88,1260.17
2011-08-16,173.92,173.5698,40603466.8,1262.9
2011-08-17,174.42,174.2983,40895586.88,1271.98
2011-08-18,177.73,177.6078,41372712.96,1286.83
2011-08-19,179.99,179.9432,41499296.41,1290.76
2011-08-22,184.59,182.8104,41294821.4,1284.4
2011-08-23,177.6,182.6623,40496404.13,1259.57
2011-08-24,171.63,172.3366,39620116.07,1232.31
2011-08-25,172.23,168.3416,39620116.07,1232.31
2011-08-26,177.49,174.086,39571434.3,1230.8
2011-08-29,173.89,174.0803,39571434.3,1230.8
2011-08-30,179.05,177.6819,39620114.28,1232.31
2011-08-31,177.65,176.56,39620114.28,1232.31
2011-09-01,177.87,177.2885,39620114.28,1232.31
2011-09-02,183.23,182.5701,39620114.28,1232.31
2011-09-06,182.92,184.4856,39620114.28,1232.31
2011-09-07,177.08,176.2052,39620114.28,1232.31
2011-09-08,181.78,180.5859,39590909.01,1231.41
2011-09-09,180.7,180.1944,39928871.72,1241.92
2011-09-12,176.67,178.5333,39928871.72,1241.92
2011-09-13,178.54,177.1683,39909402.68,1241.31
2011-09-14,177.21,177.0203,39909402.68,1241.31
2011-09-15,174.39,173.4646,39909402.68,1241.31
2011-09-16,176.03,174.631,40250098.7,1251.91
2011-09-19,173.27,174.6253,40250098.7,1251.91
2011-09-20,175.78,175.1102,40259832.45,1252.21
2011-09-21,173.59,174.5241,40259832.45,1252.21
2011-09-22,169.05,167.6095,40259832.45,1252.21
2011-09-23,159.8,164.3947,40259832.45,1252.21
2011-09-26,157.58,155.5293,40084643.04,1246.76
2011-09-27,160.63,161.4667,39928918.69,1241.92
2011-09-28,156.2,159.9071,39928918.69,1241.92
2011-09-29,157.7,156.9845,39607747.74,1231.93
2011-09-30,158.08,157.6643,39607747.74,1231.93
2011-10-03,160.99,161.1155,39617479.87,1232.23
2011-10-04,157.63,159.4099,39529892.02,1229.51
2011-10-05,159.49,157.3635,39529892.02,1229.51
2011-10-06,160.49,159.1143,39529892.02,1229.51
2011-10-07,159.18,160.7678,39529892.02,1229.51
2011-10-10,163.24,161.6388,39481234.95,1227.99
2011-10-11,162.1,161.8317,39481234.95,1227.99
2011-10-12,163.26,163.6799,39481234.95,1227.99
2011-10-13,162.3,161.1466,39465715.88,1227.51
2011-10-14,163.4,163.286,39465715.88,1227.51
2011-10-17,162.62,163.67,39465715.88,1227.51
2011-10-18,161.84,158.7046,39465715.88,1227.51
2011-10-19,159.75,160.7954,39465715.88,1227.51
2011-10-20,157.77,157.6305,39465715.88,1227.51
2011-10-21,159.52,159.8186,39465715.88,1227.51
2011-10-24,161.02,160.738,39660313.92,1233.56
2011-10-25,165.59,161.1255,40000856.99,1244.16
2011-10-26,167.31,166.8659,40000856.99,1244.16
2011-10-27,169.94,167.1561,39981397.61,1243.55
2011-10-28,169.62,169.3927,39981397.61,1243.55
2011-10-31,167.34,167.538,39981397.61,1243.55
2011-11-01,167.41,165.2977,39981397.61,1243.55
2011-11-02,169.06,169.5782,39981397.61,1243.55
2011-11-03,171.72,171.0362,39981397.61,1243.55
2011-11-04,170.85,170.1584,40030042.09,1245.06
2011-11-07,174.98,173.3645,40370544.81,1255.65
2011-11-08,173.53,174.6278,40642944.8,1264.13
2011-11-09,172.07,173.5554,40740229.2,1267.15
2011-11-10,171.14,170.8284,40788870.54,1268.67
2011-11-11,173.96,172.481,40788870.54,1268.67
2011-11-14,173.2,172.7674,40776411.02,1268.28
2011-11-15,173.36,173.6411,40776411.02,1268.28
2011-11-16,171.51,170.8177,41068240.79,1277.36
2011-11-17,167.07,169.5024,41457342.31,1289.46
2011-11-18,167.62,167.2141,41574071.17,1293.09
2011-11-21,163.5,165.5546,41515708.78,1291.27
2011-11-22,165.31,165.2609,41710247.84,1297.32
2011-11-23,164.83,163.5078,41710247.84,1297.32
2011-11-25,163.4,164.234,41710247.84,1297.32
2011-11-28,166.63,166.7096,41710247.84,1297.32
2011-11-29,166.88,166.9996,41710247.84,1297.32
2011-11-30,170.13,169.8193,41749152.61,1298.53
2011-12-01,169.64,170.4012,41729700.42,1297.93
2011-12-02,169.92,169.9129,41729700.42,1297.93
2011-12-05,167.32,169.6154,41729700.42,1297.93
2011-12-06,168.18,166.111,41729700.42,1297.93
2011-12-07,169.34,168.7848,41661622.43,1295.81
2011-12-08,165.95,166.7884,41661622.43,1295.81
2011-12-09,166.4,166.2028,41648427.39,1295.4
2011-12-12,161.97,161.3829,41628977.81,1294.8
2011-12-13,158.45,162.6455,41628977.81,1294.8
2011-12-14,152.89,155.884,41628977.81,1294.8
2011-12-15,152.33,153.0616,41152483.53,1279.98
2011-12-16,155.23,155.0052,41152483.53,1279.98
2011-12-19,154.85,155.3892,41152483.53,1279.98
2011-12-20,156.98,156.8951,41152483.53,1279.98
2011-12-21,157.16,156.3584,40763532.25,1267.88
2011-12-22,156.04,156.2108,40335690.64,1254.57
2011-12-23,156.31,156.3064,40335690.64,1254.57
2011-12-27,154.91,156.2995,40335690.64,1254.57
2011-12-28,151.05,152.7477,40335690.64,1254.57
2011-12-29,150.34,148.8555,40335690.64,1254.57
2011-12-30,151.99,153.0848,40335690.64,1254.57
2012-01-03,155.92,155.3638,40335690.64,1254.57
2012-01-04,156.71,156.8211,40335690.64,1254.57
2012-01-05,157.78,155.4577,40335690.64,1254.57
2012-01-06,157.2,157.1581,40335690.64,1254.57
2012-01-09,156.5,157.007,40335690.64,1254.57
2012-01-10,158.64,159.1451,40335690.64,1254.57
2012-01-11,159.65,158.9002,40322451.77,1254.16
2012-01-12,160.38,161.4751,40322451.77,1254.16
2012-01-13,159.26,158.994,40322451.77,1254.16
2012-01-17,160.5,160.9803,40371056.92,1255.67
2012-01-18,161.6,160.1034,40371056.92,1255.67
2012-01-19,161.22,160.8795,40371056.92,1255.67
2012-01-20,162.07,160.6833,40371055.31,1255.67
2012-01-23,163.16,162.8657,40205808.06,1250.53
2012-01-24,162.01,161.8916,40205808.06,1250.53
2012-01-25,166.42,160.3828,40497413.1,1259.6
2012-01-26,167.27,167.8679,40546014.1,1261.11
2012-01-27,168.97,167.7688,40866777.14,1271.09
2012-01-30,168.03,168.055,40866777.14,1271.09
2012-01-31,169.31,169.5116,40866777.14,1271.09
2012-02-01,169.56,169.1208,40866777.14,1271.09
2012-02-02,171.05,170.1885,41061167.24,1277.14
2012-02-03,167.66,168.5338,41061167.24,1277.14
2012-02-06,167.18,167.0698,41061167.24,1277.14
2012-02-07,169.7,167.5541,41061167.24,1277.14
2012-02-08,168.5,169.6913,41061167.24,1277.14
2012-02-09,168.02,169.8839,41100042.28,1278.34
2012-02-10,167.14,166.3332,41109760.84,1278.65
2012-02-13,167.51,167.1542,41109760.84,1278.65
2012-02-14,167.12,167.3468,41097402.56,1278.26
2012-02-15,168.09,168.4142,41097402.56,1278.26
2012-02-16,168.0,166.4683,41194581.96,1281.28
2012-02-17,167.37,167.4385,41194581.96,1281.28
2012-02-21,171.02,169.8612,41204299.42,1281.59
2012-02-22,172.94,170.2482,41204299.42,1281.59
2012-02-23,173.02,172.6764,41243168.61,1282.8
2012-02-24,172.25,172.7231,41301471.76,1284.61
2012-02-27,171.7,172.1828,41301471.76,1284.61
2012-02-28,173.49,173.0557,41301471.76,1284.61
2012-02-29,164.29,171.9846,41592971.14,1293.68
2012-03-01,166.56,166.5395,41592971.14,1293.68
2012-03-02,166.36,165.8572,41592971.14,1293.68
2012-03-05,165.65,165.6574,41592971.14,1293.68
2012-03-06,162.71,162.1563,41592971.14,1293.68
2012-03-07,163.63,162.9808,41592971.14,1293.68
2012-03-08,165.28,164.194,41592971.14,1293.68
2012-03-09,166.4,163.9492,41592971.14,1293.68
2012-03-12,165.01,164.9159,41592971.14,1293.68
2012-03-13,162.13,164.185,41579862.59,1293.27
2012-03-14,159.57,159.7377,41579862.59,1293.27
2012-03-15,161.08,160.1003,41579862.59,1293.27
2012-03-16,161.3,161.0703,41579862.59,1293.27
2012-03-19,161.59,161.4051,41579862.59,1293.27
2012-03-20,160.13,160.9418,41482719.52,1290.25
2012-03-21,160.21,160.2112,41482719.52,1290.25
2012-03-22,159.54,158.8734,41239868.12,1282.69
2012-03-23,161.53,161.641,41239868.12,1282.69
2012-03-26,164.4,163.2148,41434142.48,1288.74
2012-03-27,163.24,164.3547,41366147.03,1286.62
2012-03-28,161.51,162.7982,41366147.03,1286.62
2012-03-29,161.28,160.9988,41366147.03,1286.62
2012-03-30,162.14,161.4828,41366147.03,1286.62
2012-04-02,162.94,162.9351,41366147.03,1286.62
2012-04-03,159.89,162.8119,41366147.03,1286.62
2012-04-04,157.17,157.4414,41366147.03,1286.62
2012-04-05,158.31,158.4114,41366147.03,1286.62
2012-04-09,159.37,158.4045,41366147.03,1286.62
2012-04-10,161.1,159.666,41351565.79,1286.17
2012-04-11,161.04,161.0241,41351565.79,1286.17
2012-04-12,162.72,162.0423,41351565.79,1286.17
2012-04-13,160.85,161.8463,41351565.79,1286.17
2012-04-16,160.46,160.5296,41351565.79,1286.17
2012-04-17,160.27,158.828,41351565.79,1286.17
2012-04-18,159.31,159.6519,41351565.79,1286.17
2012-04-19,159.43,160.233,41351565.79,1286.17
2012-04-20,159.54,159.4055,41351565.79,1286.17
2012-04-23,159.07,158.1861,41215617.02,1281.94
2012-04-24,159.3,160.1757,41215617.02,1281.94
2012-04-25,159.62,159.0326,41215617.02,1281.94
2012-04-26,161.03,160.5607,41215617.02,1281.94
2012-04-27,161.38,161.5304,41293299.18,1284.36
2012-04-30,161.88,160.3351,41099100.68,1278.31
2012-05-01,161.32,161.5719,40963162.81,1274.09
2012-05-02,160.6,160.0159,40963162.81,1274.09
2012-05-03,158.97,159.0185,40963162.81,1274.09
2012-05-04,159.47,159.5996,40963162.81,1274.09
2012-05-07,159.08,159.5944,40992291.26,1274.99
2012-05-08,156.0,155.5857,40992291.26,1274.99
2012-05-09,154.47,153.6413,40992291.26,1274.99
2012-05-10,154.76,155.1938,41060252.25,1277.11
2012-05-11,153.57,153.6865,41060252.25,1277.11
2012-05-14,151.33,151.3016,41060252.25,1277.11
2012-05-15,149.74,151.1056,41060252.25,1277.11
2012-05-16,149.46,150.3269,41043999.31,1276.6
2012-05-17,152.8,150.8593,41111953.95,1278.71
2012-05-18,154.55,154.3046,41247862.42,1282.94
2012-05-21,154.65,154.5909,41247862.42,1282.94
2012-05-22,152.08,153.6182,40684838.33,1265.43
2012-05-23,151.62,150.3637,40772202.66,1268.15
2012-05-24,151.41,152.2555,40840152.2,1270.26
2012-05-25,152.68,152.3509,40840152.2,1270.26
2012-05-29,151.02,153.3153,40840152.2,1270.26
2012-05-30,151.88,149.4782,40840152.2,1270.26
2012-05-31,151.62,151.2243,40840152.2,1270.26
2012-06-01,157.5,155.8834,40956627.98,1273.88
2012-06-04,157.32,155.8783,40956627.98,1273.88
2012-06-05,157.14,155.8766,40956627.98,1273.88
2012-06-06,157.21,158.6908,40985745.55,1274.79
2012-06-07,154.5,155.8732,40985745.55,1274.79
2012-06-08,154.73,153.0071,40985745.55,1274.79
2012-06-11,155.36,153.7303,40985745.55,1274.79
2012-06-12,156.45,155.622,40972422.45,1274.37
2012-06-13,157.14,157.1734,40972422.45,1274.37
2012-06-14,157.75,156.5893,41069471.89,1277.39
2012-06-15,157.84,157.9222,41069471.89,1277.39
2012-06-18,157.93,156.7765,41205335.16,1281.62
2012-06-19,157.16,157.7455,41205335.16,1281.62
2012-06-20,155.97,155.3656,41205335.16,1281.62
2012-06-21,152.0,153.5196,41205335.16,1281.62
2012-06-22,152.64,151.9164,41205335.16,1281.62
2012-06-25,153.76,152.3482,41205335.16,1281.62
2012-06-26,152.62,152.9289,41205335.16,1281.62
2012-06-27,152.83,152.6846,41205335.16,1281.62
2012-06-28,151.05,151.2269,41205335.16,1281.62
2012-06-29,155.19,155.1079,41137411.76,1279.51
2012-07-02,155.09,154.4719,41137411.76,1279.51
2012-07-03,157.46,156.9454,41137411.76,1279.51
2012-07-05,155.68,155.6316,41137411.76,1279.51
2012-07-06,153.72,153.9798,41123771.62,1279.08
2012-07-09,154.04,153.7806,41007344.64,1275.46
2012-07-10,152.15,154.7736,40871514.53,1271.24
2012-07-11,152.99,153.001,40871514.53,1271.24
2012-07-12,152.54,150.9858,40823005.02,1269.73
2012-07-13,154.14,154.7928,40823005.02,1269.73
2012-07-16,154.21,154.2298,40706586.88,1266.11
2012-07-17,153.47,153.7914,40706586.88,1266.11
2012-07-18,153.05,152.8194,40706586.88,1266.11
2012-07-19,153.38,153.6668,40415551.3,1257.05
2012-07-20,153.67,152.9131,40337942.74,1254.64
2012-07-23,153.03,152.5199,40337942.74,1254.64
2012-07-24,153.52,153.5857,40337942.74,1254.64
2012-07-25,155.67,155.3064,40270038.66,1252.53
2012-07-26,156.77,156.9543,40270038.66,1252.53
2012-07-27,157.61,156.9768,40143933.39,1248.61
2012-07-30,157.43,156.9231,40143933.39,1248.61
2012-07-31,156.54,157.3338,40250633.27,1251.92
2012-08-01,155.14,155.1003,40250633.27,1251.92
2012-08-02,154.13,154.9045,40250633.27,1251.92
2012-08-03,155.55,155.388,40347629.53,1254.94
2012-08-06,156.3,156.1592,40347629.53,1254.94
2012-08-07,156.32,156.2545,40347629.53,1254.94
2012-08-08,156.45,156.4711,40347629.53,1254.94
2012-08-09,156.99,156.6392,40347629.53,1254.94
2012-08-10,157.22,156.9772,40450726.44,1258.15
2012-08-13,155.99,157.36,40450726.44,1258.15
2012-08-14,155.13,154.9575,40450726.44,1258.15
2012-08-15,155.63,155.3438,40450726.44,1258.15
2012-08-16,156.56,155.6089,40625295.43,1263.58
2012-08-17,156.72,156.6014,40984128.24,1274.74
2012-08-20,157.26,156.6206,40984128.24,1274.74
2012-08-21,158.83,158.9954,41119897.41,1278.96
2012-08-22,160.54,159.2362,41216874.37,1281.98
2012-08-23,161.91,161.4897,41362338.79,1286.5
2012-08-24,161.96,161.6577,41362338.79,1286.5
2012-08-27,161.36,161.6524,41362338.79,1286.5
2012-08-28,161.64,161.7477,41459309.82,1289.52
2012-08-29,160.59,160.9699,41459309.82,1289.52
2012-08-30,160.52,161.0166,41459309.82,1289.52
2012-08-31,164.22,159.8508,41459309.82,1289.52
2012-09-04,164.48,164.5484,41575666.98,1293.14
2012-09-05,164.31,163.8676,41575666.98,1293.14
2012-09-06,164.9,164.9328,41575666.98,1293.14
2012-09-07,168.44,167.5501,41575666.98,1293.14
2012-09-10,167.29,167.9326,41575666.98,1293.14
2012-09-11,167.9,168.3915,41575666.98,1293.14
2012-09-12,167.92,168.414,41456017.61,1289.42
2012-09-13,171.33,168.0485,41552973.31,1292.43
2012-09-14,171.8,172.1437,41843838.49,1301.48
2012-09-17,170.4,171.6047,41843838.49,1301.48
2012-09-18,171.71,171.5544,41902008.94,1303.29
2012-09-19,171.74,171.2858,41969873.7,1305.4
2012-09-20,171.47,170.4839,42066822.19,1308.41
2012-09-21,171.96,173.0033,42367360.31,1317.76
2012-09-24,171.08,170.8643,42658193.12,1326.81
2012-09-25,170.73,171.7351,42803608.14,1331.33
2012-09-26,169.81,169.1393,42464311.67,1320.78
2012-09-27,172.36,170.9072,42464311.67,1320.78
2012-09-28,172.02,172.1659,42464311.67,1320.78
2012-10-01,172.35,173.227,42522474.05,1322.59
2012-10-02,172.1,172.1099,42522474.05,1322.59
2012-10-03,172.41,172.0838,42580635.02,1324.4
2012-10-04,173.61,173.6819,42871437.71,1333.44
2012-10-05,172.62,172.9285,42871437.71,1333.44
2012-10-08,172.05,171.9046,43099106.5,1340.52
2012-10-09,170.99,171.9512,43099106.5,1340.52
2012-10-10,170.84,170.7133,43099106.5,1340.52
2012-10-11,171.32,171.4627,43099106.5,1340.52
2012-10-12,170.05,171.2427,43099106.5,1340.52
2012-10-15,168.35,168.2563,42885878.49,1333.89
2012-10-16,169.42,169.2723,42885878.49,1333.89
2012-10-17,169.54,169.5128,42885878.49,1333.89
2012-10-18,168.77,168.9293,42885878.49,1333.89
2012-10-19,166.94,168.3458,42895570.25,1334.19
2012-10-22,167.58,167.3467,42982793.06,1336.9
2012-10-23,165.42,165.818,42982793.06,1336.9
2012-10-24,164.86,165.38,42982793.06,1336.9
2012-10-25,166.02,166.2506,42982793.06,1336.9
2012-10-26,165.94,166.2973,42963411.1,1336.3
2012-10-31,166.86,166.579,42963411.1,1336.3
2012-11-01,166.08,166.3106,42963411.1,1336.3
2012-11-02,162.6,163.2795,42963411.1,1336.3
2012-11-05,163.23,163.1287,42837442.99,1332.38
2012-11-06,166.4,163.8539,42905271.36,1334.49
2012-11-07,166.49,166.2029,42992478.82,1337.21
2012-11-08,167.98,166.3707,43069995.75,1339.62
2012-11-09,167.82,168.4288,43040927.06,1338.71
2012-11-12,167.43,168.1325,43040927.06,1338.71
2012-11-13,167.1,167.2582,43040927.06,1338.71
2012-11-14,167.14,167.2079,42963415.08,1336.3
2012-11-15,166.08,165.6793,43069992.38,1339.62
2012-11-16,165.88,166.0167,43166879.89,1342.63
2012-11-19,167.9,167.6592,43152988.94,1342.2
2012-11-20,167.39,167.827,43152988.94,1342.2
2012-11-21,167.56,167.0257,43152988.94,1342.2
2012-11-23,169.63,168.0395,43152988.94,1342.2
2012-11-26,169.43,169.5845,43152988.94,1342.2
2012-11-27,168.71,169.1708,43269240.87,1345.81
2012-11-28,166.55,165.4622,43307990.81,1347.02
2012-11-29,167.23,167.1078,43307990.81,1347.02
2012-11-30,166.05,167.2029,43366114.66,1348.83
2012-12-03,166.13,166.616,43366114.66,1348.83
2012-12-04,164.41,164.458,43443609.22,1351.24
2012-12-05,164.12,164.0928,43453295.92,1351.54
2012-12-06,164.5,164.1152,43453295.92,1351.54
2012-12-07,165.13,164.816,43511414.99,1353.35
2012-12-10,165.8,165.8765,43511414.99,1353.35
2012-12-11,165.65,165.6325,43449599.66,1351.42
2012-12-12,165.79,166.2361,43449599.66,1351.42
2012-12-13,164.39,163.9577,43449599.66,1351.42
2012-12-14,164.15,164.295,43449599.66,1351.42
2012-12-17,164.46,164.2411,43420543.29,1350.52
2012-12-18,162.06,164.0698,43420543.29,1350.52
2012-12-19,161.69,161.2586,43420543.29,1350.52
2012-12-20,159.71,159.8521,43420543.29,1350.52
2012-12-21,160.33,159.9472,43430228.26,1350.82
2012-12-24,160.62,161.0076,43430228.26,1350.82
2012-12-26,160.8,161.0041,43430228.26,1350.82
2012-12-27,161.16,160.3242,43430228.26,1350.82
2012-12-28,160.54,160.5162,43430228.26,1350.82
2012-12-31,162.02,161.1406,43430228.26,1350.82
2013-01-02,163.17,164.0191,43401176.89,1349.92
2013-01-03,161.22,162.6369,43091300.19,1340.28
2013-01-04,160.47,159.5835,43149400.96,1342.09
2013-01-07,159.43,159.3118,43106141.92,1340.74
2013-01-08,160.56,160.3511,43077092.8,1339.84
2013-01-09,160.49,160.5189,43077092.8,1339.84
2013-01-10,161.98,162.1877,43009312.88,1337.73
2013-01-11,161.06,160.4911,43009312.88,1337.73
2013-01-14,161.54,161.3574,43009312.88,1337.73
2013-01-15,162.54,162.7115,42980265.9,1336.83
2013-01-16,162.65,162.2981,42902808.18,1334.42
2013-01-17,163.35,162.1753,42844715.54,1332.61
2013-01-18,163.09,163.4809,42844715.54,1332.61
2013-01-22,163.67,163.6674,42951213.14,1335.92
2013-01-23,163.21,163.6414,42893124.18,1334.11
2013-01-24,161.42,161.7754,42815673.37,1331.71
2013-01-25,160.65,160.7083,42757586.04,1329.9
2013-01-28,160.29,160.3641,42699500.65,1328.09
2013-01-29,160.99,161.0402,42699500.65,1328.09
2013-01-30,162.19,162.3943,42699500.65,1328.09
2013-01-31,161.2,161.1577,42699500.65,1328.09
2013-02-01,161.45,161.5676,42699500.65,1328.09
2013-02-04,162.0,161.2717,42699500.65,1328.09
2013-02-05,161.96,161.9963,42699500.65,1328.09
2013-02-06,162.39,162.0671,42699500.65,1328.09
2013-02-07,161.84,161.4601,42757579.81,1329.9
2013-02-08,161.57,161.4825,42660782.25,1326.89
2013-02-11,159.73,159.9035,42660782.25,1326.89
2013-02-12,159.89,159.4659,42660782.25,1326.89
2013-02-13,159.05,159.2221,42631744.8,1325.99
2013-02-14,158.32,159.3172,42534954.3,1322.97
2013-02-15,155.76,156.0469,42534954.3,1322.97
2013-02-19,155.35,155.6043,42438170.44,1319.96
2013-02-20,151.41,153.7383,41770374.36,1299.19
2013-02-21,152.62,152.6228,41484641.62,1290.31
2013-02-22,152.97,152.5728,41174947.45,1280.67
2013-02-25,154.34,153.5117,40923328.62,1272.85
2013-02-26,156.22,153.9215,40845908.22,1270.44
2013-02-27,154.57,155.2509,40458809.1,1258.4
2013-02-28,152.96,153.7244,40333003.77,1254.49
2013-03-01,152.44,153.1177,40313649.35,1253.88
2013-03-04,152.3,152.3381,40294295.61,1253.28
2013-03-05,152.38,152.8689,40023345.77,1244.86
2013-03-06,153.23,152.3106,40023345.77,1244.86
2013-03-07,152.69,152.8414,39965286.37,1243.05
2013-03-08,152.71,153.0575,39858845.22,1239.74
2013-03-11,152.99,152.7863,39762083.81,1236.73
2013-03-12,154.19,154.2368,39748497.42,1236.31
2013-03-13,153.66,153.7754,39748497.42,1236.31
2013-03-14,153.68,153.4592,39748497.42,1236.31
2013-03-15,153.97,154.3769,39642063.95,1233.0
2013-03-18,155.38,155.1703,39206667.98,1219.45
2013-03-19,156.08,155.8461,39293746.33,1222.16
2013-03-20,155.38,155.5298,39293746.33,1222.16
2013-03-21,156.21,156.133,39264720.83,1221.26
2013-03-22,155.55,155.5506,39264720.83,1221.26
2013-03-25,155.24,154.7228,39264720.83,1221.26
2013-03-26,154.72,154.6002,39264720.83,1221.26
2013-03-27,155.36,155.0824,39264720.83,1221.26
2013-03-28,154.45,154.621,39264720.83,1221.26
2013-04-01,154.67,154.6142,39129285.28,1217.05
2013-04-02,152.43,153.185,38868092.11,1208.92
2013-04-03,150.73,152.3364,38781028.89,1206.22
2013-04-04,150.29,149.6007,38781028.89,1206.22
2013-04-05,152.81,151.6799,38752008.51,1205.31
2013-04-08,152.16,152.3523,38752008.51,1205.31
2013-04-09,153.34,152.5684,38593255.69,1200.38
2013-04-10,150.75,152.3491,38051570.1,1183.53
2013-04-11,151.05,151.3799,37983860.22,1181.42
2013-04-12,143.95,148.5242,37248735.63,1158.56
2013-04-15,131.31,134.9261,37113325.95,1154.34
2013-04-16,132.8,133.4734,36842510.43,1145.92
2013-04-17,132.87,134.6329,36484650.02,1134.79
2013-04-18,134.3,134.8007,36426619.21,1132.99
2013-04-19,135.47,135.9361,36107452.35,1123.06
2013-04-22,137.9,137.7698,35517493.78,1104.71
2013-04-23,136.88,136.1719,35275711.2,1097.19
2013-04-24,138.38,138.1538,35140313.66,1092.98
2013-04-25,141.63,140.3292,35053272.79,1090.27
2013-04-26,140.91,142.3111,34821165.0,1083.05
2013-04-29,142.3,141.9194,34743798.37,1080.64
2013-04-30,142.77,142.063,34676103.28,1078.54
2013-05-01,141.11,140.6827,34569726.95,1075.23
2013-05-02,141.92,142.0841,34376316.61,1069.21
2013-05-03,142.09,142.0825,34260271.68,1065.61
2013-05-06,142.15,142.0778,34153900.65,1062.3
2013-05-07,140.38,139.6575,34008852.21,1057.79
2013-05-08,142.46,141.9538,33805784.75,1051.47
2013-05-09,140.81,141.7104,33892812.62,1054.18
2013-05-10,139.6,137.9355,33811468.47,1051.65
2013-05-13,138.43,138.342,33811468.47,1051.65
2013-05-14,137.81,138.6306,33811468.47,1051.65
2013-05-15,134.65,136.3321,33666434.3,1047.13
2013-05-16,134.09,133.5259,33482727.36,1041.42
2013-05-17,131.07,132.3397,33386040.8,1038.41
2013-05-20,135.16,130.9814,33163669.76,1031.5
2013-05-21,132.89,131.5602,32892959.74,1023.08
2013-05-22,131.94,136.1769,32796277.52,1020.07
2013-05-23,134.61,133.4674,32747937.28,1018.57
2013-05-24,133.76,134.4089,32670593.55,1016.16
2013-05-28,133.49,133.0732,32544916.0,1012.25
2013-05-29,134.83,133.652,32573918.24,1013.15
2013-05-30,136.7,136.6487,32573918.24,1013.15
2013-05-31,133.92,134.8096,32573918.24,1013.15
2013-06-03,136.51,135.5789,32573918.24,1013.15
2013-06-04,135.23,135.2873,32486916.77,1010.45
2013-06-05,135.52,135.721,32486916.77,1010.45
2013-06-06,136.53,135.3327,32399917.19,1007.74
2013-06-07,133.28,133.9772,32380584.27,1007.14
2013-06-10,133.96,133.7068,32467579.48,1009.85
2013-06-11,133.25,132.8349,32467579.48,1009.85
2013-06-12,134.25,133.6555,32467579.48,1009.85
2013-06-13,133.74,133.8717,32264597.16,1003.53
2013-06-14,134.43,134.4747,32264597.16,1003.53
2013-06-17,133.77,133.8416,32252855.33,1003.17
2013-06-18,132.13,132.0999,32204529.04,1001.66
2013-06-19,130.59,132.6785,32136872.89,999.56
2013-06-20,123.6,124.9185,32001564.66,995.35
2013-06-21,125.05,125.183,31827598.71,989.94
2013-06-24,123.93,124.3571,31692296.65,985.73
2013-06-25,123.47,123.6065,31170424.23,969.5
2013-06-26,118.28,119.472,31170424.23,969.5
2013-06-27,115.92,119.1323,31170424.23,969.5
2013-06-28,119.15,115.1912,31170424.23,969.5
2013-07-01,121.13,120.094,31131769.95,968.3
2013-07-02,120.07,121.0353,31015807.97,964.69
2013-07-03,120.74,120.7923,31015807.97,964.69
2013-07-05,118.09,117.1883,30928840.8,961.99
2013-07-08,119.51,119.3597,30445700.8,946.96
2013-07-09,120.62,121.3163,30213793.99,939.75
2013-07-10,120.95,121.3633,30192195.27,939.07
2013-07-11,124.25,124.1646,30192195.27,939.07
2013-07-12,124.13,123.6559,30192195.27,939.07
2013-07-15,124.18,124.1351,30192195.27,939.07
2013-07-16,124.9,124.7861,30143884.76,937.57
2013-07-17,123.32,125.3404,30095574.72,936.07
2013-07-18,124.05,123.986,30066589.1,935.17
2013-07-19,125.11,125.1927,29979632.96,932.46
2013-07-22,128.84,128.2087,29940986.77,931.26
2013-07-23,129.71,128.8355,29892679.48,929.76
2013-07-24,127.5,128.9791,29892679.48,929.76
2013-07-25,128.67,128.1079,29815389.67,927.36
2013-07-26,128.8,128.5897,29815389.67,927.36
2013-07-29,128.47,128.4647,29815389.67,927.36
2013-07-30,128.12,127.922,29815389.67,927.36
2013-07-31,127.96,126.988,29815389.67,927.36
2013-08-01,126.62,127.0349,29612520.2,921.05
2013-08-02,126.36,126.4778,29535237.59,918.64
2013-08-05,125.69,126.0388,29486937.62,917.14
2013-08-06,123.97,123.6937,29419319.03,915.04
2013-08-07,124.15,123.8857,29274423.53,910.53
2013-08-08,126.86,125.4065,29235784.91,909.33
2013-08-09,126.86,126.444,29293742.45,911.13
2013-08-12,129.13,129.5326,29293742.45,911.13
2013-08-13,127.74,128.3231,29293742.45,911.13
2013-08-14,129.0,128.1284,29361356.37,913.23
2013-08-15,131.67,128.4411,29351264.91,912.92
2013-08-16,132.58,132.2559,29428536.91,915.32
2013-08-19,132.01,131.8409,29331950.16,912.32
2013-08-20,132.45,132.5641,29389901.67,914.12
2013-08-21,132.07,131.6448,29370584.75,913.52
2013-08-22,132.81,132.851,29370584.75,913.52
2013-08-23,134.9,133.0428,29583066.87,920.13
2013-08-26,135.45,133.0384,29583066.87,920.13
2013-08-27,136.72,137.0705,29612040.73,921.03
2013-08-28,136.69,137.0932,29612040.73,921.03
2013-08-29,135.86,135.9565,29612040.73,921.03
2013-08-30,134.62,134.699,29612040.73,921.03
2013-09-03,136.42,135.152,29554097.74,919.23
2013-09-04,134.62,134.2327,29554097.74,919.23
2013-09-05,132.2,133.7482,29554097.74,919.23
2013-09-06,134.15,133.9399,29554097.74,919.23
2013-09-09,133.91,134.2254,29486502.23,917.13
2013-09-10,131.74,131.1565,29486502.23,917.13
2013-09-11,131.7,131.6864,29486502.23,917.13
2013-09-12,127.67,128.231,29486502.23,917.13
2013-09-13,127.82,127.3118,29293386.09,911.12
2013-09-16,126.45,127.839,29293386.09,911.12
2013-09-17,126.5,126.7024,29293386.09,911.12
2013-09-18,132.16,125.6141,29293386.09,911.12
2013-09-19,131.77,131.8443,29321592.38,912.0
2013-09-20,127.9,130.2734,29263660.89,910.19
2013-09-23,127.53,127.734,29244351.14,909.59
2013-09-24,127.67,126.8875,29244351.14,909.59
2013-09-25,128.79,127.707,29244351.14,909.59
2013-09-26,127.79,128.6956,29244351.14,909.59
2013-09-27,128.97,129.4668,29128497.2,905.99
2013-09-30,128.17,128.0621,29128497.2,905.99
2013-10-01,124.59,124.608,29128497.2,905.99
2013-10-02,127.06,126.1036,28993343.07,901.79
2013-10-03,127.18,127.0439,28935420.31,899.99
2013-10-04,126.53,126.4389,28935420.31,899.99
2013-10-07,127.64,127.7627,28935420.31,899.99
2013-10-08,127.4,128.3408,28877500.45,898.18
2013-10-09,126.11,125.8766,28877500.45,898.18
2013-10-10,124.27,125.344,28819582.53,896.38
2013-10-11,122.6,122.1555,28645833.05,890.98
2013-10-14,122.87,124.0831,28586470.34,889.13
2013-10-15,123.73,122.6336,28586470.34,889.13
2013-10-16,123.54,122.9219,28470642.88,885.53
2013-10-17,127.43,127.3374,28364468.08,882.23
2013-10-18,126.85,127.0705,28364468.08,882.23
2013-10-21,126.98,127.1628,28026654.07,871.72
2013-10-22,129.34,128.6579,28238992.63,878.32
2013-10-23,128.69,128.4875,28238992.63,878.32
2013-10-24,129.9,129.7894,28181083.24,876.52
2013-10-25,130.45,130.0776,28036311.27,872.02
2013-10-28,130.56,131.3525,28036311.27,872.02
2013-10-29,129.77,130.2167,28036311.27,872.02
2013-10-30,129.6,130.7463,28036311.27,872.02
2013-10-31,127.74,127.7762,28036311.27,872.02
2013-11-01,126.95,126.1094,27852949.6,866.32
2013-11-04,126.81,127.4327,27852949.6,866.32
2013-11-05,126.56,126.1521,27852949.6,866.32
2013-11-06,127.2,127.2851,27920500.46,868.42
2013-11-07,126.16,126.1493,27920500.46,868.42
2013-11-08,124.26,124.0482,27920500.46,868.42
2013-11-11,123.87,123.7545,27920500.46,868.42
2013-11-12,122.45,123.6324,27920500.46,868.42
2013-11-13,122.85,122.7863,27833532.95,865.71
2013-11-14,124.27,124.0878,27833532.95,865.71
2013-11-15,124.32,124.2071,27833532.95,865.71
2013-11-18,122.9,123.8411,27794938.13,864.51
2013-11-19,122.97,123.0918,27746695.2,863.01
2013-11-20,120.09,121.2809,27659859.22,860.31
2013-11-21,119.94,119.6389,27544079.59,856.71
2013-11-22,119.92,120.2408,27399356.44,852.21
2013-11-25,120.46,119.9232,27293229.72,848.91
2013-11-26,119.82,120.3562,27293229.72,848.91
2013-11-27,119.46,120.1136,27109923.84,843.21
2013-11-29,120.7,120.883,27109923.84,843.21
2013-12-02,117.58,118.6111,27109923.84,843.21
2013-12-03,117.97,117.4275,27052042.12,841.41
2013-12-04,119.96,118.4155,26965220.18,838.71
2013-12-05,118.3,117.9316,26965220.18,838.71
2013-12-06,118.55,118.9437,26868753.28,835.71
2013-12-09,118.96,119.3258,26868753.28,835.71
2013-12-10,121.82,122.1474,26868753.28,835.71
2013-12-11,120.86,121.6153,26801229.43,833.6
2013-12-12,118.29,118.1878,26608309.07,827.6
2013-12-13,119.38,118.838,26608309.07,827.6
2013-12-16,119.69,119.0995,26328585.62,818.9
2013-12-17,118.65,118.8087,26261552.86,816.82
2013-12-18,117.67,118.6868,26126517.15,812.62
2013-12-19,114.82,115.357,26001129.14,808.72
2013-12-20,115.94,115.2833,26174741.36,814.12
2013-12-23,115.57,115.6413,25904686.51,805.72
2013-12-24,116.1,115.3989,25904686.51,805.72
2013-12-26,116.74,115.3963,25856464.05,804.22
2013-12-27,117.12,117.1317,25760019.68,801.22
2013-12-30,115.4,116.1631,25663578.79,798.22
2013-12-31,116.12,115.8723,25663578.79,798.22
2014-01-02,118.0,118.1371,25547852.7,794.62
2014-01-03,119.29,119.0523,25547852.7,794.62
2014-01-06,119.5,120.182,25547852.7,794.62
2014-01-07,118.82,118.3717,25547852.7,794.62
2014-01-08,118.12,117.7433,25499636.76,793.12
2014-01-09,118.46,118.2244,25499636.76,793.12
2014-01-10,120.26,119.9839,25499636.76,793.12
2014-01-13,121.02,120.3417,25499636.76,793.12
2014-01-14,119.89,120.6781,25385022.33,789.56
2014-01-15,119.66,119.1818,25385022.33,789.56
2014-01-16,119.79,119.711,25385022.33,789.56
2014-01-17,120.93,120.5295,25626081.26,797.05
2014-01-21,119.7,119.3668,25626081.26,797.05
2014-01-22,119.19,119.6548,25587514.02,795.85
2014-01-23,121.79,121.7754,25413962.45,790.46
2014-01-24,122.29,122.1598,25413962.45,790.46
2014-01-27,120.96,121.5289,25413962.45,790.46
2014-01-28,120.95,120.6354,25413962.45,790.46
2014-01-29,122.47,121.8638,25481450.31,792.56
2014-01-30,119.76,119.7889,25500732.22,793.16
2014-01-31,120.09,120.6073,25500732.22,793.16
2014-02-03,121.32,121.6643,25500732.22,793.16
2014-02-04,120.99,120.5297,25626058.06,797.05
2014-02-05,121.29,120.9383,25626058.06,797.05
2014-02-06,121.24,121.1299,25626058.06,797.05
2014-02-07,122.17,121.3938,25626058.06,797.05
2014-02-10,122.92,123.1017,25626058.06,797.05
2014-02-11,124.36,123.5826,25683897.01,798.85
2014-02-12,124.43,124.3046,25683897.01,798.85
2014-02-13,125.49,124.9301,25924888.71,806.35
2014-02-14,127.15,127.2434,25761014.61,801.25
2014-02-18,127.4,127.3102,25761014.61,801.25
2014-02-19,126.29,127.2847,25579641.67,795.61
2014-02-20,127.6,126.8735,25579641.67,795.61
2014-02-21,127.58,127.547,25666391.95,798.31
2014-02-24,128.99,128.6516,25772416.9,801.61
2014-02-25,129.21,129.06,25839886.64,803.7
2014-02-26,128.11,128.3596,25839886.64,803.7
2014-02-27,128.2,128.4064,25839886.64,803.7
2014-02-28,127.62,127.8506,25839886.64,803.7
2014-03-03,130.29,130.0639,25839886.64,803.7
2014-03-04,128.68,128.6404,25839886.64,803.7
2014-03-05,128.89,128.8559,25839886.64,803.7
2014-03-06,130.17,129.6499,25839886.64,803.7
2014-03-07,129.09,128.6843,25888074.0,805.2
2014-03-10,129.13,129.5237,26129003.57,812.7
2014-03-11,129.86,129.7393,26129003.57,812.7
2014-03-12,131.76,131.642,26080818.34,811.2
2014-03-13,132.21,131.9057,26148276.99,813.3
2014-03-14,133.1,133.4711,26254282.89,816.59
2014-03-17,131.64,132.84,26131551.33,812.78
2014-03-18,130.62,130.6456,26131551.33,812.78
2014-03-19,128.09,128.9333,26131551.33,812.78
2014-03-20,127.86,127.8716,26131551.33,812.78
2014-03-21,128.43,128.7377,26266456.11,816.97
2014-03-24,126.18,126.2996,26410991.27,821.47
2014-03-25,126.41,126.5633,26324271.06,818.77
2014-03-26,125.41,125.6462,26266458.38,816.97
2014-03-27,124.59,124.8737,26266458.38,816.97
2014-03-28,124.56,124.7519,26266458.38,816.97
2014-03-31,123.61,124.4586,26141204.89,813.08
2014-04-01,123.39,123.6861,26073761.63,810.98
2014-04-02,124.32,124.48,26073761.63,810.98
2014-04-03,123.92,123.7075,26073761.63,810.98
2014-04-04,125.57,124.9833,26015954.73,809.18
2014-04-07,124.91,125.1479,26015954.73,809.18
2014-04-08,126.09,126.1586,25929247.78,806.48
2014-04-09,126.32,125.4102,25929247.78,806.48
2014-04-10,127.0,127.2162,25920818.8,806.22
2014-04-11,126.93,126.9739,25863015.83,804.42
2014-04-14,127.85,127.7165,25920816.99,806.22
2014-04-15,125.49,125.0411,25940083.72,806.82
2014-04-16,125.54,125.377,25670352.19,798.43
2014-04-17,124.75,125.1347,25564387.45,795.14
2014-04-21,124.24,125.1292,25468060.09,792.14
2014-04-22,123.78,123.9475,25468060.09,792.14
2014-04-23,123.76,123.8016,25468060.09,792.14
2014-04-24,124.56,124.4025,25468060.09,792.14
2014-04-25,125.43,125.3406,25468060.09,792.14
2014-04-28,124.88,125.1197,25468060.09,792.14
2014-04-29,124.86,124.9978,25468060.09,792.14
2014-04-30,124.22,124.1052,25333215.54,787.94
2014-05-01,123.8,123.1402,25256162.62,785.55
2014-05-02,125.06,123.4038,25169478.95,782.85
2014-05-05,126.22,123.3998,25169478.95,782.85
2014-05-06,125.98,125.8074,25169478.95,782.85
2014-05-07,124.17,124.8184,25169478.95,782.85
2014-05-08,124.17,123.9498,25169478.95,782.85
2014-05-09,124.1,124.3579,25169478.95,782.85
2014-05-12,124.94,125.0765,25092434.69,780.46
2014-05-13,124.6,124.8584,25092434.69,780.46
2014-05-14,125.81,125.7001,25092434.69,780.46
2014-05-15,124.77,125.0965,25150215.99,782.25
2014-05-16,124.5,124.3724,25141595.87,781.98
2014-05-19,124.58,125.3798,25141595.87,781.98
2014-05-20,124.69,124.7523,25083817.9,780.19
2014-05-21,124.39,123.9562,24977892.99,776.89
2014-05-22,124.68,125.0385,24977892.99,776.89
2014-05-23,124.51,124.3629,24977892.99,776.89
2014-05-27,121.85,122.8162,25247501.26,785.28
2014-05-28,121.2,121.6589,25247501.26,785.28
2014-05-29,120.94,120.8388,25247501.26,785.28
2014-05-30,120.43,120.404,25247501.26,785.28
2014-06-02,119.7,120.087,25247501.26,785.28
2014-06-03,120.01,119.6522,25305269.38,787.08
2014-06-04,119.76,119.8917,25305269.38,787.08
2014-06-05,120.66,120.5888,25305269.38,787.08
2014-06-06,120.61,120.1058,25305269.38,787.08
2014-06-09,120.65,120.6798,25305269.38,787.08
2014-06-10,121.39,121.2565,25305269.38,787.08
2014-06-11,121.41,121.496,25305269.38,787.08
2014-06-12,122.64,121.8559,25305269.38,787.08
2014-06-13,122.96,122.5529,25305269.38,787.08
2014-06-16,122.42,122.8619,25170494.31,782.88
2014-06-17,122.28,122.0177,25162030.61,782.62
2014-06-18,122.67,122.233,25162030.61,782.62
2014-06-19,126.94,124.4705,25162030.61,782.62
2014-06-20,126.5,126.3469,25162030.61,782.62
2014-06-23,126.85,126.4391,25239039.56,785.02
2014-06-24,126.98,126.9191,25239039.56,785.02
2014-06-25,126.99,126.7492,25239039.56,785.02
2014-06-26,126.73,126.2664,25239039.56,785.02
2014-06-27,126.66,126.8187,25239039.56,785.02
2014-06-30,128.04,126.5738,25421921.83,790.7
2014-07-01,127.7,127.7761,25604802.84,796.39
2014-07-02,127.7,127.6784,25604802.84,796.39
2014-07-03,127.0,126.8103,25604802.84,796.39
2014-07-07,127.02,126.3714,25662550.64,798.19
2014-07-08,127.07,127.333,25729922.6,800.28
2014-07-09,127.84,127.3075,25729922.6,800.28
2014-07-10,128.54,128.9913,25722320.36,800.05
2014-07-11,128.78,128.4845,25722320.36,800.05
2014-07-14,125.72,125.6886,26001414.39,808.73
2014-07-15,124.53,126.0722,26001414.39,808.73
2014-07-16,124.97,125.2045,25914801.0,806.03
2014-07-17,127.07,125.3475,25828188.53,803.34
2014-07-18,126.13,125.8034,25885929.61,805.14
2014-07-21,126.34,126.2084,25828190.36,803.34
2014-07-22,125.74,126.0867,25876305.86,804.84
2014-07-23,125.62,125.8687,25895551.83,805.44
2014-07-24,124.35,124.3993,25780077.75,801.84
2014-07-25,125.79,124.5904,25780077.75,801.84
2014-07-28,125.58,125.5249,25780077.75,801.84
2014-07-29,125.2,125.0182,25780077.75,801.84
2014-07-30,124.83,124.5595,25780077.75,801.84
2014-07-31,123.39,123.6677,25780077.75,801.84
2014-08-01,124.39,124.2439,25780077.75,801.84
2014-08-04,123.99,124.1677,25722347.73,800.05
2014-08-05,123.87,123.6128,25722347.73,800.05
2014-08-06,125.67,125.7052,25645375.56,797.65
2014-08-07,126.18,125.5835,25645375.56,797.65
2014-08-08,126.19,126.0153,25587647.61,795.86
2014-08-11,125.96,125.7705,25587647.61,795.86
2014-08-12,125.99,126.5874,25587647.61,795.86
2014-08-13,126.2,126.225,25579227.46,795.6
2014-08-14,126.31,126.3679,25579227.46,795.6
2014-08-15,125.48,124.6825,25579227.46,795.6
2014-08-18,124.96,124.7505,25646569.19,797.69
2014-08-19,124.68,124.7251,25694669.89,799.19
2014-08-20,124.22,124.5794,25723529.99,800.08
2014-08-21,122.88,122.6774,25723529.99,800.08
2014-08-22,123.19,122.8685,25723529.99,800.08
2014-08-25,122.74,122.8645,25627335.42,797.09
2014-08-26,123.35,123.7052,25579238.52,795.6
2014-08-27,123.33,123.3911,25579238.52,795.6
2014-08-28,124.0,124.2799,25579238.52,795.6
2014-08-29,123.86,123.6771,25560000.4,795.0
2014-09-02,121.65,121.8673,25502288.99,793.2
2014-09-03,122.15,121.7216,25415722.86,790.51
2014-09-04,121.48,122.2977,25261828.85,785.72
2014-09-05,122.06,121.767,25261828.85,785.72
2014-09-08,120.73,121.0894,25261828.85,785.72
2014-09-09,120.87,120.7753,25261828.85,785.72
2014-09-10,120.26,120.3169,25358005.39,788.72
2014-09-11,119.47,119.3773,25347990.48,788.4
2014-09-12,118.38,118.438,25347990.48,788.4
2014-09-15,118.64,118.6987,25347990.48,788.4
2014-09-16,118.83,118.505,25213353.04,784.22
2014-09-17,117.54,118.8644,25213353.04,784.22
2014-09-18,117.78,117.3721,25213353.04,784.22
2014-09-19,117.09,117.2986,24963321.1,776.44
2014-09-22,116.85,116.6936,24905623.42,774.65
2014-09-23,117.6,117.5099,24867158.63,773.45
2014-09-24,117.05,117.0517,24867158.63,773.45
2014-09-25,117.39,116.7138,24867158.63,773.45
2014-09-26,117.06,116.7125,24828695.19,772.25
2014-09-29,117.03,117.2618,24828695.19,772.25
2014-09-30,116.21,116.9719,24751771.63,769.86
2014-10-01,116.77,116.9706,24713310.27,768.66
2014-10-02,116.74,116.5124,24674849.4,767.47
2014-10-03,114.61,114.8998,24674849.4,767.47
2014-10-06,116.03,114.9682,24674849.4,767.47
2014-10-07,116.36,116.3858,24674849.4,767.47
2014-10-08,117.49,117.0098,24501786.36,762.08
2014-10-09,117.64,117.9465,24501786.36,762.08
2014-10-10,117.59,117.1997,24416747.43,759.44
2014-10-13,118.52,118.1575,24474432.12,761.23
2014-10-14,118.59,118.7091,24474432.12,761.23
2014-10-15,118.99,118.9723,24407134.67,759.14
2014-10-16,119.22,118.995,24464817.57,760.93
2014-10-17,118.99,118.6571,24464817.57,760.93
2014-10-20,119.8,119.6389,24176415.15,751.96
2014-10-21,120.02,120.1906,24176415.15,751.96
2014-10-22,119.34,119.5642,24109122.75,749.87
2014-10-23,118.52,118.505,24109122.75,749.87
2014-10-24,118.35,118.5037,23964928.38,745.39
2014-10-27,118.06,118.1152,23964928.38,745.39
2014-10-28,118.1,118.162,23907253.23,743.59
2014-10-29,116.41,117.6077,23868803.63,742.4
2014-10-30,115.19,115.5388,23830354.76,741.2
2014-10-31,112.66,111.9073,23830354.76,741.2
2014-11-03,112.15,112.2402,23830654.76,741.21
2014-11-04,112.22,112.1188,23753762.35,738.82
2014-11-05,109.79,109.7614,23657349.0,735.82
2014-11-06,109.88,110.0487,23561236.56,732.83
2014-11-07,112.97,110.9611,23378624.06,727.15
2014-11-10,110.46,111.6787,23320958.63,725.36
2014-11-11,112.04,111.1486,23292126.31,724.46
2014-11-12,111.5,111.9167,23234462.05,722.67
2014-11-13,111.67,111.651,23168508.44,720.62
2014-11-14,114.47,112.3468,23168508.44,720.62
2014-11-17,114.05,113.6409,23245390.23,723.01
2014-11-18,115.05,114.625,23245390.23,723.01
2014-11-19,113.68,114.9362,23178119.88,720.91
2014-11-20,114.86,114.3581,23178119.88,720.91
2014-11-21,115.39,115.6787,23178119.88,720.91
2014-11-24,115.11,115.0741,23178119.88,720.91
2014-11-25,115.38,115.217,23178119.88,720.91
2014-11-26,115.16,115.0715,23110854.68,718.82
2014-11-28,112.11,113.6511,23072418.47,717.63
2014-12-01,116.62,114.7288,23072418.47,717.63
2014-12-02,115.14,114.8237,23149287.9,720.02
2014-12-03,116.33,115.7597,23149287.9,720.02
2014-12-04,115.88,116.167,23149287.9,720.02
2014-12-05,114.43,114.7238,23178112.97,720.91
2014-12-08,115.78,114.6239,23120464.76,719.12
2014-12-09,118.19,117.8912,23206937.49,721.81
2014-12-10,117.95,118.0821,23303017.34,724.8
2014-12-11,117.69,116.8551,23333519.88,725.75
2014-12-12,117.41,116.9259,23333519.88,725.75
2014-12-15,114.42,116.1773,23256660.8,723.36
2014-12-16,114.95,115.5274,23199017.22,721.56
2014-12-17,114.27,114.8774,23199017.22,721.56
2014-12-18,115.15,115.1885,23199017.22,721.56
2014-12-19,114.77,114.8509,23295086.53,724.55
2014-12-22,112.55,114.8231,23295086.53,724.55
2014-12-23,112.74,112.9478,22920434.98,712.9
2014-12-24,112.77,113.0667,22920434.98,712.9
2014-12-26,114.83,113.0642,22901222.7,712.3
2014-12-29,113.67,113.8774,22901222.7,712.3
2014-12-30,115.2,115.8462,22853193.59,710.81
2014-12-31,113.58,115.1963,22795559.43,709.02
2015-01-02,114.08,112.575,22795559.43,709.02
2015-01-05,115.8,115.2621,22853190.49,710.81
2015-01-06,117.12,116.2459,22757139.35,707.82
2015-01-07,116.43,116.2686,22661089.25,704.83
2015-01-08,115.94,116.7479,22661089.25,704.83
2015-01-09,117.26,116.9628,22757137.56,707.82
2015-01-12,118.56,117.7999,22757137.56,707.82
2015-01-13,118.16,118.2791,22757137.56,707.82
2015-01-14,117.97,118.6142,22749770.73,707.59
2015-01-15,120.94,120.9185,23057109.38,717.15
2015-01-16,122.52,122.6945,23498905.71,730.89
2015-01-20,124.2,123.7699,23863852.96,742.24
2015-01-21,124.23,124.2249,23806230.27,740.45
2015-01-22,125.23,124.4397,23806230.27,740.45
2015-01-23,124.23,124.3423,23844644.57,741.65
2015-01-26,122.98,123.0412,23902263.88,743.44
2015-01-27,124.4,123.7364,24199961.07,752.7
2015-01-28,123.42,123.687,24199961.07,752.7
2015-01-29,120.76,121.8363,24382415.46,758.37
2015-01-30,123.45,121.0184,24382415.46,758.37
2015-02-02,122.42,122.1913,24651284.29,766.73
2015-02-03,121.05,121.3974,24593670.35,764.94
2015-02-04,121.58,121.8043,24689692.68,767.93
2015-02-05,121.79,120.9144,24862530.37,773.31
2015-02-06,118.64,119.1598,24862530.37,773.31
2015-02-09,119.17,118.9157,24862530.37,773.31
2015-02-10,118.47,118.5302,24862530.37,773.31
2015-02-11,117.07,117.4961,24862530.37,773.31
2015-02-12,117.34,117.3748,24804923.13,771.51
2015-02-13,117.98,118.3341,24700421.88,768.26
2015-02-17,116.01,116.1202,24700421.88,768.26
2015-02-18,116.34,115.7828,24690821.32,767.96
2015-02-19,115.94,116.1176,24738823.65,769.46
2015-02-20,115.28,115.9963,24796425.78,771.25
2015-02-23,115.43,115.6324,24796425.78,771.25
2015-02-24,115.26,114.4787,24796425.78,771.25
2015-02-25,115.7,115.6539,24796425.78,771.25
2015-02-26,116.07,115.9887,24796425.78,771.25
2015-02-27,116.16,116.5396,24796425.78,771.25
2015-03-02,115.68,116.3917,24546843.49,763.49
2015-03-03,115.47,116.4145,24460450.55,760.8
2015-03-04,115.11,115.1407,24460450.55,760.8
2015-03-05,115.0,115.3796,24460450.55,760.8
2015-03-06,111.86,112.8574,24316469.21,756.32
2015-03-09,111.97,112.1574,24210886.72,753.04
2015-03-10,111.42,111.5319,24210886.72,753.04
2015-03-11,110.75,110.3783,24210886.72,753.04
2015-03-12,110.72,110.5932,24143700.59,750.95
2015-03-13,110.88,110.5679,24134783.84,750.67
2015-03-16,110.81,110.4443,24134783.84,750.67
2015-03-17,110.21,110.4431,24048406.45,747.98
2015-03-18,112.37,110.1059,24105990.7,749.77
2015-03-19,112.29,111.9047,24105990.7,749.77
2015-03-20,113.57,113.5451,23933240.2,744.4
2015-03-23,114.29,113.8437,23933240.2,744.4
2015-03-24,114.57,114.3465,23933240.2,744.4
2015-03-25,114.73,114.7388,23894853.16,743.21
2015-03-26,115.48,115.4624,23702919.66,737.24
2015-03-27,115.06,114.7507,23702919.66,737.24
2015-03-30,113.75,113.7629,23702919.66,737.24
2015-03-31,113.66,113.9057,23702919.66,737.24
2015-04-01,115.6,114.8645,23702919.66,737.24
2015-04-02,115.28,115.0072,23702919.66,737.24
2015-04-06,116.69,115.0022,23645346.62,735.45
2015-04-07,116.11,116.2009,23568583.01,733.06
2015-04-08,115.47,115.8396,23568583.01,733.06
2015-04-09,114.67,114.6431,23664534.76,736.04
2015-04-10,115.96,115.8467,23608157.09,734.29
2015-04-13,115.14,115.032,23608157.09,734.29
2015-04-14,114.44,114.6324,23665725.18,736.08
2015-04-15,115.43,114.4537,23665725.18,736.08
2015-04-16,115.03,115.5512,23665725.18,736.08
2015-04-17,115.6,115.454,23761668.99,739.06
2015-04-20,114.72,114.7928,23761668.99,739.06
2015-04-21,115.38,114.6764,23867202.36,742.35
2015-04-22,113.83,114.0945,23867202.36,742.35
2015-04-23,114.66,113.7574,23867202.36,742.35
2015-04-24,113.05,113.4923,23867202.36,742.35
2015-04-27,115.33,115.12,23761675.73,739.06
2015-04-28,116.33,115.9824,23761675.73,739.06
2015-04-29,115.51,115.9811,23761675.73,739.06
2015-04-30,113.47,113.2208,23771268.68,739.36
2015-05-01,113.08,112.8069,23848011.34,741.75
2015-05-04,114.1,112.8032,23848011.34,741.75
2015-05-05,114.42,114.8221,23848011.34,741.75
2015-05-06,114.36,114.5569,23848011.34,741.75
2015-05-07,113.42,113.8599,23761681.18,739.07
2015-05-08,113.97,113.7627,23416364.46,728.32
2015-05-11,113.53,114.0708,23416364.46,728.32
2015-05-12,114.5,114.2855,23416364.46,728.32
2015-05-13,116.55,116.1076,23416364.46,728.32
2015-05-14,117.18,117.4979,23274469.36,723.91
2015-05-15,117.53,117.0649,23274469.36,723.91
2015-05-18,117.52,117.3489,23092235.74,718.24
2015-05-19,115.89,116.4649,23092235.74,718.24
2015-05-20,116.08,116.0991,22996325.69,715.26
2015-05-21,115.69,115.5702,22996325.69,715.26
2015-05-22,115.6,115.4826,22996325.69,715.26
2015-05-26,113.91,113.6835,23015506.31,715.86
2015-05-27,113.89,113.7254,23015506.31,715.86
2015-05-28,114.02,113.6426,23015506.31,715.86
2015-05-29,114.1,114.2554,23015506.31,715.86
2015-06-01,114.0,115.0671,22957967.97,714.07
2015-06-02,114.46,114.3847,22823713.65,709.89
2015-06-03,113.64,114.1148,22823713.65,709.89
2015-06-04,112.84,112.7704,22823713.65,709.89
2015-06-05,112.24,111.6755,22785356.97,708.7
2015-06-08,112.57,112.4585,22785356.97,708.7
2015-06-09,112.82,112.8986,22689468.91,705.72
2015-06-10,113.78,113.9623,22641525.17,704.22
2015-06-11,113.26,113.0016,22641525.17,704.22
2015-06-12,113.23,113.4129,22633793.87,703.98
2015-06-15,113.73,113.2749,22566676.51,701.9
2015-06-16,113.32,112.9236,22566676.51,701.9
2015-06-17,113.85,112.9464,22566676.51,701.9
2015-06-18,115.32,115.2325,22566676.51,701.9
2015-06-19,115.12,115.3799,22566676.51,701.9
2015-06-22,113.64,113.6594,22681726.06,705.48
2015-06-23,112.89,112.9388,22681726.06,705.48
2015-06-24,112.59,112.53,22710487.72,706.37
2015-06-25,112.44,112.4233,22930991.32,713.23
2015-06-26,112.56,112.2159,22873469.31,711.44
2015-06-29,113.07,112.7396,22873469.31,711.44
2015-06-30,112.37,112.2589,22873469.31,711.44
2015-07-01,111.98,111.9699,22873469.31,711.44
2015-07-02,111.76,111.705,22815951.19,709.65
2015-07-06,112.06,111.772,22815951.19,709.65
2015-07-07,110.76,110.8357,22815951.19,709.65
2015-07-08,111.09,111.0503,22806914.85,709.37
2015-07-09,111.36,111.6003,22749401.28,707.58
2015-07-10,111.49,111.1245,22749401.28,707.58
2015-07-13,110.99,110.6128,22797327.1,709.07
2015-07-14,110.74,110.9375,22797327.1,709.07
2015-07-15,110.16,109.9776,22797327.1,709.07
2015-07-16,109.76,109.6888,22758987.77,707.88
2015-07-17,108.65,108.5756,22385184.15,696.25
2015-07-20,105.7,105.8686,22327678.15,694.46
2015-07-21,105.37,105.9633,22174330.45,689.69
2015-07-22,104.8,104.3324,22097657.77,687.31
2015-07-23,104.33,105.1748,22011401.74,684.63
2015-07-24,105.35,103.5823,21867643.93,680.15
2015-07-27,104.86,105.4195,21867643.93,680.15
2015-07-28,105.02,105.0541,21867643.93,680.15
2015-07-29,105.17,104.4825,21867643.93,680.15
2015-07-30,104.27,104.2178,21867643.93,680.15
2015-07-31,104.93,105.2616,21628064.6,672.7
2015-08-03,104.1,104.635,21628064.6,672.7
2015-08-04,104.31,104.514,21560985.54,670.62
2015-08-05,103.93,103.9808,21474742.15,667.93
2015-08-06,104.39,104.4254,21474742.15,667.93
2015-08-07,104.65,104.7838,21467043.9,667.69
2015-08-10,105.72,105.1158,21467043.9,667.69
2015-08-11,106.26,106.1927,21467043.9,667.69
2015-08-12,107.75,107.2218,21601190.91,671.87
2015-08-13,106.86,107.005,21601190.91,671.87
2015-08-14,106.85,107.1476,21601190.91,671.87
2015-08-17,107.13,107.1967,21601190.91,671.87
2015-08-18,107.11,106.4912,21601190.91,671.87
2015-08-19,108.55,107.8988,21601190.91,671.87
2015-08-20,110.44,109.9628,21716164.67,675.44
2015-08-21,111.13,110.805,21792813.15,677.83
2015-08-24,110.53,111.7596,21898201.59,681.1
2015-08-25,109.16,108.9793,21898201.59,681.1
2015-08-26,107.67,107.3728,21898201.59,681.1
2015-08-27,107.73,107.204,21946103.27,682.59
2015-08-28,108.7,108.7361,21946103.27,682.59
2015-08-31,108.82,108.7325,21946103.27,682.59
2015-09-01,109.2,109.4309,21946103.27,682.59
2015-09-02,108.62,108.9937,21946103.27,682.59
2015-09-03,107.84,108.0581,21946103.27,682.59
2015-09-04,107.49,107.1226,21938357.2,682.35
2015-09-08,107.52,107.3957,21938357.2,682.35
2015-09-09,106.13,106.312,21804251.9,678.18
2015-09-10,106.38,106.2773,21804251.9,678.18
2015-09-11,106.16,105.4858,21804251.9,678.18
2015-09-14,106.22,105.8224,21804251.9,678.18
2015-09-15,105.9,105.9314,21804251.9,678.18
2015-09-16,107.31,107.0463,21804251.9,678.18
2015-09-17,108.41,107.0356,21804251.9,678.18
2015-09-18,109.21,109.3336,21804251.9,678.18
2015-09-21,108.53,108.5396,21689319.14,674.61
2015-09-22,107.79,107.5469,21727629.56,675.8
2015-09-23,108.22,108.3552,21746784.59,676.4
2015-09-24,110.49,110.5718,21871291.63,680.27
2015-09-25,109.81,109.8186,21995797.06,684.14
2015-09-28,108.42,108.3205,21995797.06,684.14
2015-09-29,107.98,108.4199,21995797.06,684.14
2015-09-30,106.86,106.6847,22101141.06,687.42
2015-10-01,106.73,107.1626,22158600.88,689.2
2015-10-02,108.99,109.245,22158600.88,689.2
2015-10-05,108.77,109.1457,22151494.43,688.98
2015-10-06,109.86,109.8867,22151494.43,688.98
2015-10-07,109.7,109.6077,22094037.99,687.2
2015-10-08,109.14,109.166,22094037.99,687.2
2015-10-09,110.87,110.2709,22094037.99,687.2
2015-10-12,111.31,111.5458,22094037.99,687.2
2015-10-13,111.86,111.5733,22094037.99,687.2
2015-10-14,113.81,112.4053,22342997.69,694.94
2015-10-15,113.29,113.3953,22505777.49,700.0
2015-10-16,112.49,113.0684,22304698.85,693.75
2015-10-19,112.02,112.5428,22419597.05,697.32
2015-10-20,112.73,112.7666,22419597.05,697.32
2015-10-21,111.73,111.7454,22419597.05,697.32
2015-10-22,111.69,111.7346,22419597.05,697.32
2015-10-23,111.5,111.1828,22362150.64,695.54
2015-10-26,111.43,111.6723,22362150.64,695.54
2015-10-27,111.68,111.6041,22362150.64,695.54
2015-10-28,110.78,112.934,22323854.94,694.34
2015-10-29,109.72,109.964,22323854.94,694.34
2015-10-30,109.3,109.3642,22256839.62,692.26
2015-11-02,108.59,108.561,22161106.85,689.28
2015-11-03,106.98,107.5159,22065375.48,686.3
2015-11-04,105.97,106.7103,21866068.01,680.11
2015-11-05,105.64,105.9049,21598026.97,671.77
2015-11-06,104.1,104.238,21511871.97,669.09
2015-11-09,104.4,104.3016,21416147.32,666.11
2015-11-10,104.18,104.0611,21329996.1,663.43
2015-11-11,103.83,103.9451,21329996.1,663.43
2015-11-12,103.85,104.0875,21282135.35,661.94
2015-11-13,103.56,103.5216,21282135.35,661.94
2015-11-16,103.71,103.8293,21282135.35,661.94
2015-11-17,102.34,103.2969,21282135.35,661.94
2015-11-18,102.43,102.1996,21282135.35,661.94
2015-11-19,103.56,103.6201,21282135.35,661.94
2015-11-20,103.09,103.5376,21243850.13,660.75
2015-11-23,102.26,102.4572,21081143.71,655.69
2015-11-24,102.95,103.0209,21081143.71,655.69
2015-11-25,102.46,102.2156,21081143.71,655.69
2015-11-27,101.25,101.1986,21052432.18,654.8
2015-11-30,101.92,101.6261,21052432.18,654.8
2015-12-01,102.28,101.96,21052432.18,654.8
2015-12-02,100.69,101.0016,20545223.29,639.02
2015-12-03,101.76,101.0052,20537959.87,638.8
2015-12-04,104.02,103.2819,20537959.87,638.8
2015-12-07,102.67,102.9483,20403987.37,634.63
2015-12-08,102.84,102.5931,20403987.37,634.63
2015-12-09,102.64,103.4437,20403987.37,634.63
2015-12-10,102.55,102.4855,20403987.37,634.63
2015-12-11,103.11,102.628,20403987.37,634.63
2015-12-14,101.79,102.2179,20403987.37,634.63
2015-12-15,101.52,101.5708,20403987.37,634.63
2015-12-16,102.75,102.8856,20403987.37,634.63
2015-12-17,100.5,100.4105,20260461.73,630.17
2015-12-18,102.04,101.6631,20863264.38,648.91
2015-12-21,103.15,103.215,20767584.23,645.94
2015-12-22,102.61,102.8454,20767584.23,645.94
2015-12-23,102.31,102.2078,20767584.23,645.94
2015-12-24,103.05,102.556,20729313.48,644.75
2015-12-28,102.27,102.5516,20691044.41,643.56
2015-12-29,102.2,102.3782,20691044.41,643.56
2015-12-30,101.42,101.4105,20691044.41,643.56
2015-12-31,101.46,101.6247,20652776.7,642.37
2016-01-04,102.89,103.5343,20652776.7,642.37
2016-01-05,103.18,103.0307,20652776.7,642.37
2016-01-06,104.67,104.4077,20607670.85,640.97
2016-01-07,106.15,105.8368,20741599.15,645.13
2016-01-08,105.68,105.4052,20885092.13,649.59
2016-01-11,104.74,105.2965,20952053.32,651.68
2016-01-12,104.21,103.8268,20952053.32,651.68
2016-01-13,104.72,104.0887,21028578.61,654.06
2016-01-14,103.02,104.1115,21028578.61,654.06
2016-01-15,104.08,104.6222,21152929.59,657.92
2016-01-19,103.98,103.9001,21152929.59,657.92
2016-01-20,105.37,105.3819,21229449.21,660.3
2016-01-21,105.49,104.8785,21286838.24,662.09
2016-01-22,105.0,104.8534,21353791.37,664.17
2016-01-25,106.08,105.8401,21353791.37,664.17
2016-01-26,107.28,106.5087,21516385.43,669.23
2016-01-27,107.69,106.761,21516385.43,669.23
2016-01-28,106.54,106.5446,21516385.43,669.23
2016-01-29,106.96,106.333,21516385.43,669.23
2016-02-01,108.05,107.7358,21908499.83,681.43
2016-02-02,108.09,107.926,22042391.18,685.59
2016-02-03,109.25,108.2597,22185844.79,690.05
2016-02-04,110.57,110.588,22300607.29,693.62
2016-02-05,112.32,110.0128,22456245.42,698.46
2016-02-08,113.83,114.1121,22618818.68,703.52
2016-02-09,113.58,113.8956,22571003.55,702.03
2016-02-10,114.46,113.7988,22571003.55,702.03
2016-02-11,119.05,118.6751,23020458.01,716.01
2016-02-12,118.36,118.5543,22857891.18,710.95
2016-02-16,114.77,115.656,22857891.18,710.95
2016-02-17,115.48,115.7026,22857891.18,710.95
2016-02-18,118.29,115.7109,22943950.01,713.63
2016-02-19,117.58,117.7228,23565481.38,732.96
2016-02-22,115.49,115.7919,24186990.06,752.29
2016-02-23,117.22,116.7804,24186990.06,752.29
2016-02-24,117.61,119.5909,24445151.5,760.32
2016-02-25,117.92,118.1789,24445151.5,760.32
2016-02-26,117.11,117.2691,24512080.46,762.4
2016-02-29,118.64,118.0686,24990129.71,777.27
2016-03-01,117.77,118.2203,25276956.23,786.2
2016-03-02,118.68,118.4773,25353442.52,788.57
2016-03-03,120.73,119.5327,25506413.85,793.33
2016-03-04,120.54,122.1375,25499515.79,793.12
2016-03-07,121.14,121.2157,25499515.79,793.12
2016-03-08,120.58,121.1283,25423033.83,790.74
2016-03-09,119.58,119.1574,25489954.71,792.82
2016-03-10,121.5,121.0779,25681155.43,798.77
2016-03-11,119.41,120.9092,25681155.43,798.77
2016-03-14,117.87,118.8018,25403927.26,790.14
2016-03-15,117.96,117.7727,25470843.58,792.23
2016-03-16,120.59,117.4368,25566437.23,795.2
2016-03-17,120.13,121.0687,25948809.75,807.09
2016-03-18,119.8,119.6906,26331177.27,818.98
2016-03-21,118.96,118.9983,26417207.03,821.66
2016-03-22,119.31,119.7236,26417207.03,821.66
2016-03-23,116.61,116.3855,26417207.03,821.66
2016-03-24,116.33,116.7093,26484116.55,823.74
2016-03-28,116.6,116.7042,26484116.55,823.74
2016-03-29,118.76,117.181,26378978.63,820.47
2016-03-30,117.09,118.1597,26340746.98,819.28
2016-03-31,117.64,118.2301,26340746.98,819.28
2016-04-01,116.93,115.9916,26302516.4,818.09
2016-04-04,116.13,116.5758,26226057.6,815.72
2016-04-05,117.66,117.674,26217040.51,815.43
2016-04-06,116.94,116.7313,26350840.9,819.6
2016-04-07,118.61,118.7085,26350840.9,819.6
2016-04-08,118.43,118.4587,26293499.08,817.81
2016-04-11,120.03,119.9123,26293499.08,817.81
2016-04-12,120.05,119.8967,26207489.98,815.14
2016-04-13,118.77,119.0495,26045030.28,810.08
2016-04-14,117.1,117.9108,25939910.6,806.82
2016-04-15,117.92,117.2644,26121478.83,812.46
2016-04-18,117.74,117.9487,26121478.83,812.46
2016-04-19,119.58,119.9641,25882582.66,805.03
2016-04-20,118.97,119.6378,25882582.66,805.03
2016-04-21,119.43,119.3737,25882582.66,805.03
2016-04-22,117.89,118.7989,25882582.66,805.03
2016-04-25,118.23,118.3793,25806141.13,802.65
2016-04-26,118.7,118.6456,25806141.13,802.65
2016-04-27,119.04,119.1891,25806141.13,802.65
2016-04-28,121.32,120.0097,25853915.71,804.14
2016-04-29,123.65,122.8423,25853915.71,804.14
2016-05-02,123.21,122.8383,26522735.26,824.94
2016-05-03,122.96,123.635,26522735.26,824.94
2016-05-04,122.21,122.5823,26541843.96,825.54
2016-05-05,122.1,122.3181,26667316.22,829.44
2016-05-06,123.18,123.1528,26820182.4,834.19
2016-05-09,120.65,120.8795,26906166.66,836.87
2016-05-10,120.98,120.6441,26982596.27,839.25
2016-05-11,122.12,121.9852,27068578.74,841.92
2016-05-12,121.16,122.2132,27173667.31,845.19
2016-05-13,121.7,120.9363,27364735.09,851.13
2016-05-16,121.8,122.829,27364735.09,851.13
2016-05-17,122.22,121.9916,27517582.83,855.89
2016-05-18,120.1,121.5985,27517582.83,855.89
2016-05-19,119.87,119.0509,27660873.78,860.34
2016-05-20,119.71,119.8092,27947452.92,869.26
2016-05-23,119.37,119.0122,28052528.33,872.52
2016-05-24,117.3,118.1462,27928349.89,868.66
2016-05-25,116.98,116.5923,27928349.89,868.66
2016-05-26,116.58,116.9016,27928349.89,868.66
2016-05-27,115.63,116.1742,27928349.89,868.66
2016-05-31,116.04,115.7726,27928349.89,868.66
2016-06-01,115.94,116.0006,27995209.02,870.74
2016-06-02,115.67,115.7987,28138476.95,875.2
2016-06-03,118.88,118.4823,28339051.5,881.44
2016-06-06,118.92,118.8128,28329699.29,881.15
2016-06-07,118.82,118.5249,28329699.29,881.15
2016-06-08,120.58,120.6249,28329699.29,881.15
2016-06-09,121.25,120.7096,28530261.16,887.38
2016-06-10,121.74,121.8162,28740371.47,893.92
2016-06-13,122.67,122.3185,28816772.76,896.29
2016-06-14,122.77,122.9236,28893173.27,898.67
2016-06-15,123.68,122.5546,28960022.94,900.75
2016-06-16,122.42,125.1751,29017322.23,902.53
2016-06-17,123.95,123.2587,29189217.78,907.88
2016-06-20,123.21,122.4045,29217866.06,908.77
2016-06-21,120.84,121.5245,29332457.75,912.33
2016-06-22,120.9,120.7829,29447048.03,915.9
2016-06-23,120.06,120.5237,29447048.03,915.9
2016-06-24,126.01,125.618,30039090.43,934.31
2016-06-27,126.68,126.4783,30459236.57,947.38
2016-06-28,125.32,125.0586,30459236.57,947.38
2016-06-29,125.84,126.1842,30545173.63,950.05
2016-06-30,126.52,126.1112,30545173.63,950.05
2016-07-01,128.41,127.9485,30669302.74,953.91
2016-07-05,129.47,128.9696,31595458.84,982.72
2016-07-06,130.23,130.4486,31586554.16,982.44
2016-07-07,129.74,129.5353,31452884.62,978.29
2016-07-08,130.52,129.3,31548361.81,981.26
2016-07-11,129.29,129.5679,31548361.81,981.26
2016-07-12,127.15,128.1628,31032808.1,965.22
2016-07-13,128.32,128.1949,31032808.1,965.22
2016-07-14,127.33,126.3649,30956431.59,962.85
2016-07-15,126.84,126.6882,30956431.59,962.85
2016-07-18,127.07,127.4193,31032804.87,965.22
2016-07-19,127.21,127.055,31032804.87,965.22
2016-07-20,125.39,125.6214,31032804.87,965.22
2016-07-21,127.33,126.1213,30965980.58,963.14
2016-07-22,126.35,126.0817,30965980.58,963.14
2016-07-25,125.47,125.3519,30822792.17,958.69
2016-07-26,126.0,126.2911,30679605.02,954.23
2016-07-27,128.03,126.8626,30679605.02,954.23
2016-07-28,127.7,128.0786,30679605.02,954.23
2016-07-29,128.98,128.1011,30803697.0,958.09
2016-08-01,129.22,128.8274,30994601.86,964.03
2016-08-02,130.27,130.1723,31185505.32,969.97
2016-08-03,129.65,129.7078,31175168.44,969.65
2016-08-04,129.87,130.0738,31289707.88,973.21
2016-08-05,127.55,127.9391,31518784.09,980.34
2016-08-08,127.44,127.5912,31308804.49,973.81
2016-08-09,127.96,127.9907,31270626.79,972.62
2016-08-10,128.56,128.6289,31270626.79,972.62
2016-08-11,127.67,129.3243,31261082.57,972.32
2016-08-12,127.4,129.0556,30879317.77,960.45
2016-08-15,127.84,127.8296,30879317.77,960.45
2016-08-16,128.47,128.2672,30936579.93,962.23
2016-08-17,128.51,128.2038,30793426.09,957.78
2016-08-18,129.12,128.8419,30736165.13,955.99
2016-08-19,127.97,128.4921,30736165.13,955.99
2016-08-22,127.78,127.4857,30812509.56,958.37
2016-08-23,127.78,128.0665,30812509.56,958.37
2016-08-24,126.32,126.6572,30812509.56,958.37
2016-08-25,126.23,126.0879,30755253.28,956.59
2016-08-26,126.05,125.8431,30755253.28,956.59
2016-08-29,126.3,125.839,30755253.28,956.59
2016-08-30,125.03,125.7803,30717084.54,955.4
2016-08-31,124.78,124.9294,30325860.13,943.23
2016-09-01,125.29,124.9519,30154104.94,937.89
2016-09-02,126.57,126.4014,30154104.94,937.89
2016-09-06,128.71,127.5938,30612097.42,952.14
2016-09-07,128.27,128.652,30601670.14,951.81
2016-09-08,127.59,128.1782,30563504.82,950.62
2016-09-09,126.71,126.9793,30220020.93,939.94
2016-09-12,126.58,126.3788,30220020.93,939.94
2016-09-13,125.75,126.2867,30076908.99,935.49
2016-09-14,126.18,126.1041,30076908.99,935.49
2016-09-15,125.37,125.0578,29971962.69,932.22
2016-09-16,125.06,124.8227,30305879.0,942.61
2016-09-19,125.32,125.4388,30305879.0,942.61
2016-09-20,125.44,125.3373,30181858.26,938.75
2016-09-21,127.27,126.5096,30363117.73,944.39
2016-09-22,127.57,127.7487,30572995.28,950.92
2016-09-23,127.65,127.7043,30582535.07,951.22
2016-09-26,127.55,127.8767,30582535.07,951.22
2016-09-27,126.62,126.5871,30515759.67,949.14
2016-09-28,126.22,126.1563,30515759.67,949.14
2016-09-29,126.07,125.7351,30515759.67,949.14
2016-09-30,125.64,126.1536,30477603.58,947.95
2016-10-03,125.32,125.2715,30477603.58,947.95
2016-10-04,120.97,122.4076,30477603.58,947.95
2016-10-05,120.78,121.0799,30467217.51,947.63
2016-10-06,119.66,119.6573,30467217.51,947.63
2016-10-07,119.74,120.0614,30829666.87,958.9
2016-10-10,120.16,120.1289,30829666.87,958.9
2016-10-11,119.55,119.5505,30829666.87,958.9
2016-10-12,119.74,119.8402,30829666.87,958.9
2016-10-13,120.03,120.2729,30915504.52,961.57
2016-10-14,119.36,119.3844,31039490.76,965.43
2016-10-17,119.68,119.6714,31096713.32,967.21
2016-10-18,120.42,119.9945,31096713.32,967.21
2016-10-19,121.11,121.0281,31096713.32,967.21
2016-10-20,120.74,121.2748,31192081.36,970.17
2016-10-21,120.83,120.7393,30658026.66,953.56
2016-10-24,120.56,120.6876,30658026.66,953.56
2016-10-25,121.47,121.0535,30762925.73,956.83
2016-10-26,120.79,121.1571,30305189.24,942.59
2016-10-27,121.01,120.7504,30305189.24,942.59
2016-10-28,121.58,121.393,30305189.24,942.59
2016-10-31,121.94,121.2936,30305189.24,942.59
2016-11-01,122.73,122.8614,30391009.59,945.26
2016-11-02,123.64,124.3195,30391009.59,945.26
2016-11-03,124.3,124.0558,30533404.85,949.69
2016-11-04,124.39,124.2261,30533404.85,949.69
2016-11-07,122.15,122.3387,30533404.85,949.69
2016-11-08,121.64,122.2706,30533404.85,949.69
2016-11-09,121.56,122.1787,30705030.9,955.03
2016-11-10,119.75,120.8519,30275970.93,941.68
2016-11-11,117.1,117.8898,30047142.09,934.56
2016-11-14,116.11,115.707,29865992.39,928.93
2016-11-15,117.12,116.9787,29818321.85,927.45
2016-11-16,116.77,117.192,29780185.83,926.26
2016-11-17,116.17,116.9571,29599041.77,920.63
2016-11-18,115.15,115.4539,29427433.93,915.29
2016-11-21,115.58,115.7601,29217697.78,908.76
2016-11-22,115.54,115.5681,29093764.19,904.91
2016-11-23,113.25,113.0017,28664770.51,891.57
2016-11-25,112.61,113.2233,28455044.75,885.04
2016-11-28,113.8,113.1528,28455044.75,885.04
2016-11-29,113.27,113.1087,28455044.75,885.04
2016-11-30,111.75,112.3017,28416914.99,883.86
2016-12-01,111.54,110.7509,27978429.74,870.22
2016-12-02,112.14,111.8606,27978429.74,870.22
2016-12-05,111.54,110.7794,27968046.17,869.9
2016-12-06,111.43,111.76,27968046.17,869.9
2016-12-07,111.83,112.2497,27767881.19,863.67
2016-12-08,111.57,111.6193,27672565.61,860.71
2016-12-09,110.4,110.9079,27567719.68,857.45
2016-12-12,110.82,110.1894,27529595.17,856.26
2016-12-13,110.45,110.4217,27529595.17,856.26
2016-12-14,108.83,110.7732,27310383.89,849.44
2016-12-15,107.34,107.4071,27081645.32,842.33
2016-12-16,108.05,107.8491,26910093.15,836.99
2016-12-19,108.59,108.2888,26624182.02,828.1
2016-12-20,107.79,107.282,26624182.02,828.1
2016-12-21,107.85,108.0386,26509820.12,824.54
2016-12-22,107.59,107.8182,26509820.12,824.54
2016-12-23,107.93,107.7837,26509820.12,824.54
2016-12-27,108.56,107.7789,26471702.02,823.36
2016-12-28,108.86,108.1209,26471702.02,823.36
2016-12-29,110.29,109.1969,26471702.02,823.36
2016-12-30,109.61,110.454,26433584.87,822.17
2017-01-03,110.47,109.677,26166777.21,813.87
2017-01-04,110.86,110.9389,26166777.21,813.87
2017-01-05,112.58,112.1244,26157754.31,813.59
2017-01-06,111.75,112.0422,26157754.31,813.59
2017-01-09,112.67,112.291,25881433.55,805.0
2017-01-10,113.15,113.338,25881433.55,805.0
2017-01-11,113.5,112.2933,25881433.55,805.0
2017-01-12,113.91,114.8173,25881433.55,805.0
2017-01-13,114.21,113.4153,25976712.48,807.96
2017-01-17,115.85,115.8593,25976712.48,807.96
2017-01-18,114.87,115.7341,25976712.48,807.96
2017-01-19,114.77,113.9509,25976712.48,807.96
2017-01-20,115.05,114.3785,26014821.17,809.15
2017-01-23,115.79,115.5468,25948132.99,807.07
2017-01-24,115.27,115.9219,25852865.13,804.11
2017-01-25,114.32,113.8433,25690912.3,799.07
2017-01-26,113.26,113.337,25690912.3,799.07
2017-01-27,113.49,112.8736,25690912.3,799.07
2017-01-30,113.97,113.6275,25690912.3,799.07
2017-01-31,115.55,115.5321,25690912.3,799.07
2017-02-01,115.2,114.6589,26033845.82,809.74
2017-02-02,115.84,116.4014,26081475.2,811.22
2017-02-03,116.13,115.757,26187146.65,814.5
2017-02-06,117.7,116.8534,26320502.88,818.65
2017-02-07,117.46,117.257,26587212.48,826.95
2017-02-08,118.19,118.3131,26768192.14,832.58
2017-02-09,117.29,117.8069,26768192.14,832.58
2017-02-10,117.6,116.9959,26901542.5,836.72
2017-02-13,116.8,116.4157,27034888.4,840.87
2017-02-14,116.93,117.2242,27034888.4,840.87
2017-02-15,117.45,116.618,27120608.9,843.54
2017-02-16,118.08,118.1551,27120608.9,843.54
2017-02-17,117.68,118.2872,27044414.4,841.17
2017-02-21,117.75,117.4485,27044414.4,841.17
2017-02-22,117.91,117.7759,27044414.4,841.17
2017-02-23,118.94,118.8462,27044414.4,841.17
2017-02-24,119.7,119.3927,27044414.4,841.17
2017-02-27,119.12,119.7269,27044414.4,841.17
2017-02-28,119.23,119.5732,27044414.4,841.17
2017-03-01,119.06,118.1239,27120598.82,843.54
2017-03-02,117.58,117.9036,27177736.48,845.32
2017-03-03,117.51,116.7973,27025371.53,840.58
2017-03-06,116.72,117.2173,26902866.65,836.77
2017-03-07,115.78,115.8542,26902866.65,836.77
2017-03-08,115.06,115.1435,26902866.65,836.77
2017-03-09,114.47,114.8899,26817167.02,834.1
2017-03-10,114.72,114.5172,26531504.8,825.22
2017-03-13,114.74,114.6611,26750505.34,832.03
2017-03-14,114.12,114.6979,26845721.93,834.99
2017-03-15,116.25,114.1443,26988545.14,839.43
2017-03-16,116.73,117.0523,26912373.28,837.06
2017-03-17,116.99,117.0749,26817159.5,834.1
2017-03-20,117.51,117.3377,26693385.59,830.25
2017-03-21,118.54,118.2125,26826679.33,834.4
2017-03-22,118.83,118.9207,26826679.33,834.4
2017-03-23,118.67,118.7718,26826679.33,834.4
2017-03-24,118.86,118.7705,26769555.26,832.62
2017-03-27,119.53,119.7236,26855238.73,835.28
2017-03-28,119.04,119.6937,26798117.05,833.51
2017-03-29,119.33,119.1068,26798117.05,833.51
2017-03-30,118.47,118.8864,26760036.84,832.32
2017-03-31,118.72,118.509,26760036.84,832.32
2017-04-03,119.35,118.7336,26902831.32,836.77
2017-04-04,119.62,119.7227,26902831.32,836.77
2017-04-05,119.62,118.5929,26902831.32,836.77
2017-04-06,119.18,119.2297,26902831.32,836.77
2017-04-07,119.46,120.5564,26893877.75,836.49
2017-04-10,119.46,118.9912,26950991.23,838.26
2017-04-11,121.19,119.2612,27084254.57,842.41
2017-04-12,122.02,121.2971,27084254.57,842.41
2017-04-13,122.6,122.2335,27293664.43,848.92
2017-04-17,122.24,122.2281,27293664.43,848.92
2017-04-18,122.82,121.7318,27293664.43,848.92
2017-04-19,121.73,121.7399,27674384.31,860.76
2017-04-20,121.96,122.029,27464990.57,854.25
2017-04-21,122.31,122.0038,27607757.45,858.69
2017-04-24,121.48,120.8146,27655344.74,860.17
2017-04-25,120.25,120.661,27464997.76,854.25
2017-04-26,120.84,120.0932,27464997.76,854.25
2017-04-27,120.39,120.1823,27436446.37,853.36
2017-04-28,120.77,120.5285,27436446.37,853.36
2017-05-01,119.67,120.5245,27436446.37,853.36
2017-05-02,119.65,119.476,27436446.37,853.36
2017-05-03,117.98,118.9844,27436446.37,853.36
2017-05-04,116.79,116.903,27427214.63,853.08
2017-05-05,117.01,116.8637,27427214.63,853.08
2017-05-08,116.75,117.0264,27389151.08,851.89
2017-05-09,116.05,116.1306,27389151.08,851.89
2017-05-10,116.04,116.372,27389151.08,851.89
2017-05-11,116.5,116.3897,27389151.08,851.89
2017-05-12,116.83,117.1593,27389151.08,851.89
2017-05-15,117.14,117.3505,27389151.08,851.89
2017-05-16,117.65,117.4349,27389151.08,851.89
2017-05-17,119.79,119.6415,27389151.08,851.89
2017-05-18,118.81,119.4974,27351091.55,850.71
2017-05-19,119.4,119.1249,27351091.55,850.71
2017-05-22,119.9,119.7729,27408178.37,852.48
2017-05-23,119.14,119.9001,27246434.1,847.45
2017-05-24,119.61,119.1707,27246434.1,847.45
2017-05-25,119.48,119.5882,27246434.1,847.45
2017-05-26,120.54,120.3577,27246434.1,847.45
2017-05-30,120.14,120.1288,27246434.1,847.45
2017-05-31,120.62,120.4605,27246434.1,847.45
2017-06-01,120.72,120.3308,27246434.1,847.45
2017-06-02,121.61,121.2906,27360594.46,851.0
2017-06-05,121.73,121.7625,27360594.46,851.0
2017-06-06,123.1,123.0506,27494337.43,855.16
2017-06-07,122.45,122.8114,27808262.9,864.93
2017-06-08,121.65,121.1072,27874852.34,867.0
2017-06-09,120.54,120.4827,27874852.34,867.0
2017-06-12,120.36,120.4645,27874852.34,867.0
2017-06-13,120.48,120.0446,27874852.34,867.0
2017-06-14,119.82,121.3276,27484853.87,854.87
2017-06-15,119.32,119.3332,27446805.75,853.68
2017-06-16,119.34,119.4127,27446805.75,853.68
2017-06-19,118.43,118.7191,27446805.75,853.68
2017-06-20,118.18,118.1517,27446805.75,853.68
2017-06-21,118.52,118.179,27456317.13,853.98
2017-06-22,118.92,118.9673,27456317.13,853.98
2017-06-23,119.43,119.4321,27361205.12,851.02
2017-06-26,118.36,118.4341,27446802.91,853.68
2017-06-27,118.81,118.8418,27446802.91,853.68
2017-06-28,118.9,118.6931,27446802.91,853.68
2017-06-29,118.32,118.2637,27446802.91,853.68
2017-06-30,118.02,118.1435,27408761.15,852.5
2017-07-03,116.09,116.9028,27209049.2,846.29
2017-07-05,116.52,116.0488,27028361.9,840.67
2017-07-06,116.47,116.4851,27028361.9,840.67
2017-07-07,115.28,115.6039,26857188.48,835.35
2017-07-10,115.47,115.2433,26762195.16,832.39
2017-07-11,115.62,115.1612,26762195.16,832.39
2017-07-12,116.03,115.897,26762195.16,832.39
2017-07-13,115.82,115.9052,26648087.14,828.84
2017-07-14,116.77,116.9881,26648087.14,828.84
2017-07-17,117.29,117.3457,26591035.52,827.07
2017-07-18,118.11,117.9768,26410373.85,821.45
2017-07-19,118.08,118.1087,26239222.52,816.12
2017-07-20,118.24,117.7793,26239222.52,816.12
2017-07-21,119.26,118.7147,26163156.85,813.76
2017-07-24,119.31,119.3766,26030046.11,809.62
2017-07-25,118.92,119.2659,25735304.18,800.45
2017-07-26,119.88,118.6654,25573673.52,795.42
2017-07-27,119.79,119.9005,25459582.19,791.88
2017-07-28,120.69,120.2606,25459582.19,791.88
2017-07-31,120.75,120.5086,25459582.19,791.88
2017-08-01,120.65,120.8307,25459582.19,791.88
2017-08-02,120.4,120.701,25459582.19,791.88
2017-08-03,120.59,120.557,25459582.19,791.88
2017-08-04,119.65,119.5666,25307473.97,787.14
2017-08-07,119.51,119.5912,25298624.46,786.87
2017-08-08,119.86,119.9511,25298624.46,786.87
2017-08-09,121.31,120.8292,25298624.46,786.87
2017-08-10,122.21,122.0971,25298624.46,786.87
2017-08-11,122.79,122.2574,25298624.46,786.87
2017-08-14,121.92,121.8921,25431704.79,791.01
2017-08-15,120.98,120.7499,25431704.79,791.01
2017-08-16,121.87,120.9815,25574287.59,795.44
2017-08-17,122.49,122.159,25574287.59,795.44
2017-08-18,122.3,123.1702,25697857.02,799.29
2017-08-21,122.76,122.8905,25697857.02,799.29
2017-08-22,122.21,122.062,25697857.02,799.29
2017-08-23,122.67,122.2936,25697857.02,799.29
2017-08-24,122.29,122.5157,25697857.02,799.29
2017-08-25,122.74,122.1626,25887948.92,805.2
2017-08-28,124.69,122.1585,26182581.67,814.36
2017-08-29,124.42,125.3278,26249111.42,816.43
2017-08-30,124.36,124.3615,26249111.42,816.43
2017-08-31,125.82,124.6691,26249111.42,816.43
2017-09-01,126.06,125.4901,26724308.57,831.21
2017-09-05,127.46,126.9248,27009415.49,840.08
2017-09-06,126.81,127.1421,26914380.83,837.12
2017-09-07,128.13,127.6779,26906087.55,836.87
2017-09-08,127.97,127.9378,26830061.35,834.5
2017-09-11,126.19,126.7884,26868073.16,835.68
2017-09-12,126.56,126.0552,26963101.57,838.64
2017-09-13,125.61,126.1536,26963101.57,838.64
2017-09-14,126.16,125.8671,26963101.57,838.64
2017-09-15,125.53,125.7041,26963101.57,838.64
2017-09-18,124.36,124.6783,27134141.14,843.96
2017-09-19,124.62,124.4394,27200655.77,846.03
2017-09-20,123.62,124.5996,27200655.77,846.03
2017-09-21,122.68,122.7734,27400194.68,852.23
2017-09-22,123.24,123.0287,27523717.48,856.08
2017-09-25,124.53,122.8821,27523717.48,856.08
2017-09-26,123.14,123.5223,27732747.14,862.58
2017-09-27,121.98,121.8577,27799255.59,864.65
2017-09-28,122.21,121.9324,27799255.59,864.65
2017-09-29,121.58,121.9073,27799255.59,864.65
2017-10-02,120.77,121.01,27628243.63,859.33
2017-10-03,120.83,120.7758,27466734.22,854.3
2017-10-04,121.17,121.0596,27466734.22,854.3
2017-10-05,120.52,121.082,27362534.9,851.06
2017-10-06,121.09,119.8741,27457537.35,854.02
2017-10-09,122.08,121.4805,27600036.51,858.45
2017-10-10,122.4,122.681,27600036.51,858.45
2017-10-11,122.79,122.4754,27600036.51,858.45
2017-10-12,122.89,122.5691,27600036.51,858.45
2017-10-13,123.82,123.4561,27429044.71,853.13
2017-10-16,122.97,123.8035,27429044.71,853.13
2017-10-17,122.13,122.0398,27429044.71,853.13
2017-10-18,121.67,121.6062,27429044.71,853.13
2017-10-19,122.39,122.1939,27429044.71,853.13
2017-10-20,121.61,121.6985,27429044.71,853.13
2017-10-23,121.8,121.096,27429044.71,853.13
2017-10-24,121.33,121.2419,27429044.71,853.13
2017-10-25,121.35,121.1028,27429044.71,853.13
2017-10-26,120.33,120.9827,27391052.1,851.95
2017-10-27,120.9,120.2878,27353059.97,850.77
2017-10-30,121.13,120.8112,27353059.97,850.77
2017-10-31,120.67,120.6341,27353059.97,850.77
2017-11-01,121.11,121.2883,27315069.81,849.59
2017-11-02,121.19,121.4913,27201100.53,846.04
2017-11-03,120.62,120.3498,27191603.23,845.75
2017-11-06,121.65,120.6974,27182211.91,845.45
2017-11-07,121.21,121.1425,27144224.31,844.27
2017-11-08,121.63,121.9389,27106237.1,843.09
2017-11-09,122.13,122.0136,27106237.1,843.09
2017-11-10,121.13,121.9647,27106237.1,843.09
2017-11-13,121.31,121.3576,27115733.38,843.39
2017-11-14,121.56,121.0381,27115733.38,843.39
2017-11-15,121.41,121.7586,27115733.38,843.39
2017-11-16,121.4,121.5484,27115733.38,843.39
2017-11-17,122.86,121.9602,27115733.38,843.39
2017-11-20,121.31,122.1319,27115733.38,843.39
2017-11-21,121.51,121.8551,27115733.38,843.39
2017-11-22,122.63,122.2004,27115733.38,843.39
2017-11-24,122.32,122.5349,27115733.38,843.39
2017-11-27,122.83,122.9488,27077753.99,842.21
2017-11-28,122.81,122.6577,26992301.38,839.55
2017-11-29,122.04,121.8966,26992301.38,839.55
2017-11-30,121.1,121.5486,26992301.38,839.55
2017-12-01,121.59,121.1009,27267638.54,848.11
2017-12-04,121.18,120.9022,27229662.28,846.93
2017-12-05,120.32,120.2218,27182656.95,845.47
2017-12-06,120.07,119.9736,27182656.95,845.47
2017-12-07,118.49,119.1463,27097213.39,842.81
2017-12-08,118.48,118.732,27097213.39,842.81
2017-12-11,118.01,118.3958,27097213.39,842.81
2017-12-12,118.15,117.8011,27097213.39,842.81
2017-12-13,119.17,117.966,27144678.87,844.29
2017-12-14,118.93,118.7574,27144678.87,844.29
2017-12-15,119.18,119.0979,26916849.25,837.2
2017-12-18,119.73,119.6637,26916849.25,837.2
2017-12-19,119.82,119.6386,26878879.27,836.02
2017-12-20,120.14,120.0361,26878879.27,836.02
2017-12-21,120.31,120.0348,26878879.27,836.02
2017-12-22,120.94,120.3658,26926340.24,837.5
2017-12-26,121.77,120.3605,26926340.24,837.5
2017-12-27,122.23,121.4368,26926340.24,837.5
2017-12-28,122.85,122.5368,26926340.24,837.5
2017-12-29,123.65,123.0576,26926340.24,837.5
2018-01-02,125.15,124.5286,26888375.64,836.32
2018-01-03,124.82,124.7978,26888375.64,836.32
2018-01-04,125.46,124.7585,26879537.02,836.04
2018-01-05,125.33,125.0087,26841573.65,834.86
2018-01-08,125.31,125.2703,26841573.65,834.86
2018-01-09,124.73,124.4195,26746669.41,831.91
2018-01-10,125.03,125.2486,26651766.15,828.96
2018-01-11,125.44,125.5604,26651766.15,828.96
2018-01-12,126.96,125.915,26651766.15,828.96
2018-01-16,127.17,126.5786,26651766.15,828.96
2018-01-17,126.14,126.748,26651766.15,828.96
2018-01-18,125.86,126.4192,27031346.35,840.76
2018-01-19,126.42,126.6788,27221134.45,846.67
2018-01-22,126.65,126.4516,27221134.45,846.67
2018-01-23,127.28,126.5261,27306535.32,849.32
2018-01-24,128.83,128.4515,27306535.32,849.32
2018-01-25,127.97,128.5687,27306535.32,849.32
2018-01-26,128.07,128.3965,27268580.49,848.14
2018-01-29,127.35,127.5096,27221138.6,846.67
2018-01-30,126.8,127.6078,27183185.5,845.48
2018-01-31,127.65,127.6206,27050351.11,841.35
2018-02-01,128.07,127.2681,27050351.11,841.35
2018-02-02,126.39,126.2986,27050351.11,841.35
2018-02-05,126.71,126.527,27050351.11,841.35
2018-02-06,125.38,126.3168,26661696.01,829.26
2018-02-07,124.79,125.6749,26585796.75,826.9
2018-02-08,124.98,124.8007,26566822.15,826.31
2018-02-09,124.77,124.6712,26386565.49,820.71
2018-02-12,125.37,125.4451,26386565.49,820.71
2018-02-13,126.08,125.7331,26481433.37,823.66
2018-02-14,128.23,126.766,26481433.37,823.66
2018-02-15,128.38,128.3016,26405540.5,821.3
2018-02-16,127.96,128.267,26509892.05,824.54
2018-02-20,126.24,127.0991,26614238.82,827.79
2018-02-21,125.66,126.2106,26614238.82,827.79
2018-02-22,126.3,126.0052,26614238.82,827.79
2018-02-23,126.14,125.9659,26661667.52,829.26
2018-02-26,126.45,126.4883,26718580.15,831.03
2018-02-27,125.13,125.7516,26718580.15,831.03
2018-02-28,125.0,125.0007,26718580.15,831.03
2018-03-01,124.72,124.041,26813430.87,833.98
2018-03-02,125.39,125.4202,26813430.87,833.98
2018-03-05,125.18,125.2358,26813430.87,833.98
2018-03-06,126.53,126.2781,26813430.87,833.98
2018-03-07,125.72,126.0869,26805240.94,833.73
2018-03-08,125.42,125.2888,26805240.94,833.73
2018-03-09,125.54,125.2495,26805240.94,833.73
2018-03-12,125.54,125.1078,26805240.94,833.73
2018-03-13,125.78,125.4479,26805240.94,833.73
2018-03-14,125.7,125.5224,26805240.94,833.73
2018-03-15,124.9,125.0658,26947495.86,838.15
2018-03-16,124.6,124.2439,27013880.69,840.22
2018-03-19,124.87,124.458,27355277.29,850.84
2018-03-20,124.31,124.3239,27345794.16,850.54
2018-03-21,126.48,125.3042,27345794.16,850.54
2018-03-22,125.98,126.0427,27345794.16,850.54
2018-03-23,127.61,127.6964,27345794.16,850.54
2018-03-26,128.28,128.2424,27241485.81,847.3
2018-03-27,127.49,127.2024,27203556.0,846.12
2018-03-28,125.73,126.3473,27203556.0,846.12
2018-03-29,125.79,125.5302,27203556.0,846.12
2018-04-02,127.26,125.5247,27402673.64,852.31
2018-04-03,126.3,126.4339,27402673.64,852.31
2018-04-04,126.45,126.7977,27393584.05,852.03
2018-04-05,125.8,125.886,27459954.63,854.09
2018-04-06,126.39,126.2165,27649582.81,859.99
2018-04-09,126.82,126.2835,27649582.81,859.99
2018-04-10,127.12,126.9458,27649582.81,859.99
2018-04-11,128.11,128.0633,27649582.81,859.99
2018-04-12,126.62,127.1706,27839198.65,865.89
2018-04-13,127.45,127.392,27839198.65,865.89
2018-04-16,127.63,127.9236,27839198.65,865.89
2018-04-17,127.75,127.2347,27839198.65,865.89
2018-04-18,127.85,128.1199,27839198.65,865.89
2018-04-19,127.6,127.8483,27839198.65,865.89
2018-04-20,126.63,126.7232,27839198.65,865.89
2018-04-23,125.62,125.5386,27839198.65,865.89
2018-04-24,126.23,125.9686,28009830.04,871.2
2018-04-25,125.41,125.2846,28009830.04,871.2
2018-04-26,124.97,125.1931,28009830.04,871.2
2018-04-27,125.5,125.2676,28009830.04,871.2
2018-04-30,124.59,124.4765,28009830.04,871.2
2018-05-01,123.71,123.8967,27867648.82,866.77
2018-05-02,123.65,123.6204,27867648.82,866.77
2018-05-03,124.28,124.6478,27829734.58,865.59
2018-05-04,124.54,124.1107,27782535.18,864.13
2018-05-07,124.57,124.1066,27782535.18,864.13
2018-05-08,124.59,123.8399,27782535.18,864.13
2018-05-09,124.33,124.5257,27744623.47,862.95
2018-05-10,125.18,124.9936,27744623.47,862.95
2018-05-11,125.0,125.5183,27574024.41,857.64
2018-05-14,124.49,125.0876,27526637.36,856.17
2018-05-15,122.48,122.7307,27526637.36,856.17
2018-05-16,122.29,122.3739,27526637.36,856.17
2018-05-17,122.36,122.2067,27526637.36,856.17
2018-05-18,122.41,122.0916,27498206.49,855.28
2018-05-21,122.48,122.0924,27393963.38,852.04
2018-05-22,122.41,122.5365,27393963.38,852.04
2018-05-23,122.54,122.1513,27393963.38,852.04
2018-05-24,123.59,123.6523,27393963.38,852.04
2018-05-25,123.21,123.523,27280248.28,848.5
2018-05-29,123.19,122.7593,27375006.53,851.45
2018-05-30,123.37,123.2509,27375006.53,851.45
2018-05-31,123.1,123.6903,27232871.92,847.03
2018-06-01,122.49,122.6699,26891753.56,836.42
2018-06-04,122.37,122.7465,26891753.56,836.42
2018-06-05,122.85,122.4229,26882300.71,836.13
2018-06-06,122.92,123.1843,26768600.87,832.59
2018-06-07,122.86,122.9129,26768600.87,832.59
2018-06-08,123.01,123.0063,26645428.75,828.76
2018-06-11,123.23,123.1302,26645428.75,828.76
2018-06-12,122.82,123.0388,26645428.75,828.76
2018-06-13,123.19,122.8006,26645428.75,828.76
2018-06-14,123.38,123.4246,26645428.75,828.76
2018-06-15,121.34,121.7651,26645428.75,828.76
2018-06-18,121.11,121.4105,26645428.75,828.76
2018-06-19,120.8,120.8974,26645428.75,828.76
2018-06-20,120.26,120.7113,26645428.75,828.76
2018-06-21,120.05,119.9472,26512801.38,824.63
2018-06-22,120.34,120.2302,26512801.38,824.63
2018-06-25,119.89,120.1836,26370706.78,820.21
2018-06-26,119.26,119.3863,26512799.55,824.63
2018-06-27,118.58,118.8449,26418072.2,821.69
2018-06-28,118.22,118.5546,26380181.7,820.51
2018-06-29,118.65,118.4491,26332819.11,819.04
2018-07-02,117.46,118.1941,26020236.55,809.31
2018-07-03,118.65,118.5671,25830794.43,803.42
2018-07-05,119.05,118.9198,25830794.43,803.42
2018-07-06,118.86,118.9043,25792907.21,802.24
2018-07-09,119.15,119.5353,25745549.63,800.77
2018-07-10,118.93,118.7712,25689236.19,799.02
2018-07-11,117.64,118.5236,25689236.19,799.02
2018-07-12,118.13,118.0013,25566110.98,795.19
2018-07-13,117.61,117.6022,25566110.98,795.19
2018-07-16,117.55,117.5415,25528227.98,794.01
2018-07-17,116.28,116.754,25528227.98,794.01
2018-07-18,116.31,115.9665,25528227.98,794.01
2018-07-19,115.81,115.3069,25660813.64,798.13
2018-07-20,116.56,116.3665,25660813.64,798.13
2018-07-23,116.0,116.0028,25802863.64,802.55
2018-07-24,116.04,116.3235,25802863.64,802.55
2018-07-25,116.68,116.6207,25727105.2,800.2
2018-07-26,115.77,116.3115,25727105.2,800.2
2018-07-27,115.83,115.9029,25727105.2,800.2
2018-07-30,115.65,115.8849,25727105.2,800.2
2018-07-31,115.99,115.6137,25727105.2,800.2
2018-08-01,115.14,115.4277,25622945.66,796.96
2018-08-02,114.52,115.0902,25622945.66,796.96
2018-08-03,114.92,115.1694,25556663.82,794.89
2018-08-06,114.33,114.5357,25357825.28,788.71
2018-08-07,114.59,114.7902,25319951.65,787.53
2018-08-08,114.91,114.5237,25273123.64,786.08
2018-08-09,114.74,114.977,25273123.64,786.08
2018-08-10,114.69,114.9805,25273123.64,786.08
2018-08-13,112.96,113.6463,25225784.82,784.6
2018-08-14,113.07,113.3278,24970158.11,776.65
2018-08-15,111.19,111.9062,24903885.38,774.59
2018-08-16,111.1,111.7535,24866015.67,773.41
2018-08-17,112.13,111.5629,24828146.38,772.24
2018-08-20,112.69,112.1226,24828146.38,772.24
2018-08-21,113.02,112.7464,24714543.25,768.7
2018-08-22,113.27,113.2849,24714543.25,768.7
2018-08-23,112.2,112.8765,24667209.63,767.23
2018-08-24,114.16,113.3818,24582009.96,764.58
2018-08-27,114.59,113.3781,24582009.96,764.58
2018-08-28,113.68,114.7546,24430549.98,759.87
2018-08-29,114.2,113.9911,24430549.98,759.87
2018-08-30,113.64,113.3365,24364287.95,757.81
2018-08-31,113.51,113.8229,24279094.73,755.16
2018-09-04,112.93,112.7195,24014061.73,746.91
2018-09-05,113.32,113.2722,24014061.73,746.91
2018-09-06,113.54,114.0711,24014061.73,746.91
2018-09-07,113.23,113.478,23966735.84,745.44
2018-09-10,113.15,113.2565,23966735.84,745.44
2018-09-11,113.22,112.6161,23958155.88,745.18
2018-09-12,114.17,113.1591,23958155.88,745.18
2018-09-13,113.76,114.502,23872974.99,742.53
2018-09-14,113.02,113.7577,23872974.99,742.53
2018-09-17,113.61,113.7493,23872974.99,742.53
2018-09-18,113.44,113.5871,23863510.98,742.23
2018-09-19,113.88,113.8793,23863510.98,742.23
2018-09-20,114.27,114.3561,23863510.98,742.23
2018-09-21,113.49,113.4414,23863510.98,742.23
2018-09-24,113.47,113.821,23863510.98,742.23
2018-09-25,113.65,113.7393,23863510.98,742.23
2018-09-26,113.05,113.0139,23863510.98,742.23
2018-09-27,112.05,112.1749,23863510.98,742.23
2018-09-28,112.76,112.3488,23863510.98,742.23
2018-10-01,112.57,112.5439,23797272.49,740.17
2018-10-02,113.87,113.9957,23721571.86,737.82
2018-10-03,113.42,113.6631,23522860.09,731.64
2018-10-04,113.48,113.8749,23522860.09,731.64
2018-10-05,113.8,113.9067,23475548.77,730.17
2018-10-08,112.54,112.308,23475548.77,730.17
2018-10-09,112.6,112.1743,23475548.77,730.17
2018-10-10,112.88,112.4617,23759399.68,738.99
2018-10-11,115.78,114.065,23759399.68,738.99
2018-10-12,115.23,115.4078,23940897.03,744.64
2018-10-15,116.0,116.3693,24073355.22,748.76
2018-10-16,115.8,116.4389,24073355.22,748.76
2018-10-17,115.79,116.2815,24073355.22,748.76
2018-10-18,115.92,115.7078,24073355.22,748.76
2018-10-19,116.01,116.1654,23978746.4,745.82
2018-10-22,115.71,115.6364,24044970.32,747.88
2018-10-23,116.39,116.9268,24044970.32,747.88
2018-10-24,116.66,116.4146,24101732.54,749.64
2018-10-25,116.4,116.4369,24101732.54,749.64
2018-10-26,116.77,116.7243,24101732.54,749.64
2018-10-29,116.31,116.4318,24272009.84,754.94
2018-10-30,115.8,115.9196,24272009.84,754.94
2018-10-31,115.15,114.9295,24243631.03,754.06
2018-11-01,116.63,116.4611,24461200.49,760.82
2018-11-02,116.65,116.5498,24404443.85,759.06
2018-11-05,116.37,116.5601,24347689.07,757.29
2018-11-06,116.04,116.4973,24328771.02,756.7
2018-11-07,116.03,116.3399,24281476.44,755.23
2018-11-08,115.78,115.7898,24281476.44,755.23
2018-11-09,114.48,114.5821,24281476.44,755.23
2018-11-12,113.66,114.0247,24499017.71,762.0
2018-11-13,113.7,113.697,24471887.69,761.15
2018-11-14,114.64,113.8046,24471887.69,761.15
2018-11-15,114.77,114.6168,24471887.69,761.15
2018-11-16,115.62,115.6135,24424598.12,759.68
2018-11-19,115.67,115.5341,24462428.53,760.86
2018-11-20,115.67,115.6652,24462428.53,760.86
2018-11-21,115.86,115.9572,24528630.34,762.92
2018-11-23,115.77,115.7229,24528630.34,762.92
2018-11-26,115.64,115.6955,24490802.83,761.74
2018-11-27,114.95,115.4861,24490802.83,761.74
2018-11-28,115.38,114.7328,24490802.83,761.74
2018-11-29,115.74,115.9613,24490802.83,761.74
2018-11-30,115.54,115.137,24490802.83,761.74
2018-12-03,116.41,116.3393,24377328.74,758.21
2018-12-04,117.12,117.284,24377328.74,758.21
2018-12-06,117.14,117.4943,24377328.74,758.21
2018-12-07,118.09,117.5639,24426177.95,759.73
2018-12-10,117.68,117.7539,24445088.93,760.32
2018-12-11,117.54,117.7479,24549098.14,763.56
2018-12-12,117.79,117.7891,24549098.14,763.56
2018-12-13,117.53,117.5042,24549098.14,763.56
2018-12-14,117.06,116.8031,24549098.14,763.56
2018-12-17,117.87,117.395,24549098.14,763.56
2018-12-18,118.15,117.8335,24813828.68,771.79
2018-12-19,117.43,118.6549,24813828.68,771.79
2018-12-20,119.24,119.1027,24728738.4,769.14
2018-12-21,118.72,118.9501,24842190.83,772.67
2018-12-24,120.02,119.2394,24889461.14,774.14
2018-12-26,119.66,119.2368,25399969.37,790.02
2018-12-27,120.57,119.8738,25324339.24,787.67
2018-12-28,121.06,120.9126,25324339.24,787.67
2018-12-31,121.25,121.1593,25324339.24,787.67
2019-01-02,121.33,121.2748,25570121.84,795.31
2019-01-03,122.43,121.9874,25570121.84,795.31
2019-01-04,121.44,120.9885,25664651.45,798.25
2019-01-07,121.86,122.1476,25617388.03,796.78
2019-01-08,121.53,121.6025,25609233.69,796.53
2019-01-09,122.31,121.8044,25694305.86,799.18
2019-01-10,121.59,122.1151,25647044.05,797.71
2019-01-11,121.8,121.8348,25647044.05,797.71
2019-01-14,122.09,122.1901,25647044.05,797.71
2019-01-15,121.88,122.3447,25647044.05,797.71
2019-01-16,122.27,122.1448,25647044.05,797.71
2019-01-17,122.11,121.9923,25647044.05,797.71
2019-01-18,121.02,121.3765,26034556.49,809.76
2019-01-22,121.45,121.1726,26034556.49,809.76
2019-01-23,121.28,120.9539,26034556.49,809.76
2019-01-24,121.09,121.3212,26034556.49,809.76
2019-01-25,122.86,122.2841,26034556.49,809.76
2019-01-28,123.29,123.06,26223566.97,815.64
2019-01-29,123.98,123.5691,26488179.07,823.87
2019-01-30,124.69,123.8655,26488179.07,823.87
2019-01-31,124.75,125.0506,26488179.07,823.87
2019-02-01,124.5,124.6191,26280275.86,817.4
2019-02-04,123.96,123.9958,26147978.41,813.29
2019-02-05,124.28,124.1882,26100729.81,811.82
2019-02-06,123.44,124.0167,26034582.52,809.76
2019-02-07,123.74,123.7885,25826693.5,803.29
2019-02-08,124.21,124.2456,25788895.85,802.12
2019-02-11,123.6,123.4427,25788895.85,802.12
2019-02-12,123.86,123.7817,25684957.04,798.89
2019-02-13,123.37,124.045,25619645.09,796.85
2019-02-14,124.06,123.9161,25619645.09,796.85
2019-02-15,124.8,124.3967,25496812.17,793.03
2019-02-19,126.7,126.0544,25477915.58,792.45
2019-02-20,126.48,126.9603,25544053.02,794.5
2019-02-21,125.05,125.7776,25383435.61,789.51
2019-02-22,125.5,125.5683,25383435.61,789.51
2019-02-25,125.37,125.7532,25345644.93,788.33
2019-02-26,125.58,125.1848,25345644.93,788.33
2019-02-27,124.69,124.9755,25345644.93,788.33
2019-02-28,123.99,124.6245,25213382.24,784.22
2019-03-01,121.88,123.9427,24835493.64,772.46
2019-03-04,121.56,121.4296,24646556.94,766.59
2019-03-05,121.72,121.2771,24646556.94,766.59
2019-03-06,121.61,121.4695,24646556.94,766.59
2019-03-07,121.51,121.4162,24646556.94,766.59
2019-03-08,122.84,122.4969,24646556.94,766.59
2019-03-11,122.24,122.1149,24741018.26,769.53
2019-03-12,122.98,122.5199,24835478.68,772.46
2019-03-13,123.84,123.4541,24835478.68,772.46
2019-03-14,122.41,122.3754,24835478.68,772.46
2019-03-15,122.97,123.1254,24789707.41,771.04
2019-03-18,123.04,123.3197,25054179.9,779.27
2019-03-19,123.38,123.5168,25016398.52,778.09
2019-03-20,124.18,123.1375,25016398.52,778.09
2019-03-21,123.68,123.6936,25016398.52,778.09
2019-03-22,123.97,123.8528,25110848.93,781.03
2019-03-25,124.92,124.6281,25110848.93,781.03
2019-03-26,124.3,124.3197,25214739.93,784.26
2019-03-27,123.65,123.6949,25214739.93,784.26
2019-03-28,121.9,122.3189,25214739.93,784.26
2019-03-29,122.01,122.3412,25214739.93,784.26
2019-04-01,121.53,122.1577,24846425.25,772.8
2019-04-02,121.98,121.8541,24695323.57,768.1
2019-04-03,121.8,121.8669,24572554.8,764.29
2019-04-04,122.11,121.1759,24516750.58,762.55
2019-04-05,121.98,121.6751,24488420.0,761.67
2019-04-08,122.51,122.7619,24450647.12,760.49
2019-04-09,123.15,123.0439,24365659.04,757.85
2019-04-10,123.53,123.2739,24365659.04,757.85
2019-04-11,121.95,122.6445,24365659.04,757.85
2019-04-12,121.83,122.2182,24365659.04,757.85
2019-04-15,121.6,121.3973,24242906.77,754.03
2019-04-16,120.51,120.5177,24186252.57,752.27
2019-04-17,120.28,120.4691,24205137.09,752.86
2019-04-18,120.37,120.4536,24167368.46,751.68
2019-04-22,120.37,120.4483,24167368.46,751.68
2019-04-23,120.12,119.8615,24101277.04,749.63
2019-04-24,120.47,120.0632,24044627.85,747.87
2019-04-25,120.57,120.926,24044627.85,747.87
2019-04-26,121.37,121.2458,24006862.45,746.69
2019-04-29,120.83,120.798,24006862.45,746.69
2019-04-30,121.2,121.0611,24006862.45,746.69
2019-05-01,120.4,121.2014,24006862.45,746.69
2019-05-02,119.94,119.9865,23969099.67,745.52
2019-05-03,120.65,120.7029,23818049.88,740.82
2019-05-06,120.81,120.699,23780288.67,739.64
2019-05-07,121.21,120.9479,23789728.88,739.94
2019-05-08,120.91,121.3244,23789728.88,739.94
2019-05-09,121.2,121.408,23789728.88,739.94
2019-05-10,121.43,121.5011,23574066.26,733.23
2019-05-13,122.67,122.2996,23677901.99,736.46
2019-05-14,122.46,122.5626,23677901.99,736.46
2019-05-15,122.39,122.6274,23574068.5,733.23
2019-05-16,121.51,121.9274,23574068.5,733.23
2019-05-17,120.65,120.897,23668460.29,736.17
2019-05-20,120.64,120.5201,23668460.29,736.17
2019-05-21,120.36,119.9807,23781725.29,739.69
2019-05-22,120.24,120.2295,23753409.33,738.81
2019-05-23,121.17,121.1581,23753409.33,738.81
2019-05-24,121.3,121.0482,23753409.33,738.81
2019-05-28,120.83,120.6464,23706219.15,737.34
2019-05-29,120.87,120.9614,23819474.43,740.86
2019-05-30,121.69,120.894,23819474.43,740.86
2019-05-31,123.33,122.271,23894976.57,743.21
2019-06-03,125.11,124.3015,24423477.24,759.65
2019-06-04,125.15,124.9751,24423477.24,759.65
2019-06-05,125.47,125.9933,24357415.78,757.59
2019-06-06,125.88,126.0345,24357415.78,757.59
2019-06-07,126.59,126.5193,24319667.15,756.42
2019-06-10,125.33,125.3775,24319667.15,756.42
2019-06-11,125.18,124.9702,24311851.99,756.18
2019-06-12,125.83,125.7285,24425091.19,759.7
2019-06-13,126.6,126.0622,24425091.19,759.7
2019-06-14,126.56,127.5095,24566637.35,764.1
2019-06-17,126.48,126.5663,24566637.35,764.1
2019-06-18,127.12,126.5696,24566637.35,764.1
2019-06-19,127.89,126.823,24566637.35,764.1
2019-06-20,131.11,130.1673,24566637.35,764.1
2019-06-21,131.98,131.8316,25689492.08,799.03
2019-06-24,133.94,132.6342,25783846.65,801.96
2019-06-25,134.2,135.0582,25708363.5,799.61
2019-06-26,132.97,132.4661,25651752.03,797.85
2019-06-27,132.84,132.3278,25585706.05,795.8
2019-06-28,133.2,132.9398,25529095.77,794.04
2019-07-01,130.62,131.1517,25727224.42,800.2
2019-07-02,133.41,131.24,25670616.84,798.44
2019-07-03,133.63,133.3573,25670616.84,798.44
2019-07-05,132.14,131.0091,25623445.46,796.97
2019-07-08,131.29,132.0854,25585709.47,795.8
2019-07-09,131.75,131.277,25530590.82,794.08
2019-07-10,133.83,132.8559,25738133.96,800.54
2019-07-11,132.7,133.3686,25738133.96,800.54
2019-07-12,133.53,132.7869,25738133.96,800.54
2019-07-15,133.53,133.2354,25738133.96,800.54
2019-07-16,132.4,132.9934,25700401.32,799.37
2019-07-17,134.58,133.0391,25823031.07,803.18
2019-07-18,136.48,133.7075,26190916.58,814.62
2019-07-19,134.47,135.8053,26379574.32,820.49
2019-07-22,134.45,134.6734,26530495.27,825.18
2019-07-23,133.69,134.4643,26464468.1,823.13
2019-07-24,134.37,134.5949,26436171.05,822.25
2019-07-25,133.42,133.5698,26341848.76,819.32
2019-07-26,133.64,133.974,26304120.22,818.14
2019-07-29,134.53,133.8423,26521052.11,824.89
2019-07-30,134.98,134.4871,26521052.11,824.89
2019-07-31,133.21,134.6413,26473893.95,823.42
2019-08-01,136.41,132.6821,26615366.18,827.82
2019-08-02,135.89,135.978,26709680.76,830.76
2019-08-05,137.79,138.1907,26851148.8,835.16
2019-08-06,138.91,138.1892,26907735.4,836.92
2019-08-07,141.02,142.037,27181237.13,845.42
2019-08-08,141.73,141.0637,27002048.77,839.85
2019-08-09,141.26,141.2461,27002048.77,839.85
2019-08-12,142.63,141.9019,27256674.33,847.77
2019-08-13,141.78,141.3059,26899425.16,836.66
2019-08-14,142.75,142.705,27144614.65,844.29
2019-08-15,143.7,142.9298,27144614.65,844.29
2019-08-16,142.78,142.8905,27116324.17,843.41
2019-08-19,141.11,141.1268,27116324.17,843.41
2019-08-20,142.21,141.8751,27172902.58,845.17
2019-08-21,141.76,141.7509,27389784.07,851.91
2019-08-22,141.4,141.6362,27484079.32,854.84
2019-08-23,144.17,141.7997,27644379.53,859.83
2019-08-26,144.19,141.795,27644379.53,859.83
2019-08-27,145.57,144.5428,28078116.29,873.32
2019-08-28,145.16,144.9373,28370414.17,882.41
2019-08-29,144.12,145.2234,28304412.11,880.36
2019-08-30,143.75,144.1089,28238410.92,878.31
2019-09-03,145.75,144.9938,28615544.84,890.04
2019-09-04,146.66,145.7704,28804110.08,895.9
2019-09-05,143.14,144.1654,28606481.93,889.75
2019-09-06,141.92,143.6547,28606481.93,889.75
2019-09-09,141.39,142.2828,28370789.48,882.42
2019-09-10,140.18,141.2488,28370789.48,882.42
2019-09-11,141.03,140.5307,28370789.48,882.42
2019-09-12,141.32,142.8439,28304797.72,880.37
2019-09-13,140.15,141.7015,28116252.08,874.51
2019-09-16,141.32,141.1405,28116252.08,874.51
2019-09-17,141.6,141.601,28304789.44,880.37
2019-09-18,140.71,141.7314,28408483.86,883.6
2019-09-19,141.28,141.4659,28408483.86,883.6
2019-09-20,142.95,141.5775,28747839.92,894.15
2019-09-23,143.75,143.4774,29209727.54,908.52
2019-09-24,144.51,143.3391,29209727.54,908.52
2019-09-25,141.83,144.1012,29737588.13,924.94
2019-09-26,141.79,141.9924,29737588.13,924.94
2019-09-27,141.06,140.4351,29671607.46,922.88
2019-09-30,138.87,139.9968,29605629.02,920.83
2019-10-01,139.63,138.878,29605629.02,920.83
2019-10-02,141.26,140.682,29699882.03,923.76
2019-10-03,141.9,142.9905,29699882.03,923.76
2019-10-04,141.9,141.2965,29699882.03,923.76
2019-10-07,140.69,141.4899,29699882.03,923.76
2019-10-08,141.92,141.922,29699882.03,923.76
2019-10-09,142.05,142.0525,29699882.03,923.76
2019-10-10,140.81,140.8771,29633808.57,921.71
2019-10-11,140.03,139.4005,29633808.57,921.71
2019-10-14,140.59,140.4751,29633808.57,921.71
2019-10-15,139.61,140.2097,29567840.86,919.66
2019-10-16,140.41,139.9536,29520721.59,918.19
2019-10-17,140.61,140.6637,29520721.59,918.19
2019-10-18,140.46,140.4124,29728041.96,924.64
2019-10-21,139.79,140.5633,29728041.96,924.64
2019-10-22,140.2,139.968,29567846.98,919.66
2019-10-23,140.53,140.8242,29530154.4,918.48
2019-10-24,141.53,141.0206,29530154.4,918.48
2019-10-25,141.86,142.6119,29530154.4,918.48
2019-10-28,140.64,140.6232,29530154.4,918.48
2019-10-29,140.25,140.0891,29492464.37,917.31
2019-10-30,141.02,140.5919,29435929.87,915.55
2019-10-31,142.43,142.367,29435929.87,915.55
2019-11-01,142.56,142.1628,29407663.14,914.67
2019-11-04,142.15,142.2194,29407663.14,914.67
2019-11-05,139.85,140.2857,29445350.28,915.85
2019-11-06,140.45,140.0108,29445350.28,915.85
2019-11-07,138.27,139.8396,29398242.45,914.38
2019-11-08,137.39,137.9436,28974279.04,901.19
2019-11-11,137.06,137.4253,28974279.04,901.19
2019-11-12,137.43,136.797,28842385.6,897.09
2019-11-13,137.98,137.8182,28832133.69,896.77
2019-11-14,138.56,138.17,28832133.69,896.77
2019-11-15,138.21,138.1921,28832133.69,896.77
2019-11-18,138.62,138.2582,28671987.22,891.79
2019-11-19,138.69,138.3321,28671987.22,891.79
2019-11-20,138.76,138.6368,28671987.22,891.79
2019-11-21,138.0,138.1972,28671987.22,891.79
2019-11-22,137.74,137.9507,28671987.22,891.79
2019-11-25,137.08,137.3761,28822701.54,896.48
2019-11-26,137.74,137.0213,28822701.54,896.48
2019-11-27,137.01,136.9915,28822701.54,896.48
2019-11-29,137.86,137.535,28794443.82,895.6
2019-12-02,137.79,137.6247,28587227.34,889.16
2019-12-03,139.11,139.1449,28587227.34,889.16
2019-12-04,138.92,138.9361,28568389.83,888.57
2019-12-05,139.0,139.0147,28568389.83,888.57
2019-12-06,137.62,137.4773,28493041.73,886.23
2019-12-09,137.58,137.666,28493041.73,886.23
2019-12-10,137.97,137.9707,28483504.93,885.93
2019-12-11,138.92,138.1434,28492922.94,886.22
2019-12-12,138.43,138.2361,28492922.94,886.22
2019-12-13,139.05,138.1216,28492922.94,886.22
2019-12-16,139.04,139.1814,28492922.94,886.22
2019-12-17,139.01,138.9821,28313992.25,880.66
2019-12-18,139.02,138.8157,28398747.95,883.29
2019-12-19,139.38,139.0638,28398747.95,883.29
2019-12-20,139.52,139.2789,28483501.86,885.93
2019-12-23,139.95,139.5663,28483501.86,885.93
2019-12-24,141.27,140.389,28577668.94,888.86
2019-12-26,142.38,140.3859,28690666.96,892.37
2019-12-27,142.33,142.3294,28718916.27,893.25
2019-12-30,142.63,142.6309,28718916.27,893.25
2019-12-31,142.9,143.4064,28718916.27,893.25
2020-01-02,143.95,143.7894,28784827.2,895.3
2020-01-03,145.86,145.8271,28784827.2,895.3
2020-01-06,147.39,148.1158,28813073.81,896.18
2020-01-07,147.97,147.6197,28813073.81,896.18
2020-01-08,146.86,148.0043,28511783.29,886.81
2020-01-09,146.03,146.0058,28361140.5,882.12
2020-01-10,146.91,146.2727,28116555.49,874.52
2020-01-13,145.82,145.9195,28116555.49,874.52
2020-01-14,145.69,145.4659,28116555.49,874.52
2020-01-15,146.54,145.8315,28238944.77,878.32
2020-01-16,146.31,146.3525,28276602.62,879.49
2020-01-17,146.58,146.6381,28897950.58,898.82
2020-01-21,146.74,146.0385,28897950.58,898.82
2020-01-22,146.79,146.5642,28897950.58,898.82
2020-01-23,147.12,147.1276,28954433.1,900.58
2020-01-24,147.98,147.2578,28954433.1,900.58
2020-01-27,148.99,148.7407,28916779.62,899.41
2020-01-28,147.66,148.1647,28916779.62,899.41
2020-01-29,148.46,148.1113,29048563.76,903.5
2020-01-30,148.47,148.5616,29048563.76,903.5
2020-01-31,149.33,149.1202,29039150.79,903.21
2020-02-03,148.36,148.2255,29340355.24,912.58
2020-02-04,146.43,146.6797,29340355.24,912.58
2020-02-05,146.61,146.2026,29415318.56,914.91
2020-02-06,147.4,147.1423,29415318.56,914.91
2020-02-07,147.79,148.0208,29452967.31,916.08
2020-02-10,148.17,148.0677,29452967.31,916.08
2020-02-11,147.66,147.8119,29650614.58,922.23
2020-02-12,147.54,147.1702,29650614.58,922.23
2020-02-13,148.38,148.237,29650614.58,922.23
2020-02-14,149.0,148.8331,29707083.43,923.99
2020-02-18,150.91,149.6219,29895304.89,929.84
2020-02-19,151.79,150.971,29951770.82,931.6
2020-02-20,152.41,152.3625,30027058.02,933.94
2020-02-21,154.7,154.6481,30027058.02,933.94
2020-02-24,156.09,157.3116,30027058.02,933.94
2020-02-25,153.3,155.3002,30224676.93,940.09
2020-02-26,153.97,153.849,30083522.46,935.69
2020-02-27,154.0,155.4569,30036471.35,934.23
2020-02-28,148.38,151.4877,30036471.35,934.23
2020-03-02,149.2,150.5226,29932964.41,931.01
2020-03-03,153.89,152.0129,30045880.21,934.52
2020-03-04,154.16,154.4915,30045880.21,934.52
2020-03-05,157.49,156.1606,30459899.57,947.4
2020-03-06,157.55,158.4226,30723364.87,955.6
2020-03-09,157.81,157.3679,30986820.87,963.79
2020-03-10,154.48,155.7849,30930366.85,962.03
2020-03-11,153.93,155.5996,30648099.94,953.26
2020-03-12,147.79,147.7807,30356433.74,944.18
2020-03-13,143.28,147.0355,29951667.0,931.59
2020-03-16,141.64,139.9639,29895218.56,929.84
2020-03-17,143.56,144.5261,29895218.56,929.84
2020-03-18,140.7,140.9488,29697653.15,923.69
2020-03-19,138.04,138.6936,29650614.44,922.23
2020-03-20,140.11,140.5882,29199046.38,908.18
2020-03-23,146.3,143.5006,29707046.46,923.99
2020-03-24,153.4,151.0598,30092751.14,935.98
2020-03-25,151.3,151.03,30516080.9,949.15
2020-03-26,153.24,153.7901,30657189.95,953.54
2020-03-27,152.25,152.1417,31014661.27,964.66
2020-03-30,152.92,152.2308,31005254.43,964.36
2020-03-31,148.05,151.3493,31089914.85,967.0
2020-04-01,149.45,148.2989,31146354.13,968.75
2020-04-02,151.9,152.0847,31249825.91,971.97
2020-04-03,152.65,151.7349,31475579.87,978.99
2020-04-06,156.88,155.0421,31644891.14,984.26
2020-04-07,156.04,155.1298,31691440.93,985.71
2020-04-08,154.65,154.9917,31785500.71,988.63
2020-04-09,158.69,158.0801,31964212.62,994.19
2020-04-13,161.41,158.0732,32462703.01,1009.7
2020-04-14,162.68,163.833,32716649.37,1017.59
2020-04-15,161.85,161.6442,32848323.57,1021.69
2020-04-16,161.71,162.663,32848323.57,1021.69
2020-04-17,158.57,159.1855,32848323.57,1021.69
2020-04-20,159.7,158.583,33102251.96,1029.59
2020-04-21,158.61,158.1909,33224512.37,1033.39
2020-04-22,161.73,160.87,33516054.32,1042.46
2020-04-23,163.34,163.2858,33516054.32,1042.46
2020-04-24,162.64,161.3697,33704141.9,1048.31
2020-04-27,161.56,161.2751,33704141.9,1048.31
2020-04-28,160.84,159.0722,33967451.94,1056.5
2020-04-29,161.73,160.1804,33967451.94,1056.5
2020-04-30,158.8,160.1222,33967451.94,1056.5
2020-05-01,159.78,158.5684,34334192.77,1067.9
2020-05-04,160.34,160.7126,34456436.27,1071.71
2020-05-05,161.02,159.8125,34606887.87,1076.39
2020-05-06,158.95,159.0535,34588081.65,1075.8
2020-05-07,161.39,160.2323,34776142.23,1081.65
2020-05-08,160.42,160.2306,34776142.23,1081.65
2020-05-11,159.42,160.103,34757337.0,1081.07
2020-05-12,160.04,160.0684,34840822.75,1083.66
2020-05-13,161.58,160.6308,35113492.73,1092.14
2020-05-14,163.01,162.8107,35517792.83,1104.72
2020-05-15,163.93,163.1616,35809261.9,1113.78
2020-05-18,162.69,163.0951,35809261.9,1113.78
2020-05-19,164.26,163.3989,35809261.9,1113.78
2020-05-20,164.65,164.3704,35762253.26,1112.32
2020-05-21,162.25,162.1682,35762253.26,1112.32
2020-05-22,163.21,162.9798,35903275.85,1116.71
2020-05-26,160.89,161.722,35903275.85,1116.71
2020-05-27,161.18,159.3082,35978483.32,1119.05
2020-05-28,161.72,161.4458,35997285.06,1119.63
2020-05-29,162.91,162.5113,36110094.45,1123.14
2020-06-01,163.66,162.6847,36279303.06,1128.4
2020-06-02,162.6,163.769,36307504.25,1129.28
2020-06-03,159.6,160.3067,36439107.38,1133.37
2020-06-04,161.28,159.8066,36401506.94,1132.2
2020-06-05,158.01,158.2438,36269907.32,1128.11
2020-06-08,159.72,158.8875,36185310.2,1125.48
2020-06-09,161.26,161.0627,36157111.31,1124.6
2020-06-10,163.57,161.8649,36314381.27,1129.49
2020-06-11,162.39,163.386,36492970.93,1135.05
2020-06-12,162.62,162.9377,36530568.33,1136.22
2020-06-15,162.33,160.7656,36530568.33,1136.22
2020-06-16,162.25,161.6475,36530568.33,1136.22
2020-06-17,162.56,162.0687,36530568.33,1136.22
2020-06-18,162.24,161.611,36530568.33,1136.22
2020-06-19,164.03,163.0428,37273060.58,1159.31
2020-06-22,165.09,165.585,37489222.86,1166.04
2020-06-23,166.48,166.2459,37592603.78,1169.25
2020-06-24,165.9,165.9762,37836955.92,1176.85
2020-06-25,165.8,165.0813,37789965.7,1175.39
2020-06-26,166.54,164.2382,37902740.84,1178.9
2020-06-29,166.63,166.4889,37902740.84,1178.9
2020-06-30,167.37,166.1581,37902740.84,1178.9
2020-07-01,166.62,166.4336,38006112.82,1182.11
2020-07-02,166.98,167.0334,38306828.34,1191.47
2020-07-06,167.98,168.0084,38306828.34,1191.47
2020-07-07,169.04,168.1617,38560543.83,1199.36
2020-07-08,170.09,170.1856,38663908.74,1202.57
2020-07-09,169.63,170.2778,38607528.48,1200.82
2020-07-10,169.19,169.4299,38595937.23,1200.46
2020-07-13,169.4,169.8378,38708692.62,1203.97
2020-07-14,170.19,169.3097,38802654.38,1206.89
2020-07-15,170.34,169.5616,38802654.38,1206.89
2020-07-16,168.73,169.851,38802654.38,1206.89
2020-07-17,170.12,169.8163,38802654.38,1206.89
2020-07-20,170.94,170.5907,38962379.12,1211.86
2020-07-21,173.0,173.1168,39216057.62,1219.75
2020-07-22,175.63,174.0405,39385174.97,1225.01
2020-07-23,177.18,176.4726,39450942.31,1227.05
2020-07-24,178.7,178.7072,39507313.87,1228.81
2020-07-27,182.23,181.9482,39695213.81,1234.65
2020-07-28,183.75,182.3456,39967665.91,1243.12
2020-07-29,185.13,183.2834,39930086.67,1241.95
2020-07-30,183.76,183.9157,39930086.67,1241.95
2020-07-31,185.43,184.595,39930086.67,1241.95
2020-08-03,185.64,183.9922,40136761.43,1248.38
2020-08-04,189.59,185.8086,40437376.95,1257.73
2020-08-05,191.35,192.4082,40766175.49,1267.96
2020-08-06,193.89,194.1916,40766175.49,1267.96
2020-08-07,190.81,190.8064,40578295.29,1262.12
2020-08-10,190.15,192.0547,40578295.29,1262.12
2020-08-11,179.94,182.1995,40443694.79,1257.93
2020-08-12,179.1,181.4694,40208861.94,1250.63
2020-08-13,183.33,182.6277,40255828.03,1252.09
2020-08-14,182.54,182.6726,40133717.51,1248.29
2020-08-17,186.5,185.3065,40265217.18,1252.38
2020-08-18,188.18,188.6771,40265217.18,1252.38
2020-08-19,182.24,186.0681,40265217.18,1252.38
2020-08-20,183.5,181.0071,40265217.18,1252.38
2020-08-21,182.03,180.7421,40265217.18,1252.38
2020-08-24,181.0,182.5775,40265217.18,1252.38
2020-08-25,181.22,179.4941,40152513.88,1248.87
2020-08-26,183.36,181.5401,40255824.43,1252.09
2020-08-27,181.24,180.6832,40237040.93,1251.5
2020-08-28,184.39,183.8284,40237040.93,1251.5
2020-08-31,184.83,183.8224,40237040.93,1251.5
2020-09-01,185.05,185.2296,40208866.99,1250.63
2020-09-02,182.62,182.8507,40190084.65,1250.04
2020-09-03,181.14,182.2287,40190084.65,1250.04
2020-09-04,181.64,180.8974,40190084.65,1250.04
2020-09-08,181.29,179.4474,40190084.65,1250.04
2020-09-09,183.05,182.851,40283989.21,1252.96
2020-09-10,182.46,184.6386,40283989.21,1252.96
2020-09-11,182.45,182.8657,40124354.96,1248.0
2020-09-14,183.89,183.9213,40124354.96,1248.0
2020-09-15,183.45,183.0409,40110584.9,1247.57
2020-09-16,183.97,184.2081,40110584.9,1247.57
2020-09-17,182.96,181.8066,40091805.65,1246.98
2020-09-18,183.2,183.1758,40504945.27,1259.83
2020-09-21,179.52,179.2724,41115242.3,1278.82
2020-09-22,178.65,178.9558,41096464.14,1278.23
2020-09-23,174.79,175.8923,40739684.53,1267.14
2020-09-24,175.44,174.7963,40739684.53,1267.14
2020-09-25,174.94,174.6019,40730295.82,1266.84
2020-09-28,176.7,175.0282,40796014.71,1268.89
2020-09-29,178.19,176.8716,40796014.71,1268.89
2020-09-30,177.12,177.1468,40796014.71,1268.89
2020-10-01,178.7,178.5629,41030718.84,1276.19
2020-10-02,178.54,178.6595,41011942.71,1275.6
2020-10-05,179.41,179.2688,41011942.71,1275.6
2020-10-06,177.3,179.6237,40880515.31,1271.52
2020-10-07,177.22,176.9077,40880515.31,1271.52
2020-10-08,177.85,177.1828,40880515.31,1271.52
2020-10-09,181.08,180.5429,40880515.31,1271.52
2020-10-12,180.56,180.7483,41077644.02,1277.65
2020-10-13,177.72,177.5345,41077644.02,1277.65
2020-10-14,178.27,179.2934,41087030.86,1277.94
2020-10-15,178.92,177.5869,41026645.75,1276.06
2020-10-16,178.3,178.8195,40914006.51,1272.56
2020-10-19,178.39,178.8653,40923392.8,1272.85
2020-10-20,179.25,178.1874,40829530.94,1269.93
2020-10-21,180.6,180.6029,40810758.72,1269.35
2020-10-22,178.83,178.4228,40688740.95,1265.55
2020-10-23,178.64,178.6743,40632425.66,1263.8
2020-10-26,178.55,178.1803,40632425.66,1263.8
2020-10-27,179.02,178.859,40726280.4,1266.72
2020-10-28,176.13,175.5008,40454106.18,1258.25
2020-10-29,175.4,175.5317,40454106.18,1258.25
2020-10-30,176.2,176.6141,40435335.92,1257.67
2020-11-02,177.91,177.364,40379026.89,1255.92
2020-11-03,178.92,179.0895,40379026.89,1255.92
2020-11-04,178.82,178.3224,40266411.09,1252.42
2020-11-05,182.93,181.9161,40266411.09,1252.42
2020-11-06,183.19,182.1348,40519793.16,1260.3
2020-11-09,175.08,175.2285,40181967.15,1249.79
2020-11-10,175.66,176.2968,40181967.15,1249.79
2020-11-11,174.9,174.6285,39891068.26,1240.74
2020-11-12,175.96,175.9315,39853533.2,1239.57
2020-11-13,177.16,177.4364,39684626.56,1234.32
2020-11-16,177.15,176.933,39590792.77,1231.4
2020-11-17,176.5,177.255,39426696.17,1226.3
2020-11-18,175.49,176.0377,39192116.9,1219.0
2020-11-19,175.16,174.276,39135818.61,1217.25
2020-11-20,175.69,175.9963,39229648.27,1220.17
2020-11-23,172.23,172.6588,39004465.58,1213.16
2020-11-24,169.59,168.8466,38572872.75,1199.74
2020-11-25,169.51,169.8396,38413372.52,1194.78
2020-11-27,167.79,166.9359,38413372.52,1194.78
2020-11-30,166.67,165.3584,38413372.52,1194.78
2020-12-01,170.18,169.8802,38300791.43,1191.28
2020-12-02,171.46,170.9905,38300791.43,1191.28
2020-12-03,172.81,171.9036,38253883.46,1189.82
2020-12-04,172.32,172.9013,38024929.08,1182.7
2020-12-07,174.89,174.4858,37931117.0,1179.78
2020-12-08,175.5,175.2532,37931117.0,1179.78
2020-12-09,172.5,172.7745,37931117.0,1179.78
2020-12-10,172.17,173.0165,37931117.0,1179.78
2020-12-11,172.49,172.7941,37809166.74,1175.99
2020-12-14,171.54,171.7705,37659079.19,1171.32
2020-12-15,173.94,173.5981,37621557.65,1170.15
2020-12-16,174.9,173.7182,37621557.65,1170.15
2020-12-17,176.74,177.3564,37546515.94,1167.82
2020-12-18,176.44,176.3225,37546515.94,1167.82
2020-12-21,175.88,176.3401,37612174.49,1169.86
2020-12-22,174.49,176.0661,37537136.99,1167.53
2020-12-23,175.65,175.8672,37537136.99,1167.53
2020-12-24,176.35,175.6354,37537136.99,1167.53
2020-12-28,175.71,175.6277,37612169.51,1169.86
2020-12-29,176.35,175.7899,37612169.51,1169.86
2020-12-30,177.7,177.0358,37612169.51,1169.86
2020-12-31,178.36,177.3622,37640305.87,1170.74
2021-01-04,182.33,182.2424,38193635.42,1187.95
2021-01-05,182.87,181.973,38156121.99,1186.78
2021-01-06,179.9,181.1829,38156121.99,1186.78
2021-01-07,179.48,180.0692,38006072.13,1182.11
2021-01-08,173.34,174.7008,38006072.13,1182.11
2021-01-11,173.0,173.2269,37993155.0,1181.71
2021-01-12,174.12,172.6622,37993155.0,1181.71
2021-01-13,173.37,174.311,37655570.18,1171.21
2021-01-14,173.28,172.7053,37327366.78,1161.0
2021-01-15,171.13,172.4455,37861863.47,1177.63
2021-01-19,172.58,172.0347,37749342.82,1174.13
2021-01-20,175.39,174.0867,37749342.82,1174.13
2021-01-21,175.28,174.6007,37749342.82,1174.13
2021-01-22,173.9,173.7171,37721213.53,1173.25
2021-01-25,174.05,174.1006,37721213.53,1173.25
2021-01-26,173.62,174.0753,37693085.45,1172.38
2021-01-27,172.52,172.7979,37589950.52,1169.17
2021-01-28,172.68,173.7995,37449313.26,1164.79
2021-01-29,172.61,174.7449,37299301.58,1160.13
2021-02-01,174.23,174.6594,37214922.8,1157.5
2021-02-02,172.11,171.8579,37214922.8,1157.5
2021-02-03,171.85,172.0765,37214922.8,1157.5
2021-02-04,168.15,167.4274,37289922.5,1159.84
2021-02-05,169.81,169.0247,37182898.66,1156.51
2021-02-08,171.52,172.0473,37051654.26,1152.43
2021-02-09,172.08,172.4533,36920411.28,1148.34
2021-02-10,172.71,172.7373,36864164.89,1146.59
2021-02-11,171.21,172.4964,36723550.48,1142.22
2021-02-12,170.69,170.2678,36723550.48,1142.22
2021-02-16,168.24,168.1884,36545449.31,1136.68
2021-02-17,166.33,166.9162,36423592.12,1132.89
2021-02-18,166.32,166.2066,36423592.12,1132.89
2021-02-19,167.01,167.4282,36254870.36,1127.64
2021-02-22,169.51,169.415,35861198.1,1115.4
2021-02-23,169.12,168.6818,35701856.49,1110.44
2021-02-24,169.0,167.5878,35570635.64,1106.36
2021-02-25,165.82,166.8031,35373806.77,1100.24
2021-02-26,161.81,163.3511,35158235.98,1093.53
2021-03-01,161.53,162.5301,34867694.1,1084.5
2021-03-02,162.41,161.5626,34952043.87,1087.12
2021-03-03,160.62,160.3936,34799654.6,1082.38
2021-03-04,159.04,160.4575,34668447.05,1078.3
2021-03-05,159.14,158.9702,34377919.36,1069.26
2021-03-08,157.49,158.1027,34190488.38,1063.43
2021-03-09,160.84,160.8986,34143631.07,1061.98
2021-03-10,161.66,160.8312,34087402.92,1060.23
2021-03-11,161.52,161.5839,33928091.5,1055.27
2021-03-12,161.49,159.7593,33825008.92,1052.07
2021-03-15,162.2,161.5207,33768783.81,1050.32
2021-03-16,162.35,162.5827,33768783.81,1050.32
2021-03-17,163.51,162.0795,33703189.24,1048.28
2021-03-18,162.56,161.7262,33703189.24,1048.28
2021-03-19,163.24,162.5961,33815634.68,1051.78
2021-03-22,163.0,162.6798,33815634.68,1051.78
2021-03-23,161.81,161.7455,33609494.02,1045.36
2021-03-24,162.37,162.1467,33534534.56,1043.03
2021-03-25,161.78,162.7822,33534534.56,1043.03
2021-03-26,162.24,162.265,33328400.52,1036.62
2021-03-29,160.31,159.8369,33356508.65,1037.5
2021-03-30,157.57,157.7732,33356508.65,1037.5
2021-03-31,159.96,158.4369,33356508.65,1037.5
2021-04-01,161.98,161.7155,33206602.89,1032.83
2021-04-05,161.92,161.7084,33206602.89,1032.83
2021-04-06,163.22,163.4499,33084810.62,1029.04
2021-04-07,162.76,162.8295,33073407.62,1028.69
2021-04-08,164.51,164.4627,32989091.81,1026.07
2021-04-09,163.27,163.1211,32989091.81,1026.07
2021-04-12,162.28,162.3334,32989091.81,1026.07
2021-04-13,163.43,163.7464,32989091.81,1026.07
2021-04-14,162.72,162.5828,32886046.04,1022.86
2021-04-15,165.35,164.6094,32886046.04,1022.86
2021-04-16,166.35,166.2238,32783002.18,1019.66
2021-04-19,165.89,166.223,32848573.39,1021.7
2021-04-20,166.48,166.5351,32848573.39,1021.7
2021-04-21,168.13,168.4399,32848573.39,1021.7
2021-04-22,167.04,167.4589,32848573.39,1021.7
2021-04-23,166.4,166.8996,32848573.39,1021.7
2021-04-26,166.84,166.1025,32848573.39,1021.7
2021-04-27,166.42,167.1125,32848573.39,1021.7
2021-04-28,166.91,165.9911,32848573.39,1021.7
2021-04-29,166.22,165.0945,32698713.12,1017.04
2021-04-30,165.66,165.5611,32698713.12,1017.04
2021-05-03,167.81,165.5557,32736176.57,1018.2
2021-05-04,166.58,168.374,32736176.57,1018.2
2021-05-05,167.27,166.9199,32772321.68,1019.33
2021-05-06,170.06,169.8122,32772321.68,1019.33
2021-05-07,171.59,172.002,32959631.62,1025.15
2021-05-10,172.11,172.3617,32959631.62,1025.15
2021-05-11,172.14,171.2967,32959631.62,1025.15
2021-05-12,170.43,171.4447,32959631.62,1025.15
2021-05-13,171.13,170.6092,32931537.0,1024.28
2021-05-14,172.69,172.134,33062643.93,1028.36
2021-05-17,174.7,173.5895,33306120.6,1035.93
2021-05-18,175.04,174.8099,33306120.6,1035.93
2021-05-19,175.16,176.8404,33156291.57,1031.27
2021-05-20,175.96,175.8878,33343575.59,1037.09
2021-05-21,176.04,175.6611,33530857.51,1042.92
2021-05-24,176.35,176.0534,33633859.23,1046.12
2021-05-25,177.95,176.693,33633859.23,1046.12
2021-05-26,177.64,177.8852,33568313.94,1044.08
2021-05-27,177.71,177.1059,33568313.94,1044.08
2021-05-28,178.38,177.9001,33540223.72,1043.21
2021-06-01,177.9,177.8361,33624490.69,1045.83
2021-06-02,178.77,178.1526,33493410.09,1041.75
2021-06-03,175.27,174.7601,33493410.09,1041.75
2021-06-04,177.16,177.0107,33538572.09,1043.16
2021-06-07,177.87,176.7989,33351324.75,1037.33
2021-06-08,177.32,177.2417,33351324.75,1037.33
2021-06-09,176.98,177.3756,33538568.03,1043.16
2021-06-10,177.74,176.8165,33585378.33,1044.61
2021-06-11,175.74,176.103,33585378.33,1044.61
2021-06-14,174.71,174.6506,33585378.33,1044.61
2021-06-15,174.05,174.6019,33585378.33,1044.61
2021-06-16,171.11,174.1927,33622824.02,1045.78
2021-06-17,165.85,166.5085,33501127.84,1041.99
2021-06-18,164.93,165.9823,33856851.01,1053.06
2021-06-21,166.95,166.1594,33744521.03,1049.56
2021-06-22,166.25,166.1576,33744521.03,1049.56
2021-06-23,166.14,167.7054,33650914.56,1046.65
2021-06-24,166.04,167.0715,33529227.6,1042.87
2021-06-25,166.59,167.2382,33529227.6,1042.87
2021-06-28,166.58,166.6382,33622828.78,1045.78
2021-06-29,164.83,164.3096,33622828.78,1045.78
2021-06-30,165.63,165.0288,33622828.78,1045.78
2021-07-01,166.2,166.7451,33538590.45,1043.16
2021-07-02,167.29,167.1786,33519871.01,1042.58
2021-07-06,168.12,169.3903,33508682.46,1042.23
2021-07-07,168.76,168.9018,33452526.94,1040.48
2021-07-08,168.65,169.1854,33443167.79,1040.19
2021-07-09,169.21,169.0244,33443167.79,1040.19
2021-07-12,169.0,167.7459,33349580.46,1037.28
2021-07-13,169.22,169.7518,33349580.46,1037.28
2021-07-14,171.04,170.6251,33255994.97,1034.37
2021-07-15,171.07,170.6747,33255994.97,1034.37
2021-07-16,169.41,170.7243,33068828.07,1028.55
2021-07-19,169.61,169.8388,33068828.07,1028.55
2021-07-20,169.39,170.5998,33068828.07,1028.55
2021-07-21,168.76,168.6417,33068828.07,1028.55
2021-07-22,169.09,168.3872,33031397.26,1027.38
2021-07-23,168.56,168.3994,33031397.26,1027.38
2021-07-26,168.16,168.45,32975253.5,1025.64
2021-07-27,168.44,168.4622,32975253.5,1025.64
2021-07-28,169.29,168.1093,32975253.5,1025.64
2021-07-29,171.17,171.1682,33162394.12,1031.46
2021-07-30,169.82,170.834,33162394.12,1031.46
2021-08-02,169.61,169.4899,33106254.58,1029.71
2021-08-03,169.49,169.6004,33050115.65,1027.97
2021-08-04,169.53,171.1382,33050115.65,1027.97
2021-08-05,168.86,168.4828,33038781.54,1027.61
2021-08-06,164.64,164.9395,32963932.37,1025.28
2021-08-09,161.72,162.6838,32907797.41,1023.54
2021-08-10,161.77,161.2317,32907797.41,1023.54
2021-08-11,164.0,163.1247,32907797.41,1023.54
2021-08-12,164.04,163.4785,32907797.41,1023.54
2021-08-13,166.39,165.9515,32851664.76,1021.79
2021-08-16,167.22,167.1156,32814244.18,1020.63
2021-08-17,166.97,167.4039,32701983.64,1017.14
2021-08-18,167.1,166.8406,32636499.08,1015.1
2021-08-19,166.61,166.7078,32636499.08,1015.1
2021-08-20,166.7,166.4253,32524242.36,1011.61
2021-08-23,168.73,168.5672,32365216.72,1006.66
2021-08-24,168.65,169.1688,32299736.25,1004.63
2021-08-25,167.48,167.319,32206194.0,1001.72
2021-08-26,167.67,167.1207,32206194.0,1001.72
2021-08-27,170.19,168.2323,32206194.0,1001.72
2021-08-30,169.35,168.2268,32206194.0,1001.72
2021-08-31,169.69,169.7548,32159425.73,1000.26
2021-09-01,169.7,169.4675,32159425.73,1000.26
2021-09-02,169.25,169.5358,32103305.07,998.52
2021-09-03,171.06,170.5773,32103305.07,998.52
2021-09-07,167.71,168.5534,32103305.07,998.52
2021-09-08,167.29,167.0404,32103305.07,998.52
2021-09-09,168.03,167.2491,32092220.73,998.17
2021-09-10,167.18,167.8413,32092220.73,998.17
2021-09-13,167.74,167.7703,32157686.58,1000.21
2021-09-14,168.82,167.6609,32157686.58,1000.21
2021-09-15,167.83,168.0519,32101574.21,998.46
2021-09-16,164.03,163.4668,32148333.79,999.92
2021-09-17,163.77,164.2133,32204444.72,1001.66
2021-09-20,164.94,164.3763,32204444.72,1001.66
2021-09-21,166.04,165.9365,32176390.42,1000.79
2021-09-22,165.42,165.8365,32176390.42,1000.79
2021-09-23,163.51,163.6459,31914556.93,992.65
2021-09-24,163.3,163.3448,31942610.2,993.52
2021-09-27,163.64,164.1345,31839751.45,990.32
2021-09-28,162.05,162.117,31830400.79,990.03
2021-09-29,161.32,162.4333,31830400.79,990.03
2021-09-30,164.22,162.96,31830400.79,990.03
2021-10-01,164.59,164.2911,31718196.1,986.54
2021-10-04,165.36,164.0518,31718196.1,986.54
2021-10-05,164.59,163.9237,31718196.1,986.54
2021-10-06,165.03,164.5299,31718196.1,986.54
2021-10-07,164.16,164.7526,31718196.1,986.54
2021-10-08,164.23,165.7937,31670224.46,985.05
2021-10-11,163.92,164.3296,31670224.46,985.05
2021-10-12,164.66,165.2722,31670224.46,985.05
2021-10-13,167.59,166.9488,31595430.81,982.72
2021-10-14,168.0,168.1625,31595430.81,982.72
2021-10-15,165.33,165.7249,31511289.89,980.1
2021-10-18,164.92,165.2706,31511289.89,980.1
2021-10-19,165.45,166.3628,31511289.89,980.1
2021-10-20,166.9,166.216,31511289.89,980.1
2021-10-21,166.75,166.3358,31445851.21,978.07
2021-10-22,167.77,169.0409,31445851.21,978.07
2021-10-25,168.93,168.7548,31445851.21,978.07
2021-10-26,167.68,166.911,31501938.45,979.81
2021-10-27,168.12,167.8161,31604764.09,983.01
2021-10-28,168.08,168.5857,31576721.0,982.14
2021-10-29,166.65,165.372,31576721.0,982.14
2021-11-01,167.52,167.6714,31492595.52,979.52
2021-11-02,167.16,167.3563,31492595.52,979.52
2021-11-03,165.77,164.8299,31445860.46,978.07
2021-11-04,167.65,167.8857,31360470.13,975.41
2021-11-05,169.84,168.4166,31360470.13,975.41
2021-11-08,170.45,170.3273,31360470.13,975.41
2021-11-09,171.29,170.7881,31360470.13,975.41
2021-11-10,173.15,173.7867,31360470.13,975.41
2021-11-11,174.12,173.6446,31379162.69,975.99
2021-11-12,174.45,173.8904,31379162.69,975.99
2021-11-15,174.18,173.8239,31379162.69,975.99
2021-11-16,172.92,173.7566,31379162.69,975.99
2021-11-17,174.5,174.2875,31407199.72,976.87
2021-11-18,173.94,173.8556,31407199.72,976.87
2021-11-19,172.61,173.9285,31668872.76,985.0
2021-11-22,168.74,169.7118,31846429.8,990.53
2021-11-23,167.28,167.1955,31865119.74,991.11
2021-11-24,167.12,166.53,31865119.74,991.11
2021-11-26,166.85,168.279,31921187.82,992.85
2021-11-29,166.62,166.8854,31921187.82,992.85
2021-11-30,165.5,168.6081,31921187.82,992.85
2021-12-01,166.16,167.1902,31855778.77,990.82
2021-12-02,165.24,164.9216,31706274.73,986.17
2021-12-03,166.63,165.1582,31648856.47,984.38
2021-12-06,166.22,166.19,31592794.87,982.64
2021-12-07,166.81,166.4404,31592794.87,982.64
2021-12-08,166.9,166.6675,31592794.87,982.64
2021-12-09,165.88,165.9509,31592794.87,982.64
2021-12-10,166.58,166.2855,31592794.87,982.64
2021-12-13,167.0,167.0322,31592794.87,982.64
2021-12-14,165.44,166.0119,31527395.41,980.6
2021-12-15,166.15,165.2391,31433968.7,977.7
2021-12-16,168.16,167.7649,31433968.7,977.7
2021-12-17,167.8,168.8844,31461996.2,978.57
2021-12-20,167.09,167.8136,31461996.2,978.57
2021-12-21,167.02,167.5735,31461996.2,978.57
2021-12-22,168.59,167.4829,31303182.67,973.63
2021-12-23,168.97,168.6397,31303182.67,973.63
2021-12-27,169.37,166.843,31303182.67,973.63
2021-12-28,168.64,166.8411,31368572.11,975.66
2021-12-29,168.59,167.6055,31368572.11,975.66
2021-12-30,169.8,168.6876,31368572.11,975.66
2021-12-31,170.96,170.0173,31368572.11,975.66
2022-01-03,168.33,170.0117,31368572.11,975.66
2022-01-04,169.57,169.1969,31518022.85,980.31
2022-01-05,169.06,170.5827,31507548.84,979.99
2022-01-06,166.99,167.134,31470186.9,978.82
2022-01-07,167.75,167.4357,31414144.6,977.08
2022-01-10,168.26,167.5797,31414144.6,977.08
2022-01-11,170.29,168.7548,31386124.66,976.21
2022-01-12,170.74,170.1167,31386124.66,976.21
2022-01-13,170.16,170.0168,31386124.66,976.21
2022-01-14,169.67,170.2578,31386124.66,976.21
2022-01-18,169.39,169.7179,31386124.66,976.21
2022-01-19,172.08,170.6221,31554229.86,981.44
2022-01-20,171.65,172.339,31535551.67,980.86
2022-01-21,171.09,171.6132,32422755.15,1008.45
2022-01-24,172.03,171.0471,32422755.15,1008.45
2022-01-25,172.58,172.5117,32572172.54,1013.1
2022-01-26,169.79,171.4496,32609526.42,1014.26
2022-01-27,167.6,168.7202,32609526.42,1014.26
2022-01-28,167.1,166.9809,32609526.42,1014.26
2022-01-31,168.09,167.6387,32721581.24,1017.75
2022-02-01,168.23,168.0665,32730919.04,1018.04
2022-02-02,168.84,168.4196,32684230.49,1016.59
2022-02-03,168.6,167.3949,32628204.96,1014.84
2022-02-04,168.86,168.514,32523972.84,1011.6
2022-02-07,170.11,169.3349,32523972.84,1011.6
2022-02-08,170.63,170.1781,32664029.44,1015.96
2022-02-09,171.21,170.6618,32664029.44,1015.96
2022-02-10,170.56,171.3649,32664029.44,1015.96
2022-02-11,173.81,170.9709,32776071.08,1019.44
2022-02-14,174.74,174.2335,32776071.08,1019.44
2022-02-15,173.08,172.5881,32776071.08,1019.44
2022-02-16,174.86,173.8982,32776071.08,1019.44
2022-02-17,177.25,176.777,32776071.08,1019.44
2022-02-18,177.12,176.7891,32925449.26,1024.09
2022-02-22,177.49,177.3883,32925449.26,1024.09
2022-02-23,178.29,177.8159,33093490.72,1029.31
2022-02-24,177.14,180.7647,33093490.72,1029.31
2022-02-25,176.55,175.9537,33018807.47,1026.99
2022-02-28,178.38,178.2871,33084153.41,1029.02
2022-03-01,181.62,179.4196,33513565.67,1042.38
2022-03-02,179.73,180.0246,33765609.48,1050.22
2022-03-03,180.8,180.1254,33765609.48,1050.22
2022-03-04,183.68,181.5894,33896035.62,1054.28
2022-03-07,186.41,184.9114,34166735.56,1062.7
2022-03-08,191.51,190.3331,34316085.95,1067.34
2022-03-09,185.82,185.6494,34185406.07,1063.28
2022-03-10,186.4,186.3662,34129401.0,1061.53
2022-03-11,185.09,184.6932,34213407.61,1064.15
2022-03-14,182.3,182.386,34213407.61,1064.15
2022-03-15,178.89,178.6127,34138738.72,1061.83
2022-03-16,180.01,178.5687,34418743.99,1070.53
2022-03-17,180.89,181.9694,34512078.36,1073.44
2022-03-18,179.3,180.6745,34801411.37,1082.44
2022-03-21,180.67,180.5985,34838743.43,1083.6
2022-03-22,179.36,178.7482,34838743.43,1083.6
2022-03-23,181.81,180.2865,34969402.74,1087.66
2022-03-24,183.13,183.4071,34969402.74,1087.66
2022-03-25,182.38,182.3409,35146722.69,1093.18
2022-03-28,179.06,180.7713,35146722.69,1093.18
2022-03-29,179.14,178.2442,35090729.75,1091.44
2022-03-30,180.58,180.4686,35090729.75,1091.44
2022-03-31,180.65,181.2415,35090729.75,1091.44
2022-04-01,179.5,180.0493,35100061.63,1091.73
2022-04-04,180.37,180.1274,35044072.19,1089.98
2022-04-05,179.24,181.409,34957696.4,1087.3
2022-04-06,179.66,180.1098,34957696.4,1087.3
2022-04-07,180.34,180.3178,35004352.85,1088.75
2022-04-08,181.47,181.1557,35060339.99,1090.49
2022-04-11,182.37,182.097,35060339.99,1090.49
2022-04-12,183.77,182.9628,35144317.12,1093.1
2022-04-13,184.65,184.4446,35508214.38,1104.42
2022-04-14,184.04,183.1828,35349594.38,1099.49
2022-04-18,184.61,183.1747,35377584.92,1100.36
2022-04-19,181.82,183.2427,35582846.61,1106.74
2022-04-20,182.71,181.8923,35582846.61,1106.74
2022-04-21,182.06,181.3444,35498877.94,1104.13
2022-04-22,180.29,181.1417,35498877.94,1104.13
2022-04-25,177.05,176.7918,35405584.12,1101.23
2022-04-26,177.32,177.6857,35349608.36,1099.49
2022-04-27,175.98,175.9294,35228329.24,1095.71
2022-04-28,176.93,176.1794,35228329.24,1095.71
2022-04-29,176.91,178.3051,35191013.25,1094.55
2022-05-02,173.63,178.2993,35116383.72,1092.23
2022-05-03,174.09,174.4152,35013770.05,1089.04
2022-05-04,175.8,173.8488,35013770.05,1089.04
2022-05-05,175.13,176.5204,34883173.1,1084.98
2022-05-06,175.42,175.59,34787291.11,1082.0
2022-05-09,172.88,173.5832,34591404.87,1075.9
2022-05-10,171.42,173.2501,34358209.57,1068.65
2022-05-11,172.82,172.7445,34292915.62,1066.62
2022-05-12,170.17,171.3526,34106363.72,1060.82
2022-05-13,168.79,168.9719,33947796.65,1055.89
2022-05-16,170.4,168.7751,33863852.14,1053.28
2022-05-17,169.33,170.2192,33733273.04,1049.21
2022-05-18,169.42,168.8786,33733273.04,1049.21
2022-05-19,171.91,171.988,33957118.52,1056.18
2022-05-20,172.03,171.0718,34190288.09,1063.43
2022-05-23,172.83,173.1185,34339512.14,1068.07
2022-05-24,174.13,174.1335,34339512.14,1068.07
2022-05-25,173.08,172.2752,34395469.86,1069.81
2022-05-26,172.76,172.3712,34395469.86,1069.81
2022-05-27,172.85,172.7005,34395469.86,1069.81
2022-05-31,171.14,171.4709,34348841.57,1068.36
2022-06-01,172.23,172.0474,34311539.31,1067.2
2022-06-02,174.35,172.0455,34274237.45,1066.04
2022-06-03,172.58,172.0436,34274237.45,1066.04
2022-06-06,171.82,172.2525,34178594.78,1063.06
2022-06-07,172.94,172.4744,34178594.78,1063.06
2022-06-08,172.78,172.7849,34253193.64,1065.39
2022-06-09,172.23,172.0277,34253193.64,1065.39
2022-06-10,174.54,170.6409,34365089.34,1068.87
2022-06-13,169.93,170.7146,34365089.34,1068.87
2022-06-14,168.57,169.5424,34206577.53,1063.94
2022-06-15,170.77,170.0488,34206577.53,1063.94
2022-06-16,172.69,170.3033,34206577.53,1063.94
2022-06-17,171.27,171.705,34579535.05,1075.54
2022-06-21,170.63,171.5762,34523593.88,1073.8
2022-06-22,171.31,171.7236,34458329.89,1071.77
2022-06-23,170.26,171.7263,34178630.11,1063.07
2022-06-24,170.09,170.1904,34113367.69,1061.04
2022-06-27,169.9,170.2641,33964201.34,1056.4
2022-06-28,169.62,169.5861,33898941.85,1054.37
2022-06-29,169.49,169.463,33843005.78,1052.63
2022-06-30,168.46,169.3912,33768425.17,1050.31
2022-07-01,168.32,167.5662,33498074.41,1041.9
2022-07-05,164.75,165.1855,33181127.13,1032.04
2022-07-06,162.14,163.533,32936297.08,1024.43
2022-07-07,162.23,162.9392,32936297.08,1024.43
2022-07-08,162.3,162.0285,32899010.57,1023.27
2022-07-11,161.43,162.191,32899010.57,1023.27
2022-07-12,160.83,161.3222,32843083.29,1021.53
2022-07-13,161.6,160.7518,32787156.64,1019.79
2022-07-14,159.33,158.522,32693946.79,1016.89
2022-07-15,159.01,159.0283,32610058.8,1014.28
2022-07-18,159.16,160.2257,32442288.09,1009.06
2022-07-19,159.54,159.6646,32442288.09,1009.06
2022-07-20,158.04,159.3133,32339763.91,1005.87
2022-07-21,160.27,158.92,32339763.91,1005.87
2022-07-22,160.67,161.8874,32339763.91,1005.87
2022-07-25,160.23,160.1994,32321124.15,1005.29
2022-07-26,160.04,160.3048,32321124.15,1005.29
2022-07-27,161.67,159.7437,32321124.15,1005.29
2022-07-28,163.64,163.4197,32321124.15,1005.29
2022-07-29,164.1,163.4086,32339763.21,1005.87
2022-08-01,165.03,165.1745,32339763.21,1005.87
2022-08-02,164.05,165.8578,32246571.56,1002.97
2022-08-03,164.45,164.1314,32172019.33,1000.65
2022-08-04,167.17,166.1758,32161167.79,1000.32
2022-08-05,165.29,165.2468,32123892.33,999.16
2022-08-08,166.69,166.2478,32123892.33,999.16
2022-08-09,167.2,167.2897,32123892.33,999.16
2022-08-10,166.78,167.2693,32067982.16,997.42
2022-08-11,166.34,167.4212,32067982.16,997.42
2022-08-12,167.87,166.9907,32021391.37,995.97
2022-08-15,165.71,165.5407,31956166.51,993.94
2022-08-16,165.42,165.3758,31900260.1,992.2
2022-08-17,164.35,164.6611,31797766.23,989.01
2022-08-18,163.92,164.5055,31695273.5,985.83
2022-08-19,162.72,163.1244,31797764.93,989.01
2022-08-22,161.64,161.4882,31751179.55,987.56
2022-08-23,162.77,162.7259,31648692.65,984.38
2022-08-24,163.25,162.6402,31648692.65,984.38
2022-08-25,163.75,163.3747,31648692.65,984.38
2022-08-26,161.76,163.1586,31592792.51,982.64
2022-08-29,161.86,163.1532,31527577.81,980.61
2022-08-30,160.51,161.199,31387834.12,976.26
2022-08-31,159.27,159.8553,31294672.95,973.37
2022-09-01,157.87,157.8405,31285356.98,973.08
2022-09-02,159.26,159.5349,31285356.98,973.08
2022-09-06,158.33,158.6053,31220148.64,971.05
2022-09-07,159.94,158.6082,31220148.64,971.05
2022-09-08,158.98,159.2309,31126995.75,968.15
2022-09-09,159.82,159.6066,31078567.12,966.64
2022-09-12,160.63,160.8124,31022677.73,964.91
2022-09-13,158.54,158.803,30957474.26,962.88
2022-09-14,157.93,158.7128,30882956.84,960.56
2022-09-15,154.98,157.3323,30929529.66,962.01
2022-09-16,155.84,155.0528,30892271.9,960.85
2022-09-19,155.96,155.0477,30799130.57,957.95
2022-09-20,155.07,154.9994,30650106.09,953.32
2022-09-21,155.79,155.7057,30612850.34,952.16
2022-09-22,155.7,155.7134,30547653.49,950.13
2022-09-23,153.01,153.0752,30454516.55,947.23
2022-09-26,151.23,153.0515,30333442.51,943.47
2022-09-27,151.54,152.2068,30249623.08,940.86
2022-09-28,154.69,153.868,30324128.68,943.18
2022-09-29,154.66,154.1132,30258936.96,941.15
2022-09-30,154.67,155.6906,30212371.81,939.7
2022-10-03,158.43,155.3734,30314811.71,942.89
2022-10-04,160.7,159.699,30370687.96,944.63
2022-10-05,159.81,158.3604,30425836.01,946.34
2022-10-06,159.63,159.6345,30425836.01,946.34
2022-10-07,157.88,157.9518,30360649.41,944.31
2022-10-10,155.48,156.1213,30360649.41,944.31
2022-10-11,155.16,155.016,30360649.41,944.31
2022-10-12,155.99,155.5684,30397896.79,945.47
2022-10-13,154.91,153.4666,30360649.88,944.31
2022-10-14,152.98,153.5767,30258221.98,941.13
2022-10-17,153.42,155.0105,30193042.62,939.1
2022-10-18,153.75,153.9145,30183731.4,938.81
2022-10-19,151.69,151.9292,29988198.38,932.73
2022-10-20,151.45,152.2628,29932332.4,930.99
2022-10-21,154.15,153.0015,29839223.34,928.1
2022-10-24,153.65,153.5459,29848533.94,928.39
2022-10-25,154.0,154.4848,29848533.94,928.39
2022-10-26,154.98,155.1816,29848533.94,928.39
2022-10-27,154.74,154.528,29746120.44,925.2
2022-10-28,153.16,153.4367,29662328.66,922.59
2022-10-31,151.91,152.5888,29597159.55,920.57
2022-11-01,153.46,153.1692,29550610.63,919.12
2022-11-02,152.39,153.568,29420274.96,915.07
2022-11-03,151.81,151.6292,29308560.43,911.59
2022-11-04,156.47,155.879,29159607.77,906.96
2022-11-07,155.85,156.2976,29112236.13,905.48
2022-11-08,159.45,156.2679,29205327.56,908.38
2022-11-09,158.65,159.6736,29205327.56,908.38
2022-11-10,163.48,162.4183,29307726.25,911.57
2022-11-11,164.56,163.7757,29261181.86,910.12
2022-11-14,164.92,164.6595,29270490.44,910.41
2022-11-15,165.5,164.8857,29084320.86,904.62
2022-11-16,165.12,165.0375,29140171.13,906.35
2022-11-17,163.92,163.6951,29140171.13,906.35
2022-11-18,162.79,163.0416,29084322.2,904.62
2022-11-21,161.88,161.9936,29130861.38,906.06
2022-11-22,162.07,162.2292,29158784.59,906.93
2022-11-23,163.08,161.9667,29158784.59,906.93
2022-11-25,163.22,163.0524,29223936.68,908.96
2022-11-28,161.93,162.5537,29196015.3,908.09
2022-11-29,162.73,163.1244,29196015.3,908.09
2022-11-30,164.81,163.1971,29196015.3,908.09
2022-12-01,167.84,167.8177,29149480.72,906.64
2022-12-02,167.26,166.1028,29112253.58,905.49
2022-12-05,164.39,165.3572,29047073.64,903.46
2022-12-06,164.84,165.0762,29130830.87,906.06
2022-12-07,166.33,165.8562,29195974.69,908.09
2022-12-08,166.47,166.5942,29195974.69,908.09
2022-12-09,167.06,167.1508,29270423.19,910.4
2022-12-12,165.68,166.2565,29270423.19,910.4
2022-12-13,168.51,169.6936,29344868.57,912.72
2022-12-14,168.1,168.2492,29307646.33,911.56
2022-12-15,165.35,165.9672,29382089.84,913.88
2022-12-16,166.79,166.803,29270425.72,910.4
2022-12-19,166.32,166.6346,29326255.94,912.14
2022-12-20,169.08,168.7827,29382085.69,913.88
2022-12-21,168.8,169.1205,29382085.69,913.88
2022-12-22,166.76,167.5504,29382085.69,913.88
2022-12-23,167.26,167.2415,29354171.79,913.01
2022-12-27,168.67,167.2342,29530952.08,918.51
2022-12-28,167.91,167.7861,29530952.08,918.51
2022-12-29,168.85,168.7522,29530952.08,918.51
2022-12-30,169.64,168.62,29503040.25,917.64
2023-01-03,171.06,171.4884,29503040.25,917.64
2023-01-04,172.67,172.7942,29475129.71,916.77
2023-01-05,170.52,170.6238,29475129.71,916.77
2023-01-06,173.71,172.3158,29428613.2,915.33
2023-01-09,174.1,174.7904,29428613.2,915.33
2023-01-10,174.74,174.7698,29391401.41,914.17
2023-01-11,174.62,174.1816,29335584.41,912.43
2023-01-12,176.64,175.129,29326087.24,912.14
2023-01-13,178.76,177.4158,29326087.24,912.14
2023-01-17,177.59,178.0267,29233064.6,909.24
2023-01-18,177.08,178.6667,29288877.61,910.98
2023-01-19,179.89,178.4694,29335387.93,912.43
2023-01-20,179.29,179.0536,29484219.44,917.05
2023-01-23,179.63,178.1127,29484219.44,917.05
2023-01-24,180.28,178.6596,29493520.99,917.34
2023-01-25,181.11,179.5927,29558631.26,919.37
2023-01-26,179.47,179.7443,29558631.26,919.37
2023-01-27,179.22,178.8677,29530727.5,918.5
2023-01-30,178.76,178.9596,29484222.76,917.05
2023-01-31,179.41,178.939,29484222.76,917.05
2023-02-01,181.67,179.1231,29530726.5,918.5
2023-02-02,177.9,178.7257,29586530.33,920.24
2023-02-03,173.46,174.4161,29586530.33,920.24
2023-02-06,173.82,174.215,29512129.17,917.92
2023-02-07,173.98,173.9758,29605129.55,920.82
2023-02-08,174.41,174.1553,29614429.49,921.1
2023-02-09,173.03,174.7535,29604353.98,920.79
2023-02-10,173.36,172.9473,29604353.98,920.79
2023-02-13,172.48,172.6021,29604353.98,920.79
2023-02-14,172.61,173.3117,29604353.98,920.79
2023-02-15,170.89,170.2871,29613653.19,921.08
2023-02-16,170.75,170.076,29613653.19,921.08
2023-02-17,171.26,170.5391,29576457.16,919.92
2023-02-21,170.62,170.8014,29576457.16,919.92
2023-02-22,169.66,170.6972,29548561.66,919.06
2023-02-23,169.57,169.7932,29492771.34,917.32
2023-02-24,168.35,168.3869,29492771.34,917.32
2023-02-27,169.01,169.0975,29502069.31,917.61
2023-02-28,169.78,169.6491,29427686.3,915.3
2023-03-01,170.76,171.1958,29344006.08,912.69
2023-03-02,170.66,170.7242,29344006.08,912.69
2023-03-03,172.49,171.1827,29325410.88,912.12
2023-03-06,171.62,171.9119,29325410.88,912.12
2023-03-07,168.62,169.8173,29148868.96,906.62
2023-03-08,168.54,168.8624,29148868.96,906.62
2023-03-09,170.2,170.2645,29037305.43,903.15
2023-03-10,173.87,173.0381,28981524.18,901.42
2023-03-13,177.86,177.6859,29362684.78,913.27
2023-03-14,176.83,177.3353,29362684.78,913.27
2023-03-15,178.21,178.8071,29409166.81,914.72
2023-03-16,178.57,178.7447,29409166.81,914.72
2023-03-17,183.77,182.4014,29613683.93,921.08
2023-03-20,183.84,183.0695,29725235.14,924.55
2023-03-21,180.37,181.5008,29678756.07,923.11
2023-03-22,183.44,181.2059,29678756.07,923.11
2023-03-23,185.74,183.8631,29753121.18,925.42
2023-03-24,183.65,185.3348,29706643.4,923.97
2023-03-27,181.95,180.9076,29706643.4,923.97
2023-03-28,183.44,182.449,29827479.82,927.73
2023-03-29,182.53,182.6469,29883249.88,929.47
2023-03-30,184.18,182.7193,29883249.88,929.47
2023-03-31,183.22,184.0097,29836775.74,928.02
2023-04-03,184.54,184.3384,29901837.44,930.04
2023-04-04,187.98,186.7817,29901837.44,930.04
2023-04-05,187.83,188.7554,29929720.65,930.91
2023-04-06,186.49,186.0616,29929720.65,930.91
2023-04-10,185.11,186.0535,30004071.4,933.22
2023-04-11,186.28,186.1258,29994510.11,932.93
2023-04-12,187.19,186.635,30031684.69,934.08
2023-04-13,189.72,190.3741,29920161.89,930.61
2023-04-14,186.36,187.6719,29827227.42,927.72
2023-04-17,185.53,185.4489,29762175.57,925.7
2023-04-18,186.25,185.8047,29715710.45,924.25
2023-04-19,185.36,184.9801,29790053.76,926.57
2023-04-20,186.09,186.521,29790053.76,926.57
2023-04-21,184.25,183.4052,29697126.85,923.68
2023-04-24,184.81,183.8221,29817927.93,927.43
2023-04-25,185.75,184.6752,29901558.64,930.04
2023-04-26,184.74,186.1231,29901558.64,930.04
2023-04-27,184.75,184.5085,29780761.42,926.28
2023-04-28,184.8,184.2183,29780761.42,926.28
2023-05-01,183.97,184.2122,29734303.01,924.83
2023-05-02,187.52,185.4046,29845802.22,928.3
2023-05-03,189.11,187.1593,29845802.22,928.3
2023-05-04,190.44,189.9828,29901551.08,930.03
2023-05-05,187.46,185.9143,29957298.89,931.77
2023-05-08,187.69,185.9082,30143118.81,937.55
2023-05-09,189.02,188.6249,30059500.26,934.95
2023-05-10,188.75,189.2688,30189572.32,938.99
2023-05-11,187.13,187.2962,30152409.44,937.84
2023-05-12,186.81,187.6613,30142706.9,937.54
2023-05-15,187.21,187.6551,30031223.08,934.07
2023-05-16,184.87,186.4963,30059093.7,934.94
2023-05-17,184.23,183.4233,30124124.25,936.96
2023-05-18,181.84,182.1112,30124124.25,936.96
2023-05-19,183.64,182.23,30309921.51,942.74
2023-05-22,183.21,183.0323,30347079.78,943.89
2023-05-23,183.43,182.9281,30263474.6,941.29
2023-05-24,181.95,182.9679,30263474.6,941.29
2023-05-25,180.2,180.9775,30263474.6,941.29
2023-05-26,180.92,180.943,30263474.6,941.29
2023-05-30,182.04,181.3578,30207742.21,939.56
2023-05-31,182.32,182.4662,30207742.21,939.56
2023-06-01,183.76,183.3887,30161299.39,938.11
2023-06-02,181.05,182.3554,30161299.39,938.11
2023-06-05,182.14,182.0149,30207740.05,939.56
2023-06-06,182.34,181.7899,30161299.93,938.11
2023-06-07,180.15,182.7263,30049844.62,934.65
2023-06-08,182.53,182.6361,30049844.62,934.65
2023-06-09,182.04,182.0673,29956967.38,931.76
2023-06-12,181.88,181.3737,29946561.36,931.43
2023-06-13,180.54,181.511,29946561.36,931.43
2023-06-14,180.64,181.6391,29890838.15,929.7
2023-06-15,181.91,181.3166,29890838.15,929.7
2023-06-16,181.63,182.002,30030143.16,934.03
2023-06-20,179.75,179.2725,30030143.16,934.03
2023-06-21,179.49,178.8247,29974424.42,932.3
2023-06-22,177.71,178.3026,29890847.28,929.7
2023-06-23,178.2,179.2898,29807270.94,927.1
2023-06-26,178.51,178.5594,29760841.21,925.66
2023-06-27,177.69,178.1859,29760841.21,925.66
2023-06-28,177.28,177.2087,29797984.09,926.81
2023-06-29,177.09,176.3893,29723699.25,924.5
2023-06-30,178.27,177.5624,29640129.54,921.9
2023-07-03,178.47,179.0892,29640129.54,921.9
2023-07-05,177.84,178.7044,29510139.05,917.86
2023-07-06,177.31,177.2302,29510139.05,917.86
2023-07-07,178.64,178.4823,29426575.6,915.26
2023-07-10,178.78,178.5228,29426575.6,915.26
2023-07-11,179.45,179.5565,29416662.31,914.95
2023-07-12,181.88,181.3513,29407377.95,914.66
2023-07-13,182.01,181.7904,29407377.95,914.66
2023-07-14,181.43,181.3845,29407377.95,914.66
2023-07-17,181.56,180.9978,29351674.89,912.93
2023-07-18,183.64,183.3543,29323823.6,912.07
2023-07-19,183.67,183.3848,29379525.57,913.8
2023-07-20,182.74,183.4525,29379525.57,913.8
2023-07-21,182.18,182.0112,29546627.57,919.0
2023-07-24,181.4,181.9495,29546627.57,919.0
2023-07-25,182.41,181.8268,29546627.57,919.0
2023-07-26,183.3,182.5305,29490929.91,917.26
2023-07-27,180.42,180.5832,29444515.84,915.82
2023-07-28,181.86,181.4076,29351688.61,912.93
2023-07-31,182.35,182.9245,29351688.61,912.93
2023-08-01,180.46,180.745,29231018.66,909.18
2023-08-02,179.6,180.4645,29231018.66,909.18
2023-08-03,179.54,179.6686,29128915.77,906.0
2023-08-04,180.19,180.298,29128915.77,906.0
2023-08-07,179.78,179.2939,29054662.45,903.69
2023-08-08,178.64,178.7998,29054662.45,903.69
2023-08-09,177.79,178.4589,29044532.03,903.38
2023-08-10,177.6,178.2853,29044532.03,903.38
2023-08-11,177.6,177.8099,28923875.96,899.63
2023-08-14,177.06,176.6856,28803223.97,895.87
2023-08-15,176.59,176.6929,28756819.87,894.43
2023-08-16,175.57,176.7235,28756819.87,894.43
2023-08-17,175.3,175.9929,28534085.2,887.5
2023-08-18,175.33,175.745,28617609.77,890.1
2023-08-21,175.81,175.3818,28589769.18,889.23
2023-08-22,176.1,175.6491,28450567.69,884.9
2023-08-23,177.89,177.8656,28450567.69,884.9
2023-08-24,177.85,177.9008,28422727.92,884.04
2023-08-25,177.62,177.755,28422727.92,884.04
2023-08-28,178.13,177.7491,28506243.56,886.64
2023-08-29,179.87,179.0931,28589758.48,889.23
2023-08-30,180.32,180.7202,28617596.57,890.1
2023-08-31,180.02,180.2309,28617596.57,890.1
2023-09-01,180.11,180.0665,28645434.0,890.97
2023-09-05,178.64,178.7173,28608319.15,889.81
2023-09-06,177.83,178.3394,28506254.51,886.64
2023-09-07,178.02,177.994,28506254.51,886.64
2023-09-08,178.08,178.8692,28506254.51,886.64
2023-09-11,178.41,178.5988,28450111.04,884.89
2023-09-12,177.49,177.0751,28450111.04,884.89
2023-09-13,177.08,177.5603,28357332.12,882.0
2023-09-14,177.17,176.4402,28283109.87,879.7
2023-09-15,178.34,178.8462,28301665.27,880.27
2023-09-18,179.39,178.4506,28301665.27,880.27
2023-09-19,179.22,179.5065,28255278.77,878.83
2023-09-20,179.35,180.2886,28236724.36,878.25
2023-09-21,178.05,177.656,28255278.51,878.83
2023-09-22,178.62,178.8,28208893.57,877.39
2023-09-25,177.7,178.5622,28181063.54,876.52
2023-09-26,176.28,176.9085,28060468.35,872.77
2023-09-27,174.1,175.0739,28088297.62,873.64
2023-09-28,173.23,173.7961,28088297.62,873.64
2023-09-29,171.45,173.5112,28088297.62,873.64
2023-10-02,169.65,170.0305,28134676.73,875.08
2023-10-03,169.16,169.045,28079022.52,873.35
2023-10-04,169.14,168.7184,27949164.2,869.31
2023-10-05,168.83,168.763,27893511.24,867.58
2023-10-06,169.7,168.775,27837858.89,865.85
2023-10-09,172.82,171.1728,27708006.85,861.81
2023-10-10,172.53,172.2381,27698372.08,861.51
2023-10-11,173.79,173.558,27726197.01,862.37
2023-10-12,173.26,173.8112,27726197.01,862.37
2023-10-13,178.83,177.0744,27726197.01,862.37
2023-10-16,177.96,177.8896,27503609.01,855.45
2023-10-17,178.29,178.8291,27438688.16,853.43
2023-10-18,180.87,181.3781,27271750.22,848.24
2023-10-19,183.09,181.1766,27271750.22,848.24
2023-10-20,183.59,184.4166,27754006.44,863.24
2023-10-23,182.97,182.9728,27651994.22,860.07
2023-10-24,182.95,182.1035,27651994.22,860.07
2023-10-25,183.72,183.9243,27707636.11,861.8
2023-10-26,184.01,183.1523,27707636.11,861.8
2023-10-27,186.15,183.8831,27707636.11,861.8
2023-10-30,185.1,185.2407,27633450.81,859.49
2023-10-31,184.09,185.1737,27633450.81,859.49
2023-11-01,183.51,184.1931,27698361.41,861.51
2023-11-02,184.12,183.936,27698361.41,861.51
2023-11-03,184.79,184.9404,27753997.92,863.24
2023-11-06,183.35,184.0207,27893084.38,867.57
2023-11-07,182.59,181.8017,27883910.74,867.28
2023-11-08,180.77,181.6745,27883910.74,867.28
2023-11-09,181.49,181.4964,27883910.74,867.28
2023-11-10,179.51,180.0293,27911726.66,868.14
2023-11-13,180.51,179.0497,27985899.95,870.45
2023-11-14,182.12,182.5622,27985899.95,870.45
2023-11-15,181.64,181.5541,27985899.95,870.45
2023-11-16,183.69,183.5828,27985899.95,870.45
2023-11-17,183.67,183.6689,28403108.09,883.43
2023-11-20,183.37,182.5177,28403108.09,883.43
2023-11-21,185.35,186.0301,28403108.09,883.43
2023-11-22,184.56,185.1889,28366024.89,882.28
2023-11-24,185.52,185.4909,28366024.89,882.28
2023-11-27,186.77,186.6764,28366024.89,882.28
2023-11-28,189.26,187.7824,28310403.51,880.55
2023-11-29,189.54,189.7555,28245512.4,878.53
2023-11-30,188.75,188.687,28180622.12,876.51
2023-12-01,192.01,189.6076,28254781.74,878.82
2023-12-04,187.86,189.9399,28328938.98,881.12
2023-12-05,187.15,187.5547,28319669.47,880.83
2023-12-06,187.84,187.8354,28319669.47,880.83
2023-12-07,188.15,187.8797,28310661.77,880.55
2023-12-08,185.64,186.1349,28310661.77,880.55
2023-12-11,183.59,184.1404,28245779.52,878.54
2023-12-12,183.49,183.6008,28153091.64,875.65
2023-12-13,187.63,183.7517,28227241.14,877.96
2023-12-14,188.73,189.6454,28217972.51,877.67
2023-12-15,187.0,188.3641,28282852.13,879.69
2023-12-18,187.85,187.5839,28282852.13,879.69
2023-12-19,189.13,189.1948,28217975.29,877.67
2023-12-20,188.1,188.655,28236511.32,878.25
2023-12-21,189.43,189.2231,28236511.32,878.25
2023-12-22,190.27,190.5095,28236511.32,878.25
2023-12-26,191.72,190.5095,28236511.32,878.25
2023-12-27,192.59,191.7784,28347720.01,881.71
2023-12-28,191.47,192.6106,28310651.0,880.55
2023-12-29,191.17,191.1253,28264315.35,879.11
2024-01-02,190.72,191.5943,28245781.89,878.54
2024-01-03,189.13,189.233,28106783.04,874.21
2024-01-04,189.32,188.9946,28106783.04,874.21
2024-01-05,189.35,190.5499,27958520.45,869.6
2024-01-08,187.87,187.6468,27958520.45,869.6
2024-01-09,187.93,188.5532,27958520.45,869.6
2024-01-10,187.5,187.8002,27810266.85,864.99
2024-01-11,187.87,188.016,27773203.83,863.84
2024-01-12,189.71,190.4705,27773203.83,863.84
2024-01-16,187.91,188.84,27791432.7,864.4
2024-01-17,185.84,186.3915,27717311.58,862.1
2024-01-18,187.37,186.5238,27717311.58,862.1
2024-01-19,187.93,187.9442,27680251.77,860.95
2024-01-22,187.22,187.294,27615399.27,858.93
2024-01-23,187.95,187.4171,27615399.27,858.93
2024-01-24,186.4,187.5725,27615399.27,858.93
2024-01-25,187.14,187.4871,27615399.27,858.93
2024-01-26,187.01,186.9939,27522756.95,856.05
2024-01-29,188.33,187.3631,27485701.22,854.89
2024-01-30,188.59,189.2654,27420854.17,852.88
2024-01-31,188.45,190.2085,27365271.51,851.15
2024-02-01,190.41,189.5207,27383798.84,851.72
2024-02-02,188.61,188.4344,27383798.84,851.72
2024-02-05,187.57,186.9316,27383798.84,851.72
2024-02-06,188.55,188.1157,27254114.97,847.69
2024-02-07,188.5,189.1145,27078116.96,842.22
2024-02-08,188.33,187.9124,27124431.59,843.66
2024-02-09,187.6,187.4331,27068643.23,841.92
2024-02-12,187.11,186.658,27068643.23,841.92
2024-02-13,184.53,184.8867,27022331.26,840.48
2024-02-14,184.42,183.8656,26976019.84,839.04
2024-02-15,185.66,185.6191,26920446.65,837.31
2024-02-16,186.34,185.0473,26938970.83,837.89
2024-02-20,187.47,187.9295,26883400.54,836.16
2024-02-21,187.48,187.7097,26679645.05,829.82
2024-02-22,187.56,187.4529,26614814.49,827.81
2024-02-23,188.62,187.7705,26614814.49,827.81
2024-02-26,188.2,187.7412,26614814.49,827.81
2024-02-27,188.0,188.4663,26587031.44,826.94
2024-02-28,188.34,188.2234,26540726.88,825.5
2024-02-29,189.31,189.6665,26457379.39,822.91
2024-03-01,192.89,189.8265,26485161.59,823.77
2024-03-04,196.01,194.29,26411077.55,821.47
2024-03-05,197.19,197.6552,26411077.55,821.47
2024-03-06,198.81,198.4359,26281432.34,817.44
2024-03-07,199.94,199.4157,26253651.48,816.57
2024-03-08,201.63,201.0578,26207350.41,815.13
2024-03-11,202.0,201.9081,26207350.41,815.13
2024-03-12,199.79,200.1273,26207350.41,815.13
2024-03-13,201.19,200.7874,26262908.63,816.86
2024-03-14,200.35,200.0812,26262908.63,816.86
2024-03-15,199.71,200.3245,26744402.22,831.84
2024-03-18,200.03,199.8269,26791945.53,833.32
2024-03-19,199.8,199.5238,26921572.57,837.35
2024-03-20,202.18,199.7578,26958608.47,838.5
2024-03-21,201.97,200.9641,26958608.47,838.5
2024-03-22,200.35,201.0638,26856761.83,835.33
2024-03-25,200.99,201.5295,26856761.83,835.33
2024-03-26,201.64,201.8144,26690110.81,830.15
2024-03-27,203.1,203.0068,26690110.81,830.15
2024-03-28,205.72,205.0029,26690110.81,830.15
2024-04-01,207.82,205.0006,26588274.75,826.98
2024-04-02,210.89,209.6427,26653079.3,829.0
2024-04-03,212.74,211.0898,26708625.58,830.72
2024-04-04,211.52,212.3238,26764171.36,832.45
2024-04-05,215.14,212.7891,26569763.09,826.41
2024-04-08,216.48,214.7918,26616049.43,827.85
2024-04-09,217.67,218.1094,26643821.09,828.71
2024-04-10,215.61,215.9678,26635496.5,828.45
2024-04-11,219.8,217.1366,26709552.41,830.75
2024-04-12,216.89,222.3048,26579955.63,826.72
2024-04-15,220.95,216.9927,26635495.08,828.45
2024-04-16,221.22,219.3002,26691034.03,830.18
2024-04-17,219.59,221.2604,26607726.39,827.59
2024-04-18,220.34,220.5498,26607726.39,827.59
2024-04-19,221.03,220.2696,26746569.3,831.9
2024-04-22,215.57,216.1195,26746569.3,831.9
2024-04-23,215.04,215.5153,26802103.76,833.63
2024-04-24,214.64,214.7538,26802103.76,833.63
2024-04-25,215.92,214.608,26839125.89,834.78
2024-04-26,216.62,216.8646,26755826.78,832.19
2024-04-29,216.18,215.9733,26755826.78,832.19
2024-04-30,211.87,213.513,26755826.78,832.19
2024-05-01,213.79,213.0802,26718807.19,831.04
2024-05-02,213.13,211.828,26672533.29,829.6
2024-05-03,212.96,212.3441,26700297.35,830.47
2024-05-06,215.2,212.3372,26755823.64,832.19
2024-05-07,214.21,214.6632,26700297.71,830.47
2024-05-08,213.58,213.6842,26700297.71,830.47
2024-05-09,216.95,215.2233,26700297.71,830.47
2024-05-10,218.71,219.549,26747207.8,831.92
2024-05-13,216.26,216.8903,26747207.8,831.92
2024-05-14,218.09,217.9106,26747207.8,831.92
2024-05-15,220.89,218.1535,26793475.77,833.36
2024-05-16,220.03,219.9928,26793475.77,833.36
2024-05-17,223.66,222.3227,26960037.35,838.54
2024-05-20,224.56,223.9535,26960037.35,838.54
2024-05-21,224.23,224.5989,26960037.35,838.54
2024-05-22,220.11,222.801,26960037.35,838.54
2024-05-23,215.72,218.1202,26793487.49,833.36
2024-05-24,215.92,216.7619,26756476.87,832.21
2024-05-28,218.19,217.4882,26756476.87,832.21
2024-05-29,216.16,216.8102,26756476.87,832.21
2024-05-30,216.57,217.2891,26756476.87,832.21
2024-05-31,215.3,217.259,26756476.87,832.21
2024-06-03,217.22,216.2755,26756476.87,832.21
2024-06-04,215.27,215.1903,26756476.87,832.21
2024-06-05,217.82,216.4882,26802734.06,833.65
2024-06-06,219.43,218.3878,26913750.47,837.1
2024-06-07,211.6,213.7764,26867494.54,835.67
2024-06-10,213.54,213.1771,26867494.54,835.67
2024-06-11,214.15,214.2946,26710231.06,830.77
2024-06-12,214.72,215.1946,26710231.06,830.77
2024-06-13,212.97,213.7624,26663978.16,829.34
2024-06-14,215.73,215.5787,26534572.5,825.31
2024-06-17,214.61,214.5955,26534572.5,825.31
2024-06-18,215.47,215.0049,26534572.5,825.31
2024-06-20,218.16,217.5213,26802820.41,833.65
2024-06-21,214.78,215.9878,26747321.53,831.93
2024-06-24,215.63,215.3978,26654826.49,829.05
2024-06-25,214.56,215.0531,26654826.49,829.05
2024-06-26,212.58,212.7008,26654826.49,829.05
2024-06-27,214.99,214.9143,26654826.49,829.05
2024-06-28,215.01,215.5826,26654826.49,829.05
2024-07-01,215.57,215.4137,26608582.5,827.61
2024-07-02,215.56,215.6566,26793556.5,833.37
2024-07-03,217.99,218.3927,26839799.7,834.8
2024-07-05,220.93,220.0255,26839799.7,834.8
2024-07-08,218.19,219.7963,26839799.7,834.8
2024-07-09,218.56,218.9844,26793559.49,833.37
2024-07-10,219.36,220.5039,26793559.49,833.37
2024-07-11,223.25,222.8006,26849046.93,835.09
2024-07-12,223.11,222.5807,26849046.93,835.09
2024-07-15,223.83,223.9057,26895284.55,836.53
2024-07-16,228.29,225.934,27071893.37,842.02
2024-07-17,227.23,229.3582,27071893.37,842.02
2024-07-18,225.78,227.8343,27007162.47,840.01
2024-07-19,221.73,222.2547,27007162.47,840.01
2024-07-22,221.8,221.2485,27007162.47,840.01
2024-07-23,222.58,222.208,27062642.81,841.74
2024-07-24,221.8,223.9027,27062642.81,841.74
2024-07-25,218.33,218.6053,27173600.57,845.19
2024-07-26,220.63,220.6284,27108875.75,843.17
2024-07-29,220.32,221.0836,27108875.75,843.17
2024-07-30,222.52,221.0026,27108875.75,843.17
2024-07-31,226.55,224.3344,27201335.22,846.05
2024-08-01,225.77,226.9448,27182843.45,845.47
2024-08-02,225.34,228.3574,27182843.45,845.47
2024-08-05,222.48,221.3207,27164352.68,844.9
2024-08-06,220.7,221.568,27266050.88,848.06
2024-08-07,220.55,221.9263,27136618.14,844.04
2024-08-08,224.01,222.9413,27229069.26,846.91
2024-08-09,224.56,224.4094,27229069.26,846.91
2024-08-12,228.41,226.5755,27321517.0,849.79
2024-08-13,228.06,228.4876,27192091.08,845.76
2024-08-14,226.2,227.1116,27192091.08,845.76
2024-08-15,226.91,226.1796,27257116.61,847.78
2024-08-16,231.99,229.7969,27488226.23,854.97
2024-08-19,231.61,230.5984,27617643.46,859.0
2024-08-20,232.46,233.8504,27562179.39,857.27
2024-08-21,232.15,230.9077,27543691.61,856.7
2024-08-22,229.37,229.5229,27580666.7,857.85
2024-08-23,232.02,232.1277,27525204.52,856.12
2024-08-26,232.76,232.1201,27525204.52,856.12
2024-08-27,233.39,231.8725,27525204.52,856.12
2024-08-28,231.75,231.5649,27525204.52,856.12
2024-08-29,232.95,232.7505,27562176.92,857.27
2024-08-30,231.29,232.3087,27737793.77,862.74
2024-09-03,230.29,229.1966,27737793.77,862.74
2024-09-04,230.43,229.9477,27737793.77,862.74
2024-09-05,232.35,231.9422,27737793.77,862.74
2024-09-06,230.63,231.6253,27737793.77,862.74
2024-09-09,231.6,231.0214,27737793.77,862.74
2024-09-10,232.62,231.6291,27793245.01,864.46
2024-09-11,232.25,231.7606,27848695.67,866.18
2024-09-12,236.33,235.29,27996563.46,870.78
2024-09-13,238.68,237.9826,27987661.72,870.51
2024-09-16,238.66,238.7974,28043110.03,872.23
2024-09-17,237.34,237.9213,28043110.03,872.23
2024-09-18,235.51,237.5074,28043110.03,872.23
2024-09-19,239.17,237.9901,28098556.49,873.96
2024-09-20,242.21,240.8065,28144761.48,875.39
2024-09-23,242.68,243.0262,28144761.48,875.39
2024-09-24,246.07,243.5781,28200205.2,877.12
2024-09-25,245.73,245.9323,28200205.2,877.12
2024-09-26,246.98,246.1422,28200205.2,877.12
2024-09-27,245.02,245.9639,28033879.11,871.94
2024-09-30,243.06,243.0074,28033879.11,871.94
2024-10-01,245.61,246.4801,28126278.52,874.82
2024-10-02,245.66,245.8673,28126278.52,874.82
2024-10-03,245.49,244.6353,28209435.97,877.4
2024-10-04,245.0,244.8545,28172477.5,876.26
2024-10-07,244.17,244.0053,28172477.5,876.26
2024-10-08,242.37,243.9056,28172477.5,876.26
2024-10-09,241.05,241.204,28172477.5,876.26
2024-10-10,242.82,242.8882,28172477.5,876.26
2024-10-11,245.47,244.7202,28227910.96,877.98
2024-10-14,245.07,245.276,28311058.5,880.57
2024-10-15,245.92,244.7326,28440397.57,884.59
2024-10-16,247.15,247.1516,28440397.57,884.59
2024-10-17,248.63,248.4059,28440397.57,884.59
2024-10-18,251.27,250.5891,28570288.79,888.63
2024-10-21,251.22,252.7938,28671907.01,891.79
2024-10-22,253.93,252.7956,28782762.04,895.24
2024-10-23,250.87,252.7883,28736572.95,893.8
2024-10-24,252.8,252.3743,28736572.95,893.8
2024-10-25,253.32,252.3207,28607246.4,889.78
2024-10-28,253.33,253.2688,28662670.3,891.5
2024-10-29,256.09,255.7931,28607246.84,889.78
2024-10-30,257.5,256.5896,28699618.35,892.65
2024-10-31,253.51,252.5535,28671907.35,891.79
2024-11-01,252.47,253.4886,28570301.3,888.63
2024-11-04,252.83,253.3232,28570301.3,888.63
2024-11-05,253.4,253.3158,28514882.27,886.91
2024-11-06,245.7,245.7039,28404046.74,883.46
2024-11-07,249.65,248.6395,28311684.36,880.58
2024-11-08,247.96,248.5583,28191614.6,876.85
2024-11-11,242.14,242.4147,28034607.26,871.97
2024-11-12,240.05,240.7581,27988429.29,870.53
2024-11-13,237.63,240.007,27923780.94,868.52
2024-11-14,237.01,237.0984,27886839.66,867.37
2024-11-15,236.59,237.5116,27969105.84,869.93
2024-11-18,241.09,240.7412,28024515.53,871.65
2024-11-19,243.25,242.2488,28042985.24,872.23
2024-11-20,244.62,243.8487,28144567.71,875.39
2024-11-21,246.66,246.1321,28227679.91,877.97
2024-11-22,249.84,248.8681,28227679.91,877.97
2024-11-25,242.48,243.3595,28273851.17,879.41
2024-11-26,242.95,242.1283,28273851.17,879.41
2024-11-27,243.49,243.8576,28246149.0,878.55
2024-11-29,245.59,244.7944,28246149.0,878.55
2024-12-02,243.44,243.9642,28163047.05,875.96
2024-12-03,243.93,243.823,28089179.47,873.66
2024-12-04,244.67,244.5593,28089179.47,873.66
2024-12-05,242.86,243.7715,28033780.01,871.94
2024-12-06,242.95,243.5056,28033780.01,871.94
2024-12-09,245.36,246.6935,27996852.59,870.79
2024-12-10,248.59,248.3251,27996852.59,870.79
2024-12-11,250.96,249.7859,28079946.85,873.38
2024-12-12,247.28,247.8349,27922992.9,868.5
2024-12-13,244.29,245.4961,27775273.33,863.9
2024-12-16,244.88,245.0402,27784505.5,864.19
2024-12-17,243.94,243.3893,27784505.5,864.19
2024-12-18,239.26,243.322,27775273.55,863.9
2024-12-19,239.6,239.3303,27673723.53,860.74
2024-12-20,242.1,241.5438,28209164.27,877.4
2024-12-23,240.96,241.2912,28098387.09,873.95
2024-12-24,241.44,241.2839,28098387.09,873.95
2024-12-26,243.07,241.2786,28061462.58,872.8
2024-12-27,241.4,241.4791,28052231.55,872.52
2024-12-30,240.63,240.8387,28052231.55,872.52
2024-12-31,242.13,240.9976,28052231.55,872.52
2025-01-02,245.42,244.2657,28052231.55,872.52
2025-01-03,243.49,244.3092,28006079.75,871.08
2025-01-06,243.19,243.0592,28006079.75,871.08
2025-01-07,244.56,244.6724,28006079.75,871.08
2025-01-08,245.86,245.4823,28006079.75,871.08
2025-01-10,248.21,248.0439,28190673.99,876.82
2025-01-13,245.74,246.3783,28116838.95,874.52
2025-01-14,247.03,246.1447,28052234.03,872.52
2025-01-15,248.88,247.1301,28052234.03,872.52
2025-01-16,250.6,250.71,27932255.0,868.78
2025-01-17,249.27,250.5872,28264500.87,879.12
2025-01-21,253.13,252.6631,28024617.93,871.66
2025-01-22,254.43,253.9526,27950789.14,869.36
2025-01-23,254.07,253.2529,27784676.28,864.19
2025-01-24,255.65,256.2547,27655478.44,860.17
2025-01-27,252.99,253.0709,27553969.54,857.02
2025-01-28,255.18,253.9451,27683161.4,861.04
2025-01-29,254.2,254.3484,27821579.8,865.34
2025-01-30,258.05,257.2025,27784668.5,864.19
2025-01-31,258.56,259.4889,27803124.0,864.77
2025-02-03,259.94,260.7773,27830806.38,865.63
2025-02-04,262.5,262.3852,27747759.95,863.05
2025-02-05,264.13,264.93,27784669.21,864.19
2025-02-06,263.43,261.9548,27784669.21,864.19
2025-02-07,263.9,265.2473,27923075.95,868.5
2025-02-10,268.37,267.9893,28006117.62,871.08
2025-02-11,267.39,267.151,28033797.84,871.94
2025-02-12,267.67,266.7881,27858827.04,866.5
2025-02-13,270.31,268.9814,27785014.71,864.2
2025-02-14,266.29,269.5275,27748108.94,863.06
2025-02-18,270.7,270.0555,27969533.97,869.94
2025-02-19,270.85,270.9522,28227860.49,877.98
2025-02-20,270.99,270.5063,28412377.37,883.72
2025-02-21,270.74,270.6972,29076630.94,904.38
2025-02-24,272.21,270.4806,29178110.77,907.53
2025-02-25,268.62,270.6023,29187336.11,907.82
2025-02-26,269.03,267.6234,29159660.47,906.96
2025-02-27,264.93,265.7565,29131985.2,906.1
2025-02-28,263.27,261.4858,29076635.51,904.38
2025-03-03,266.74,265.7357,28965939.19,900.93
2025-03-04,269.06,268.0582,28993613.05,901.8
2025-03-05,269.62,268.7335,28947490.42,900.36
2025-03-06,268.25,269.5564,28892143.82,898.64
2025-03-07,268.39,270.3793,28753778.67,894.34
2025-03-10,266.04,268.4372,28670762.56,891.75
2025-03-11,269.16,269.0526,28781449.61,895.2
2025-03-12,270.33,269.7786,28892135.57,898.64
2025-03-13,275.13,274.3203,29122730.42,905.81
2025-03-14,275.24,274.6864,29142001.79,906.41
2025-03-17,276.73,276.3793,29169672.01,907.27
2025-03-18,279.96,279.0792,29169672.01,907.27
2025-03-19,281.11,279.2376,29234234.55,909.28
2025-03-20,280.75,280.2124,29271127.05,910.43
2025-03-21,278.49,277.9538,29916737.68,930.51
2025-03-24,277.25,277.3958,29870624.17,929.07
2025-03-25,278.47,279.0025,29879846.79,929.36
2025-03-26,278.24,277.8971,29879846.79,929.36
2025-03-27,281.97,281.8884,29889069.22,929.65
2025-03-28,284.06,283.2737,29962848.01,931.94
2025-03-31,288.14,287.2772,30008958.44,933.38
2025-04-01,287.57,288.9899,29944404.43,931.37
2025-04-02,288.16,287.6998,29962848.21,931.94
2025-04-03,286.42,287.5445,30101174.98,936.24
2025-04-04,279.72,281.6743,29990515.58,932.8
2025-04-07,273.71,277.9981,29796868.99,926.78
2025-04-08,275.2,278.055,29769205.49,925.92
2025-04-09,285.38,283.5962,30128415.34,937.09
2025-04-10,292.35,289.8317,30534141.93,949.71
2025-04-11,297.93,297.8839,30644793.74,953.15
2025-04-14,296.23,295.4487,30644793.74,953.15
2025-04-15,297.78,296.8657,30644793.74,953.15
2025-04-16,307.47,306.3887,30773881.02,957.17
2025-04-17,306.12,304.7945,30617134.03,952.29
2025-04-21,315.59,304.7812,30838414.2,959.17
2025-04-22,311.11,316.5727,30469614.96,947.7
2025-04-23,303.65,300.8366,30515713.82,949.14
2025-04-24,308.07,305.6102,30497274.41,948.56
2025-04-25,304.73,302.1533,30423517.77,946.27
2025-04-28,309.07,303.8955,30423517.77,946.27
2025-04-29,306.06,304.6991,30451175.37,947.13
2025-04-30,303.77,304.4191,30358984.43,944.26
2025-05-01,297.46,296.365,30395860.08,945.41
2025-05-02,297.98,299.5848,30358984.7,944.26
2025-05-05,306.88,299.575,30202269.49,939.39
2025-05-06,315.48,312.6438,30156176.54,937.95
2025-05-07,310.75,312.7142,30146958.05,937.67
2025-05-08,304.63,309.0266,30211486.47,939.67
2025-05-09,306.84,306.4641,30155734.01,937.94
2025-05-12,298.19,298.2353,30192605.53,939.09
2025-05-13,299.46,297.5452,30109645.55,936.51
2025-05-14,293.16,294.2231,29962163.01,931.92
2025-05-15,297.84,294.1369,29823899.65,927.62
2025-05-16,294.24,293.3869,29538158.64,918.73
2025-05-19,298.03,297.7286,29611896.06,921.03
2025-05-20,303.58,300.6202,29630330.25,921.6
2025-05-21,305.82,304.1293,29575028.14,919.88
2025-05-22,303.11,302.6832,29704064.84,923.89
2025-05-23,309.75,308.0869,29657980.61,922.46
2025-05-27,304.5,303.8372,29657980.61,922.46
2025-05-28,303.81,304.2165,29759359.99,925.61
2025-05-29,305.61,305.2779,29906819.45,930.2
2025-05-30,303.6,302.0618,29906819.45,930.2
2025-06-02,311.67,310.6532,29998978.15,933.07
2025-06-03,308.91,307.3217,30081919.75,935.64
2025-06-04,310.9,310.0702,30081919.75,935.64
2025-06-05,309.33,310.9887,30081919.75,935.64
2025-06-06,305.18,307.7863,30035842.58,934.21
2025-06-09,306.62,305.8771,30100348.33,936.22
2025-06-10,306.71,307.57,30090360.73,935.91
2025-06-11,308.37,306.8294,30035071.18,934.19
2025-06-12,312.2,312.5122,30154864.16,937.91
2025-06-13,316.29,316.5592,30237796.99,940.49
2025-06-16,311.78,313.0698,30283869.19,941.93
2025-06-17,311.94,312.2231,30412869.87,945.94
2025-06-18,310.26,312.5008,30458941.04,947.37
2025-06-20,310.13,310.3512,30551081.25,950.24
2025-06-23,311.08,311.4746,30781424.4,957.4
2025-06-24,306.19,304.2782,30726142.98,955.68
2025-06-25,307.12,305.7264,30652435.12,953.39
2025-06-26,306.78,305.7645,30652435.12,953.39
2025-06-27,301.22,301.4343,30698501.33,954.82
2025-06-30,304.83,302.8712,30624797.7,952.53
2025-07-01,307.55,308.5403,30486604.07,948.23
2025-07-02,309.25,307.3112,30468178.48,947.66
2025-07-03,307.14,306.9807,30468178.48,947.66
2025-07-07,307.37,305.419,30468178.48,947.66
2025-07-08,304.16,305.3603,30431329.81,946.51
2025-07-09,305.52,304.0114,30458965.95,947.37
2025-07-10,306.2,305.1555,30505025.77,948.8
2025-07-11,309.14,308.7924,30467433.05,947.64
2025-07-14,308.01,308.6948,30467433.05,947.64
2025-07-15,306.73,308.134,30467433.05,947.64
2025-07-16,308.26,306.1683,30568758.37,950.79
2025-07-17,307.59,305.6766,30495068.06,948.5
2025-07-18,308.39,309.0452,30338477.54,943.62
2025-07-21,313.13,311.9003,30449008.62,947.06
2025-07-22,316.1,314.0757,30697701.19,954.8
2025-07-23,312.18,314.4131,30697701.19,954.8
2025-07-24,310.27,310.0151,30771386.03,957.09
2025-07-25,307.4,307.9527,30771386.03,957.09
2025-07-28,305.41,304.4186,30743755.57,956.23
2025-07-29,306.25,305.4517,30743755.57,956.23
2025-07-30,300.96,304.3244,30716125.71,955.37
2025-07-31,302.96,303.819,30688496.18,954.51
2025-08-01,309.11,308.2378,30642447.23,953.08
2025-08-04,310.91,311.2864,30697704.35,954.8
2025-08-05,311.16,310.8453,30734542.01,955.94
2025-08-06,310.5,310.5379,30633239.61,952.79
2025-08-07,313.12,311.617,30835842.47,959.09
2025-08-08,313.05,312.5718,30853261.16,959.64
2025-08-11,308.55,309.0848,31000602.25,964.22
2025-08-12,308.27,307.8749,31000602.25,964.22
2025-08-13,309.21,309.8148,31000602.25,964.22
2025-08-14,307.25,307.9188,30908517.15,961.35
2025-08-15,307.43,307.1464,31037434.83,965.36
2025-08-18,306.95,306.8508,31037434.83,965.36
2025-08-19,305.27,307.0362,30936146.81,962.21
2025-08-20,308.36,307.9723,30807236.11,958.2
2025-08-21,307.29,307.3841,30761197.1,956.77
2025-08-22,310.58,307.0077,30761197.1,956.77
2025-08-25,309.83,306.9976,30816441.48,958.49
2025-08-26,312.08,310.0197,30862478.08,959.92
2025-08-27,312.71,310.8682,30945343.11,962.5
2025-08-28,315.03,313.7474,31120278.96,967.94
2025-08-29,318.07,315.7241,31433319.2,977.68
2025-09-02,325.59,321.3144,31847621.42,990.56
2025-09-03,328.14,327.4077,31645074.62,984.26
2025-09-04,326.69,326.4923,31571422.11,981.97
2025-09-05,331.05,330.9325,31571422.11,981.97
2025-09-08,334.82,334.4305,31497772.19,979.68
2025-09-09,334.06,335.9833,31497772.19,979.68
2025-09-10,335.26,336.0901,31506518.09,979.95
2025-09-11,334.76,334.1346,31442076.44,977.95
2025-09-12,335.42,336.115,31340812.02,974.8
2025-09-15,338.91,336.707,31405250.91,976.8
2025-09-16,339.59,340.179,31506511.09,979.95
2025-09-17,336.97,338.8494,31368430.63,975.66
2025-09-18,335.62,335.4115,31368430.63,975.66
2025-09-19,339.18,337.1986,31975970.8,994.56
2025-09-22,345.05,342.394,32169273.34,1000.57
2025-09-23,346.46,348.2919,32169273.34,1000.57
2025-09-24,343.32,346.2442,32049612.19,996.85
2025-09-25,344.75,343.4,32049612.19,996.85
2025-09-26,346.74,346.9962,32334951.97,1005.72
2025-09-29,352.46,352.2327,32528241.13,1011.73
2025-09-30,355.47,352.0861,32565057.71,1012.88
2025-10-01,356.03,356.3819,32758343.33,1018.89
2025-10-02,354.79,356.9396,32657099.53,1015.74
2025-10-03,357.64,357.6354,32629487.88,1014.88
2025-10-06,364.38,363.493,32574266.06,1013.16
2025-10-07,366.26,366.2097,32573855.39,1013.15
2025-10-08,372.3,371.8248,32619872.74,1014.58
2025-10-09,365.43,369.9062,32583059.28,1013.44
2025-10-10,369.12,365.7833,32702701.58,1017.16
2025-10-13,378.09,376.9497,32757919.5,1018.88
2025-10-14,380.79,379.7391,32840745.56,1021.45
2025-10-15,387.39,386.9419,32877556.84,1022.6
2025-10-16,396.45,392.216,33264071.83,1034.62
2025-10-17,388.99,388.7879,33668987.29,1047.21
2025-10-20,403.15,395.1811,34037081.29,1058.66
2025-10-21,377.24,383.6947,34037081.29,1058.66
2025-10-22,377.28,374.5232,33834636.3,1052.37
2025-10-23,378.79,381.3071,33834636.3,1052.37
2025-10-24,377.52,377.6812,33659800.96,1046.93
2025-10-27,367.01,365.372,33402159.74,1038.92
2025-10-28,364.38,363.3155,33402159.74,1038.92
2025-10-29,363.0,368.6683,33310146.78,1036.05
2025-10-30,370.13,367.5092,33448164.57,1040.35
2025-10-31,368.12,369.1021,33411360.18,1039.2
2025-11-03,368.78,370.3555,33494167.45,1041.78
2025-11-04,362.32,363.5266,33392960.38,1038.63
2025-11-05,366.51,365.0965,33392960.38,1038.63
2025-11-06,366.07,366.7769,33448163.21,1040.35
2025-11-07,368.31,367.4724,33503365.49,1042.06
2025-11-10,378.38,376.31,33503365.49,1042.06
2025-11-11,379.87,379.3479,33641367.05,1046.36
2025-11-12,385.99,380.5817,33650567.07,1046.64
2025-11-13,382.87,385.9987,33724166.86,1048.93
2025-11-14,375.96,374.5308,33565765.57,1044.0
2025-11-17,371.65,374.6473,33482970.58,1041.43
2025-11-18,374.35,373.5713,33482970.58,1041.43
2025-11-19,374.96,379.6491,33556564.7,1043.72
2025-11-20,374.85,376.3003,33418577.5,1039.43
2025-11-21,374.27,374.663,33455373.65,1040.57
2025-11-24,380.2,375.4972,33464572.39,1040.86
2025-11-25,380.08,379.5783,33464572.39,1040.86
2025-11-26,383.12,380.7841,33611749.56,1045.43
2025-11-28,387.88,385.5097,33611749.56,1045.43
2025-12-01,389.75,389.8951,33758919.7,1050.01
2025-12-02,387.24,387.6734,33703731.61,1048.3
2025-12-03,386.88,387.2597,33648544.14,1046.58
2025-12-04,387.13,386.363,33777313.39,1050.58
2025-12-05,386.44,390.26,33766727.08,1050.25
2025-12-08,385.42,385.2111,33729937.38,1049.11
2025-12-09,387.4,386.1037,33693148.07,1047.97
2025-12-10,389.05,386.2973,33656359.17,1046.82
2025-12-11,393.24,389.0709,33785119.02,1050.83
2025-12-12,395.44,399.7916,33858695.51,1053.11
2025-12-15,395.8,396.9179,33812711.76,1051.68
2025-12-16,395.89,397.6816,33812711.76,1051.68
2025-12-17,399.29,399.3237,33840301.43,1052.54
2025-12-18,398.57,398.5145,33840301.43,1052.54
2025-12-19,399.02,398.901,33840301.43,1052.54
2025-12-22,408.23,406.6189,34226537.25,1064.56
2025-12-23,413.64,409.167,34226537.25,1064.56
2025-12-24,411.93,412.0507,34346084.19,1068.27
2025-12-26,416.74,412.0416,34438041.35,1071.13
2025-12-29,398.6,398.8058,34465627.32,1071.99
2025-12-30,398.89,401.6299,34465627.32,1071.99
2025-12-31,396.31,396.1204,34419651.81,1070.56
2026-01-02,398.28,400.2509,34244948.06,1065.13
2026-01-05,408.76,409.7532,34244948.06,1065.13
2026-01-06,413.18,412.8714,34309310.53,1067.13
2026-01-07,409.23,408.0517,34309310.53,1067.13
2026-01-08,411.49,407.2516,34309310.53,1067.13
2026-01-09,414.47,413.1799,34226561.45,1064.56
2026-01-12,422.23,424.1213,34427214.43,1070.8
2026-01-13,421.63,425.0454,34537542.98,1074.23
2026-01-14,425.94,423.5189,34537542.98,1074.23
2026-01-15,423.33,423.9142,34555930.66,1074.8
2026-01-16,421.29,423.928,34905292.82,1085.67
2026-01-20,437.23,436.4838,34776585.36,1081.66
2026-01-21,443.6,447.3937,34647878.67,1077.66
2026-01-22,451.79,444.221,34712231.22,1079.66
2026-01-23,458.0,454.7171,34932867.25,1086.53
2026-01-26,464.7,467.9937,34932867.25,1086.53
2026-01-27,476.1,465.5473,34960445.71,1087.38
2026-01-28,494.56,487.8589,35043181.18,1089.96
2026-01-29,495.9,496.8694,34932867.9,1086.53
2026-01-30,444.95,457.9546,34951252.82,1087.1
2026-02-02,427.13,433.3792,34951252.82,1087.1
2026-02-03,454.29,452.3349,34831756.51,1083.38
2026-02-04,453.97,458.2286,34785796.68,1081.95
2026-02-05,441.88,445.5481,34657111.9,1077.95
2026-02-06,455.46,454.8073,34601961.46,1076.23
2026-02-09,467.03,463.2106,34712259.54,1079.66
2026-02-10,462.4,462.4561,34701272.9,1079.32
2026-02-11,467.63,466.7209,34765612.07,1081.32
2026-02-12,451.39,463.526,34600170.45,1076.18
2026-02-13,462.62,459.0903,34627743.71,1077.03
2026-02-17,448.2,446.7985,34581790.5,1075.61
2026-02-18,458.28,459.8328,34581790.5,1075.61
2026-02-19,459.56,459.9657,34682885.9,1078.75
2026-02-20,468.62,464.4097,34682885.9,1078.75
2026-02-23,481.28,477.0982,34931020.33,1086.47
2026-02-24,474.61,470.5526,35179151.22,1094.19
2026-02-25,473.42,477.1016,35289430.79,1097.62
2026-02-26,477.48,474.8718,35298620.64,1097.9
2026-02-27,483.75,479.9178,35408897.98,1101.33
2026-03-02,490.0,488.3221,35408897.98,1101.33
2026-03-03,468.14,462.5555,35335383.86,1099.04
2026-03-04,471.8,473.1123,34756462.12,1081.04
2026-03-05,466.13,469.0165,34591058.23,1075.89
2026-03-06,473.51,471.1716,34508357.05,1073.32
2026-03-09,472.53,467.3689,34424310.28,1070.71
2026-03-10,477.86,478.699,34516196.38,1073.57
2026-03-11,476.24,476.185,34635646.93,1077.28
2026-03-12,466.88,471.3737,34589704.97,1075.85
2026-03-13,460.84,463.5115,34451880.92,1071.56
2026-03-16,460.43,458.9245,34424317.06,1070.71
2026-03-17,459.27,460.9365,34387565.62,1069.56
2026-03-18,444.74,447.4367,34304876.27,1066.99
2026-03-19,426.41,422.6568,34148688.91,1062.13
2026-03-20,413.38,419.1785,33983316.17,1056.99
2026-03-23,404.04,410.3152,33845510.9,1052.7
2026-03-24,404.13,405.4678,33854697.79,1052.99
2026-03-25,416.29,419.3396,33836324.04,1052.42
2026-03-26,400.64,409.4011,33845510.75,1052.7
2026-03-27,414.7,413.78,33744457.71,1049.56
2026-03-30,414.58,416.0638,33634221.45,1046.13
2026-03-31,430.29,423.3374,33670966.69,1047.28
2026-04-01,437.82,435.3389,33790388.65,1050.99
2026-04-02,429.41,426.1768,33790388.65,1050.99
2026-04-06,427.65,426.1581,33900617.38,1054.42
2026-04-07,431.81,423.6125,33900617.38,1054.42
2026-04-08,434.53,440.2272,33854689.1,1052.99
2026-04-09,437.91,437.4701,33836318.04,1052.42
2026-04-10,437.13,438.4899,33836318.04,1052.42
2026-04-13,435.36,433.7813,33668274.33,1047.19
2026-04-14,445.09,440.3999,33741754.68,1049.48
2026-04-15,440.46,443.0132,33815234.29,1051.76
2026-04-16,440.08,440.2846,33851973.66,1052.91
2026-04-17,445.93,447.344,34099962.34,1060.62
2026-04-20,442.09,442.0977,34072409.01,1059.76
2026-04-21,429.57,438.7123,33934644.12,1055.48
2026-04-22,435.26,435.5244,33787696.76,1050.91
2026-04-23,431.04,433.4114,33732592.17,1049.19
2026-04-24,433.25,432.7177,33649936.22,1046.62
2026-04-27,429.89,430.9213,33576466.77,1044.34
2026-04-28,421.91,419.2177,33466264.74,1040.91
2026-04-29,417.41,415.2814,33411164.49,1039.2
2026-04-30,423.66,423.4757,33300964.48,1035.77
2026-05-01,423.18,425.8182,33300964.48,1035.77
2026-05-04,414.71,425.8042,33300964.48,1035.77
2026-05-05,418.27,420.2785,33245867.67,1034.05
2026-05-06,430.96,432.2253,33218319.26,1033.2
2026-05-07,431.68,435.569,33227501.99,1033.48
2026-05-08,433.77,435.3851,33243983.11,1034.0
2026-05-11,434.65,434.2459,33317441.71,1036.28
2026-05-12,432.93,429.5806,33381717.18,1038.28
2026-05-13,430.5,429.3279,33436809.84,1039.99
2026-05-14,427.21,429.9982,33436809.84,1039.99
2026-05-15,417.29,415.7547,33354173.08,1037.42
2026-05-18,418.43,419.1756,33400080.95,1038.85
2026-05-19,411.5,412.8621,33335810.82,1036.85
2026-05-20,417.4,411.5857,33335810.82,1036.85
2026-05-21,416.99,413.6382,33363354.57,1037.71
2026-05-22,413.82,413.7164,33271543.08,1034.85
2026-05-26,414.0,414.5569,33271543.08,1034.85
2026-05-27,408.49,406.3333,33271543.08,1034.85
2026-05-28,412.77,405.7273,33198099.14,1032.57
2026-05-29,417.12,417.3398,33087933.45,1029.14
2026-06-01,411.26,408.4503,33078753.35,1028.86
2026-06-02,411.95,413.4554,33051213.22,1028.0
2026-06-03,407.87,408.0097,33014493.63,1026.86
2026-06-04,411.27,412.8127,32959414.6,1025.14
2026-06-05,396.24,400.7045,32791477.75,1019.92
2026-06-08,397.27,396.6017,32791477.75,1019.92
2026-06-09,390.78,397.2445,32681327.11,1016.49
2026-06-10,374.58,382.855,32589536.27,1013.64
2026-06-11,386.32,374.0288,32589536.27,1013.64
2026-06-12,386.54,384.2237,32589536.27,1013.64
2026-06-15,396.55,399.7483,32543643.04,1012.21
2026-06-16,397.63,397.963,32543643.04,1012.21
2026-06-17,388.6,398.5141,32571178.36,1013.07
2026-06-18,387.12,388.8064,32809814.06,1020.49
2026-06-22,384.59,385.191,32864881.34,1022.2
2026-06-23,377.32,379.5457,32718037.42,1017.64
2026-06-24,365.92,369.3471,32580373.73,1013.35
2026-06-25,369.46,367.2637,32378469.52,1007.08
2026-06-26,373.63,373.7087,32314227.65,1005.08
2026-06-29,368.58,369.5103,32314227.65,1005.08
2026-06-30,368.38,369.4695,32314227.65,1005.08
2026-07-01,370.6,375.2857,32323404.58,1005.36
2026-07-02,378.13,378.9306,32194928.64,1001.37
2026-07-06,382.13,379.9926,32240810.93,1002.79
2026-07-07,377.49,381.3517,32231634.56,1002.51
2026-07-08,374.45,373.1221,32231634.56,1002.51
2026-07-09,378.18,378.9887,32332572.19,1005.65
2026-07-10,377.01,376.1387,32229732.15,1002.45
2026-07-13,367.13,370.6753,32229732.15,1002.45
2026-07-14,372.15,373.9519,32293961.41,1004.45
2026-07-15,372.35,372.7273,32211381.88,1001.88
2026-07-16,364.96,366.4233,32211381.88,1001.88
2026-07-17,368.41,366.5844,32119629.11,999.02
2026-07-20,367.6,367.3249,32266428.79,1003.59
2026-07-21,374.81,371.7946,32339828.02,1005.87
2026-07-22,379.12,381.2244,32404052.01,1007.87
2026-07-23,371.52,371.1073,32449925.49,1009.3
2026-07-24,371.9,373.1588,32449925.49,1009.3
2026-07-27,374.63,373.8532,32449925.49,1009.3
2026-07-28,369.37,369.0037,32431577.14,1008.73
2026-07-29,371.08,367.0404,32449925.26,1009.3
2026-07-30,377.16,377.1493,32404055.06,1007.87
2026-07-31,371.54,369.3953,32376533.44,1007.01
2026-08-03,371.71,369.5254,32339839.14,1005.87
2026-08-04,374.16,374.665,32449921.4,1009.3
2026-08-05,389.64,385.8934,32605871.29,1014.15
2026-08-06,389.67,391.51,32624218.24,1014.72
2026-08-07,398.47,397.7185,32714816.16,1017.54
2026-08-10,402.54,396.6871,32824893.64,1020.96
2026-08-11,400.96,402.0863,32879931.86,1022.67
2026-08-12,404.92,406.0542,32980834.25,1025.81
2026-08-13,398.96,401.1279,32898278.77,1023.24
2026-08-14,401.48,402.7473,32907451.51,1023.53
2026-08-17,405.49,404.1193,33136762.48,1030.66
2026-08-18,398.55,403.9039,32962488.06,1025.24
2026-08-19,413.84,409.147,33265172.64,1034.65
2026-08-20,415.26,411.1837,33402755.16,1038.93
2026-08-21,423.36,420.2752,33668746.32,1047.21
2026-08-24,426.69,427.7473,33742121.07,1049.49
2026-08-25,428.07,423.3162,33705434.19,1048.35
2026-08-26,421.32,424.784,33613717.91,1045.5
2026-08-27,422.6,419.041,33650403.89,1046.64
2026-08-28,408.89,418.4676,33512833.02,1042.36
2026-08-31,408.42,418.4539,33512833.02,1042.36
2026-09-01,396.75,399.2207,33650395.71,1046.64
2026-09-02,402.78,401.8859,33971372.56,1056.62
2026-09-03,410.22,409.6702,33870494.55,1053.48
2026-09-04,406.77,404.9182,33824641.61,1052.06
2026-09-08,399.72,403.4051,33778790.74,1050.63
2026-09-09,403.35,404.8501,33778790.74,1050.63
2026-09-10,396.36,400.3092,33767456.92,1050.28
2026-09-11,398.77,402.2124,33675758.46,1047.42
2026-09-14,392.84,391.2721,33675758.46,1047.42
2026-09-15,394.15,393.9319,33767452.63,1050.28
2026-09-16,391.74,396.8668,33822468.6,1051.99
2026-09-17,398.36,400.5217,33849976.33,1052.84
2026-09-18,401.17,398.6877,33987513.34,1057.12
2026-09-21,398.38,396.4828,33932500.41,1055.41
2026-09-22,400.07,396.9645,33950837.86,1055.98
2026-09-23,392.88,392.8241,33978343.66,1056.84
2026-09-24,391.69,391.1644,33904995.74,1054.55
2026-09-25,393.41,390.6695,33904995.74,1054.55
2026-09-28,377.91,379.9726,34042515.83,1058.83
2026-09-29,382.89,381.6971,33996676.24,1057.41
2026-09-30,380.84,382.876,33941669.27,1055.7
2026-10-01,382.76,380.6112,33969172.4,1056.55
2026-10-02,380.14,384.1286,33941669.48,1055.7
2026-10-05,379.55,379.6773,33960004.08,1056.27
2026-10-06,382.27,381.0258,34079177.78,1059.97
