date,nav,shares
2006-04-21,12.185,1500000
2006-04-24,12.78,1500000
2006-04-25,12.465,1500000
2006-04-26,12.72,1500000
2006-04-27,12.519936,4000000
2006-04-28,12.554817,21000000
2006-05-01,12.554817,21000000
2006-05-02,13.919039,32000000
2006-05-03,14.418804,38500000
2006-05-04,13.683649,42000000
2006-05-05,14.068444,44000000
2006-05-08,13.74789,48500000
2006-05-09,13.89269,54000000
2006-05-10,14.33746,58500000
2006-05-11,14.427255,62000000
2006-05-12,14.937005,65000000
2006-05-15,13.246623,69000000
2006-05-16,13.216445,69000000
2006-05-17,13.816195,70000000
2006-05-18,13.116091,73000000
2006-05-19,12.425996,73000000
2006-05-22,12.155526,73000000
2006-05-23,12.865272,73000000
2006-05-24,12.795104,70500000
2006-05-25,12.564954,70500000
2006-05-26,12.694768,69500000
2006-05-30,12.894043,69000000
2006-05-31,13.123842,69000000
2006-06-01,12.043773,68500000
2006-06-02,12.143597,69000000
2006-06-05,12.362979,69000000
2006-06-06,11.863066,68000000
2006-06-07,11.453113,67000000
2006-06-08,11.54291,67000000
2006-06-09,11.402824,67000000
2006-06-12,11.012565,67000000
2006-06-13,10.462695,67000000
2006-06-14,9.712938,68500000
2006-06-15,10.142583,68500000
2006-06-16,10.272377,70000000
2006-06-19,9.88217,71500000
2006-06-20,10.141898,71500000
2006-06-21,10.261696,71500000
2006-06-22,10.53141,74000000
2006-06-23,10.081515,78500000
2006-06-26,10.350944,78500000
2006-06-27,10.250858,80500000
2006-06-28,10.370649,83000000
2006-06-29,10.370507,83000000
2006-06-30,10.690181,83000000
2006-07-03,11.26939,84000000
2006-07-04,11.219265,84000000
2006-07-05,11.438983,88000000
2006-07-06,11.298954,88000000
2006-07-07,11.498617,88000000
2006-07-10,11.028589,91500000
2006-07-11,11.278209,91500000
2006-07-12,11.737633,91500000
2006-07-13,11.607591,91500000
2006-07-14,11.617423,91500000
2006-07-17,11.487068,91500000
2006-07-18,10.99736,91500000
2006-07-19,10.507659,91500000
2006-07-20,11.067001,91500000
2006-07-21,10.996914,91500000
2006-07-24,10.726717,91500000
2006-07-25,10.996322,91500000
2006-07-26,10.886272,91500000
2006-07-27,11.20583,91500000
2006-07-28,11.325566,91500000
2006-07-31,11.425006,91500000
2006-08-01,11.339927,92500000
2006-08-02,11.734408,92500000
2006-08-03,12.048957,92500000
2006-08-04,12.183668,92500000
2006-08-07,12.43293,92500000
2006-08-08,12.113054,93000000
2006-08-09,12.247764,93000000
2006-08-10,12.412442,94000000
2006-08-11,12.257416,96000000
2006-08-14,11.74241,96000000
2006-08-15,11.972034,97000000
2006-08-16,12.131719,97000000
2006-08-17,12.261429,97000000
2006-08-18,11.991517,97000000
2006-08-21,12.2208,97000000
2006-08-22,12.18067,97000000
2006-08-23,12.400294,98000000
2006-08-24,12.559807,98000000
2006-08-25,12.37987,98000000
2006-08-28,12.379362,98000000
2006-08-29,12.119529,98000000
2006-08-30,12.199263,100500000
2006-08-31,12.578599,100500000
2006-09-01,12.728231,100500000
2006-09-04,12.972388,100500000
2006-09-05,13.127007,100500000
2006-09-06,12.927169,101500000
2006-09-07,13.03681,102500000
2006-09-08,12.267928,102500000
2006-09-11,11.738316,102500000
2006-09-12,11.318864,103500000
2006-09-13,10.979282,103500000
2006-09-14,11.328542,103500000
2006-09-15,10.679482,103500000
2006-09-18,10.948588,103500000
2006-09-19,10.888541,104500000
2006-09-20,10.718679,104500000
2006-09-21,10.998059,104500000
2006-09-22,11.25747,104500000
2006-09-25,11.027395,104500000
2006-09-26,11.087143,104500000
2006-09-27,11.556198,104500000
2006-09-28,11.635905,104500000
2006-09-29,11.525931,104500000
2006-10-02,11.555407,104500000
2006-10-03,11.315653,104500000
2006-10-04,10.801368,104500000
2006-10-05,10.935933,104500000
2006-10-06,10.985677,104500000
2006-10-09,11.309535,104500000
2006-10-10,11.184645,104500000
2006-10-11,11.114641,104500000
2006-10-12,11.274149,104500000
2006-10-13,11.373782,104500000
2006-10-16,11.692634,104500000
2006-10-17,11.822198,104500000
2006-10-18,11.732225,103500000
2006-10-19,11.592362,103500000
2006-10-20,11.951439,103500000
2006-10-23,11.681521,103500000
2006-10-24,11.541658,103500000
2006-10-25,11.721118,103500000
2006-10-26,11.940491,105000000
2006-10-27,12.020158,105000000
2006-10-30,12.099493,105000000
2006-10-31,12.049434,105000000
2006-11-01,12.328673,105000000
2006-11-02,12.378398,105000000
2006-11-03,12.587699,105000000
2006-11-06,12.477459,105000000
2006-11-07,12.587011,105000000
2006-11-08,12.571876,105000000
2006-11-09,12.561729,105000000
2006-11-10,12.990474,105000000
2006-11-13,12.825356,105000000
2006-11-14,12.815205,105000000
2006-11-15,12.655433,105000000
2006-11-16,12.904631,106500000
2006-11-17,12.714934,106500000
2006-11-20,12.883982,106500000
2006-11-21,12.883806,106500000
2006-11-22,13.033253,108000000
2006-11-24,13.32715,108000000
2006-11-27,13.446299,108000000
2006-11-28,13.401229,108000000
2006-11-29,13.610514,108000000
2006-11-30,13.640255,110000000
2006-12-01,13.809638,110000000
2006-12-04,14.008564,110000000
2006-12-05,14.003312,110000000
2006-12-06,13.639179,110000000
2006-12-07,13.629023,111000000
2006-12-08,13.798343,111000000
2006-12-11,13.678125,111000000
2006-12-12,13.80756,111000000
2006-12-13,13.752531,111000000
2006-12-14,13.727417,112500000
2006-12-15,13.687346,112500000
2006-12-18,12.92899,112500000
2006-12-19,12.420294,112500000
2006-12-20,12.759136,112500000
2006-12-21,12.479794,121500000
2006-12-22,12.459681,121500000
2006-12-26,12.458998,121500000
2006-12-27,12.817775,121500000
2006-12-28,12.797658,121500000
2006-12-29,12.857307,121500000
2007-01-03,12.866397,121500000
2007-01-04,12.57719,122500000
2007-01-05,12.656751,122500000
2007-01-08,12.167865,122500000
2007-01-09,12.317198,122500000
2007-01-10,12.406729,122500000
2007-01-11,12.366693,122500000
2007-01-12,12.386457,122500000
2007-01-16,12.794394,119500000
2007-01-17,12.505186,119500000
2007-01-18,12.794048,119500000
2007-01-19,12.674273,119500000
2007-01-22,12.818268,119500000
2007-01-23,13.042343,119500000
2007-01-24,13.151794,116500000
2007-01-25,13.331015,116500000
2007-01-26,13.171365,116500000
2007-01-29,13.200724,116500000
2007-01-30,13.100877,117500000
2007-01-31,13.309999,117500000
2007-02-01,13.529086,119500000
2007-02-02,13.608634,120000000
2007-02-05,13.239457,120000000
2007-02-06,13.607894,120000000
2007-02-07,13.597745,120000000
2007-02-08,13.478015,125500000
2007-02-09,13.786672,125500000
2007-02-12,13.726329,125500000
2007-02-13,13.736104,125500000
2007-02-14,13.90528,125500000
2007-02-15,13.925015,125500000
2007-02-16,13.845123,125500000
2007-02-20,13.844365,126500000
2007-02-21,13.68478,126500000
2007-02-22,14.192685,126500000
2007-02-23,14.222378,126500000
2007-02-26,14.520672,126500000
2007-02-27,14.43081,126500000
2007-02-28,14.251285,126500000
2007-03-01,14.231165,126500000
2007-03-02,13.473812,126500000
2007-03-05,12.552073,127500000
2007-03-06,12.880544,127500000
2007-03-07,12.835553,127500000
2007-03-08,13.034553,127500000
2007-03-09,13.014458,128500000
2007-03-12,12.914337,129500000
2007-03-13,12.864366,129500000
2007-03-14,12.595304,129500000
2007-03-15,12.8441,129500000
2007-03-16,13.013223,129500000
2007-03-19,13.102317,129500000
2007-03-20,13.191766,129500000
2007-03-21,13.271255,129500000
2007-03-22,13.315888,129500000
2007-03-23,13.310726,130500000
2007-03-26,13.200634,130500000
2007-03-27,13.280123,130500000
2007-03-28,13.299859,130500000
2007-03-29,13.279761,131500000
2007-03-30,13.289537,132500000
2007-04-02,13.274055,132500000
2007-04-03,13.2191,132500000
2007-04-04,13.388146,132500000
2007-04-05,13.517372,133500000
2007-04-09,13.516638,134500000
2007-04-10,13.775271,134500000
2007-04-11,13.854719,134500000
2007-04-12,13.774893,134500000
2007-04-13,13.814522,134500000
2007-04-16,14.023,134500000
2007-04-17,13.893401,135500000
2007-04-18,13.89321,135500000
2007-04-19,13.76859,136500000
2007-04-20,13.803242,136500000
2007-04-23,13.79272,136500000
2007-04-24,13.961758,136500000
2007-04-25,13.722657,135500000
2007-04-26,13.59306,135500000
2007-04-27,13.284283,135500000
2007-04-30,13.433055,135500000
2007-05-01,13.3831,136500000
2007-05-02,13.114145,136500000
2007-05-03,13.26322,136500000
2007-05-04,13.33269,136500000
2007-05-07,13.332142,136500000
2007-05-08,13.411562,136500000
2007-05-09,13.381528,136500000
2007-05-10,13.222139,136500000
2007-05-11,12.9732,136500000
2007-05-14,13.121922,136500000
2007-05-15,12.952587,136500000
2007-05-16,13.091714,136500000
2007-05-17,12.832826,136500000
2007-05-18,12.8028,136500000
2007-05-21,12.861975,136500000
2007-05-22,13.001104,136500000
2007-05-23,12.891472,136500000
2007-05-24,12.970898,136500000
2007-05-25,12.856292,136500000
2007-05-29,12.960065,136500000
2007-05-30,13.03949,136500000
2007-05-31,13.178616,136500000
2007-06-01,13.457044,136500000
2007-06-04,13.595742,137500000
2007-06-05,13.635342,138500000
2007-06-06,13.615263,138500000
2007-06-07,13.575292,138500000
2007-06-08,13.236935,138500000
2007-06-11,13.087198,138500000
2007-06-12,13.077072,138500000
2007-06-13,12.788453,138500000
2007-06-14,12.96731,138500000
2007-06-15,12.987024,138500000
2007-06-18,13.235146,138500000
2007-06-19,13.115611,139500000
2007-06-20,13.264625,139500000
2007-06-21,13.095358,139500000
2007-06-22,13.080259,139500000
2007-06-25,12.885771,139500000
2007-06-26,12.776186,139500000
2007-06-27,12.189179,137000000
2007-06-28,12.353125,137000000
2007-06-29,12.467338,137000000
2007-07-02,12.397202,137000000
2007-07-03,12.526333,137000000
2007-07-05,12.52599,139000000
2007-07-06,12.326985,139000000
2007-07-09,12.664504,139000000
2007-07-10,12.684215,140000000
2007-07-11,12.872938,140000000
2007-07-12,12.872762,140000000
2007-07-13,13.046569,140000000
2007-07-16,12.951585,140000000
2007-07-17,12.822162,140000000
2007-07-18,12.861754,140000000
2007-07-19,13.169778,140000000
2007-07-20,13.209367,141500000
2007-07-23,13.258537,142500000
2007-07-24,13.258356,142500000
2007-07-25,13.094133,142500000
2007-07-26,13.049215,142500000
2007-07-27,12.671245,142500000
2007-07-30,12.650841,142500000
2007-07-31,12.849505,142500000
2007-08-01,12.690259,142500000
2007-08-02,12.878901,142500000
2007-08-03,12.878725,142500000
2007-08-06,13.017323,142500000
2007-08-07,12.90783,142500000
2007-08-08,12.947404,142500000
2007-08-09,12.892569,142500000
2007-08-10,12.609169,142500000
2007-08-13,12.787529,142500000
2007-08-14,12.678039,142500000
2007-08-15,12.429423,142500000
2007-08-16,12.285156,142500000
2007-08-17,11.614194,142500000
2007-08-20,11.872096,142500000
2007-08-21,11.593678,142500000
2007-08-22,11.603457,142500000
2007-08-23,11.802052,142500000
2007-08-24,11.623012,142500000
2007-08-27,11.622534,142500000
2007-08-28,11.751565,142500000
2007-08-29,11.721587,139000000
2007-08-30,11.781053,139000000
2007-08-31,11.870332,139000000
2007-09-04,12.013779,139000000
2007-09-05,12.132868,139000000
2007-09-06,12.162502,139000000
2007-09-07,12.485172,139000000
2007-09-10,12.474729,140000000
2007-09-11,12.484492,140000000
2007-09-12,12.573722,140000000
2007-09-13,12.384814,140000000
2007-09-14,12.414445,140000000
2007-09-17,12.503336,140000000
2007-09-18,12.870702,141000000
2007-09-19,12.905292,141000000
2007-09-20,13.078951,142500000
2007-09-21,13.376774,142500000
2007-09-24,13.525228,143500000
2007-09-25,13.187309,143500000
2007-09-26,13.346062,143500000
2007-09-27,13.415414,144500000
2007-09-28,13.554297,144500000
2007-10-01,13.677906,144500000
2007-10-02,13.186019,144500000
2007-10-03,13.255345,144500000
2007-10-04,13.126079,144500000
2007-10-05,13.339384,144500000
2007-10-08,13.194858,144500000
2007-10-09,13.115241,144500000
2007-10-10,13.522171,144500000
2007-10-11,13.571634,144500000
2007-10-12,13.690602,144500000
2007-10-15,13.848911,144500000
2007-10-16,13.560766,144500000
2007-10-17,13.501003,144500000
2007-10-18,13.580254,144500000
2007-10-19,13.729011,144500000
2007-10-22,13.25183,144500000
2007-10-23,13.470098,144500000
2007-10-24,13.34083,144500000
2007-10-25,13.623638,144500000
2007-10-26,13.96602,144500000
2007-10-29,14.303049,145000000
2007-10-30,14.069511,145000000
2007-10-31,14.213296,145000000
2007-11-01,14.25282,145000000
2007-11-02,14.212906,145000000
2007-11-05,14.381072,145000000
2007-11-06,14.847373,145000000
2007-11-07,15.700763,145000000
2007-11-08,15.243976,145500000
2007-11-09,15.035331,146500000
2007-11-12,15.02479,146500000
2007-11-13,14.563049,146500000
2007-11-14,14.855651,146500000
2007-11-15,14.706565,146500000
2007-11-16,14.339121,146500000
2007-11-19,14.40801,146500000
2007-11-20,14.249005,146500000
2007-11-21,14.437394,146500000
2007-11-23,14.436998,146500000
2007-11-26,14.768909,146500000
2007-11-27,14.535457,146500000
2007-11-28,14.163052,146500000
2007-11-29,14.267076,146500000
2007-11-30,14.117998,146500000
2007-12-03,13.750175,146500000
2007-12-04,14.136913,146500000
2007-12-05,14.22601,146500000
2007-12-06,13.948024,148000000
2007-12-07,14.324837,148000000
2007-12-10,14.264722,148000000
2007-12-11,14.497674,148000000
2007-12-12,14.517318,148000000
2007-12-13,14.492316,148000000
2007-12-14,13.896847,148000000
2007-12-17,13.633365,148000000
2007-12-18,13.856404,148000000
2007-12-19,13.866138,150000000
2007-12-20,13.856027,150000000
2007-12-21,14.173314,150000000
2007-12-24,14.232258,150000000
2007-12-26,14.231868,150000000
2007-12-27,14.54915,150000000
2007-12-28,14.62832,150000000
2007-12-31,14.63771,170000000
2008-01-02,14.80592,152000000
2008-01-03,15.251994,154000000
2008-01-04,15.147658,157000000
2008-01-07,15.112326,157000000
2008-01-08,15.35509,157000000
2008-01-09,15.865614,157000000
2008-01-10,15.488544,157000000
2008-01-11,15.924688,157000000
2008-01-14,16.360389,157000000
2008-01-15,16.102326,161500000
2008-01-16,15.715337,161500000
2008-01-17,15.744873,161500000
2008-01-18,15.690113,161500000
2008-01-22,15.436367,161500000
2008-01-23,15.813006,161500000
2008-01-24,16.209475,161500000
2008-01-25,16.387761,161500000
2008-01-28,16.297834,161500000
2008-01-29,16.605043,164000000
2008-01-30,16.614733,164000000
2008-01-31,16.594671,164000000
2008-02-01,17.040713,166000000
2008-02-04,16.554261,166000000
2008-02-05,16.365682,165500000
2008-02-06,16.335717,165500000
2008-02-07,16.553584,164000000
2008-02-08,16.80119,164500000
2008-02-11,17.216858,164500000
2008-02-12,17.305842,164500000
2008-02-13,16.829767,164500000
2008-02-14,17.107108,164500000
2008-02-15,17.225834,164500000
2008-02-19,17.096017,164500000
2008-02-20,17.264309,164500000
2008-02-21,17.819218,167000000
2008-02-22,17.779321,167000000
2008-02-25,17.897549,167000000
2008-02-26,17.956789,171000000
2008-02-27,19.156035,174000000
2008-02-28,19.066554,174000000
2008-02-29,19.442992,174000000
2008-03-03,19.977501,174000000
2008-03-04,20.135785,174000000
2008-03-05,19.30308,174000000
2008-03-06,20.610919,174000000
2008-03-07,20.035864,174000000
2008-03-10,19.390899,174000000
2008-03-11,20.064505,176500000
2008-03-12,19.51919,176500000
2008-03-13,20.599097,176500000
2008-03-14,20.222242,177500000
2008-03-17,20.726823,180000000
2008-03-18,20.191411,181000000
2008-03-19,19.695645,181000000
2008-03-20,17.366571,181000000
2008-03-24,17.365619,181000000
2008-03-25,17.409975,181000000
2008-03-26,17.900272,181000000
2008-03-27,18.028855,181000000
2008-03-28,18.187164,181000000
2008-03-31,17.819754,181000000
2008-04-01,16.580785,181000000
2008-04-02,16.729136,183500000
2008-04-03,16.986438,183500000
2008-04-04,17.283359,186000000
2008-04-07,17.787805,186000000
2008-04-08,17.827182,186000000
2008-04-09,17.321782,186500000
2008-04-10,18.143662,186500000
2008-04-11,17.776927,186500000
2008-04-14,17.280945,186500000
2008-04-15,17.686815,186500000
2008-04-16,17.894579,187500000
2008-04-17,18.379679,187500000
2008-04-18,18.003037,187500000
2008-04-21,17.685337,187500000
2008-04-22,17.387944,187500000
2008-04-23,17.377801,187500000
2008-04-24,16.921932,187500000
2008-04-25,16.515595,187500000
2008-04-28,16.772446,187500000
2008-04-29,16.613736,187500000
2008-04-30,16.306453,187500000
2008-05-01,16.474618,191000000
2008-05-02,16.028861,192500000
2008-05-05,16.028202,192500000
2008-05-06,16.53292,192500000
2008-05-07,16.522793,192500000
2008-05-08,16.413659,192500000
2008-05-09,16.799563,192500000
2008-05-12,16.571155,192500000
2008-05-13,16.907553,192500000
2008-05-14,16.521196,194500000
2008-05-15,16.431863,194500000
2008-05-16,16.659355,194500000
2008-05-19,17.005195,194500000
2008-05-20,16.856452,194500000
2008-05-21,17.588874,194500000
2008-05-22,17.638137,194500000
2008-05-23,17.915116,194500000
2008-05-27,17.953737,194500000
2008-05-28,17.082227,194500000
2008-05-29,16.992887,194500000
2008-05-30,16.675831,194500000
2008-06-02,16.685046,194500000
2008-06-03,16.645232,194500000
2008-06-04,16.496556,194500000
2008-06-05,16.476537,194500000
2008-06-06,17.010722,194500000
2008-06-09,17.277229,194500000
2008-06-10,16.762376,195500000
2008-06-11,16.405872,195500000
2008-06-12,16.415544,195500000
2008-06-13,16.138219,197000000
2008-06-16,16.553208,197000000
2008-06-17,17.037908,195500000
2008-06-18,16.819952,195500000
2008-06-19,17.037445,195500000
2008-06-20,17.254934,195500000
2008-06-23,17.006807,194000000
2008-06-24,16.670092,194000000
2008-06-25,16.521416,194000000
2008-06-26,16.699328,195000000
2008-06-27,17.213717,195000000
2008-06-30,17.460422,195000000
2008-07-01,17.371114,195000000
2008-07-02,17.727009,195000000
2008-07-03,18.112576,195000000
2008-07-07,17.656526,195000000
2008-07-08,17.428755,195000000
2008-07-09,17.626367,195000000
2008-07-10,17.972366,195000000
2008-07-11,18.179864,195000000
2008-07-14,18.485786,195000000
2008-07-15,19.088981,197000000
2008-07-16,18.623772,198000000
2008-07-17,18.465236,198000000
2008-07-18,18.346272,198000000
2008-07-21,18.147668,198000000
2008-07-22,18.394734,199500000
2008-07-23,17.395337,199500000
2008-07-24,17.33,199500000
2008-07-25,17.36,199500000
2008-07-28,17.28,201000000
2008-07-29,17.23,204000000
2008-07-30,16.93,204000000
2008-07-31,17.28,204000000
2008-08-01,17.39,204000000
2008-08-04,17.17,204000000
2008-08-05,16.48,204000000
2008-08-06,16.55,201500000
2008-08-07,16.4,201500000
2008-08-08,15.58,200500000
2008-08-11,15.16,200500000
2008-08-12,14.29,200500000
2008-08-13,14.51,199000000
2008-08-14,14.69,199000000
2008-08-15,12.67,199000000
2008-08-18,12.86,203000000
2008-08-19,12.86,205000000
2008-08-20,13.12,208300000
2008-08-21,13.43,208900000
2008-08-22,13.46,210500000
2008-08-25,13.46,210500000
2008-08-26,12.9,210500000
2008-08-27,13.6,210500000
2008-08-28,13.62,210500000
2008-08-29,13.6,210500000
2008-09-02,13.03,210500000
2008-09-03,12.64,211750000
2008-09-04,12.87,212250000
2008-09-05,12.57,212250000
2008-09-08,12.23,212250000
2008-09-09,11.9,212250000
2008-09-10,11.14,212250000
2008-09-11,10.53,212250000
2008-09-12,10.67,212250000
2008-09-15,10.71,209250000
2008-09-16,10.75,212500000
2008-09-17,10.64,212500000
2008-09-18,12.78,214800000
2008-09-19,12.01,218850000
2008-09-22,12.83,218850000
2008-09-23,13.22,219850000
2008-09-24,13.13,223600000
2008-09-25,13.18,224500000
2008-09-26,13.02,224500000
2008-09-29,12.9,222900000
2008-09-30,12.8,222900000
2008-10-01,12.13,222900000
2008-10-02,12.1,222900000
2008-10-03,11.06,222900000
2008-10-06,11.15,223800000
2008-10-07,11.5,223800000
2008-10-08,11.51,222400000
2008-10-09,11.5,222400000
2008-10-10,11.6,222400000
2008-10-13,10.48,222400000
2008-10-14,10.76,222400000
2008-10-15,10.79,224400000
2008-10-16,9.87,224400000
2008-10-17,9.44,224400000
2008-10-20,9.67,224400000
2008-10-21,9.74,224400000
2008-10-22,9.72,224400000
2008-10-23,9.22,224400000
2008-10-24,8.77,222400000
2008-10-27,8.9,219700000
2008-10-28,8.98,219700000
2008-10-29,9.26,219700000
2008-10-30,9.9,219700000
2008-10-31,9.16,219700000
2008-11-03,9.92,219700000
2008-11-04,9.83,219700000
2008-11-05,10.15,219700000
2008-11-06,10.28,219700000
2008-11-07,10.0,219700000
2008-11-10,10.18,219700000
2008-11-11,9.81,219700000
2008-11-12,9.53,219700000
2008-11-13,9.25,219700000
2008-11-14,9.21,219700000
2008-11-17,9.38,219700000
2008-11-18,9.26,219700000
2008-11-19,9.28,217700000
2008-11-20,9.27,217700000
2008-11-21,9.05,217700000
2008-11-24,9.91,217700000
2008-11-25,10.2,217700000
2008-11-26,10.17,217700000
2008-11-28,9.99,217700000
2008-12-01,9.78,217700000
2008-12-02,9.29,217700000
2008-12-03,9.31,216650000
2008-12-04,9.46,216650000
2008-12-05,9.34,216650000
2008-12-08,9.6,216650000
2008-12-09,9.7,216650000
2008-12-10,9.83,216650000
2008-12-11,10.25,216650000
2008-12-12,9.94,216650000
2008-12-15,10.19,215150000
2008-12-16,10.36,216250000
2008-12-17,10.84,216250000
2008-12-18,11.14,220250000
2008-12-19,10.47,220250000
2008-12-22,10.83,220250000
2008-12-23,10.56,220250000
2008-12-24,10.15,220250000
2008-12-26,10.15,221250000
2008-12-29,10.79,221250000
2008-12-30,10.69,221250000
2008-12-31,10.65,221250000
2009-01-02,10.93,221250000
2009-01-05,10.92,221250000
2009-01-06,10.71,221250000
2009-01-07,11.26,221250000
2009-01-08,10.73,223050000
2009-01-09,11.07,230150000
2009-01-12,10.94,230150000
2009-01-13,10.48,230150000
2009-01-14,10.63,232750000
2009-01-15,10.37,232750000
2009-01-16,10.63,232750000
2009-01-20,11.17,232750000
2009-01-21,11.19,232750000
2009-01-22,11.17,232750000
2009-01-23,11.3,232750000
2009-01-26,11.94,239250000
2009-01-27,11.75,242850000
2009-01-28,11.82,242850000
2009-01-29,11.58,242850000
2009-01-30,12.34,242850000
2009-02-02,12.26,242850000
2009-02-03,12.2,245450000
2009-02-04,12.23,245450000
2009-02-05,12.62,245450000
2009-02-06,12.71,245450000
2009-02-09,12.83,247950000
2009-02-10,12.78,247950000
2009-02-11,13.21,247950000
2009-02-12,13.16,247950000
2009-02-13,13.19,247950000
2009-02-17,13.71,249650000
2009-02-18,13.86,256650000
2009-02-19,14.06,257250000
2009-02-20,14.08,261650000
2009-02-23,14.16,266650000
2009-02-24,14.19,266650000
2009-02-25,13.62,266650000
2009-02-26,13.29,266650000
2009-02-27,13.02,262650000
2009-03-02,12.96,260250000
2009-03-03,12.5,260250000
2009-03-04,12.69,260250000
2009-03-05,12.96,257550000
2009-03-06,13.27,257550000
2009-03-09,13.17,257550000
2009-03-10,12.53,257550000
2009-03-11,12.44,257550000
2009-03-12,12.66,257550000
2009-03-13,12.92,257550000
2009-03-16,12.87,257550000
2009-03-17,12.68,257550000
2009-03-18,12.43,260850000
2009-03-19,12.94,260850000
2009-03-20,13.46,266750000
2009-03-23,13.56,266750000
2009-03-24,13.32,266750000
2009-03-25,12.97,266750000
2009-03-26,13.4,270550000
2009-03-27,13.03,270550000
2009-03-30,12.77,270550000
2009-03-31,12.92,270550000
2009-04-01,12.79,270550000
2009-04-02,12.69,270550000
2009-04-03,12.67,274450000
2009-04-06,12.23,274450000
2009-04-07,11.99,274450000
2009-04-08,12.1,274450000
2009-04-09,12.12,274450000
2009-04-13,12.12,274450000
2009-04-14,12.46,274450000
2009-04-15,12.75,274450000
2009-04-16,12.46,274450000
2009-04-17,11.8,274450000
2009-04-20,11.88,274450000
2009-04-21,11.96,274450000
2009-04-22,11.94,274450000
2009-04-23,12.25,274450000
2009-04-24,12.59,274450000
2009-04-27,12.79,274450000
2009-04-28,12.37,274450000
2009-04-29,12.31,274450000
2009-04-30,12.44,274450000
2009-05-01,11.97,274450000
2009-05-04,11.97,274450000
2009-05-05,12.91,274450000
2009-05-06,13.24,272450000
2009-05-07,13.8,272450000
2009-05-08,13.69,272450000
2009-05-11,13.69,272450000
2009-05-12,13.88,272450000
2009-05-13,13.93,272450000
2009-05-14,13.63,272450000
2009-05-15,13.71,272450000
2009-05-18,13.58,272450000
2009-05-19,13.67,272450000
2009-05-20,14.07,272450000
2009-05-21,14.01,272450000
2009-05-22,14.44,272450000
2009-05-26,14.08,272450000
2009-05-27,14.28,272450000
2009-05-28,14.65,272450000
2009-05-29,15.28,272450000
2009-06-01,15.62,280950000
2009-06-02,15.38,280950000
2009-06-03,15.73,280950000
2009-06-04,15.07,280950000
2009-06-05,15.41,280950000
2009-06-08,14.61,280950000
2009-06-09,14.7,280950000
2009-06-10,15.15,280950000
2009-06-11,14.86,280950000
2009-06-12,14.84,280950000
2009-06-15,14.09,280950000
2009-06-16,14.08,284850000
2009-06-17,13.8,284850000
2009-06-18,13.97,284850000
2009-06-19,14.01,284850000
2009-06-22,13.61,284850000
2009-06-23,13.56,284850000
2009-06-24,13.66,284850000
2009-06-25,13.65,284850000
2009-06-26,14.04,284850000
2009-06-29,13.85,284850000
2009-06-30,13.72,284850000
2009-07-01,13.44,284850000
2009-07-02,13.2,284850000
2009-07-06,12.82,284850000
2009-07-07,13.11,284850000
2009-07-08,12.84,284850000
2009-07-09,12.69,284850000
2009-07-10,12.43,284850000
2009-07-13,12.27,284850000
2009-07-14,12.68,286350000
2009-07-15,13.06,286350000
2009-07-16,13.0,286350000
2009-07-17,12.95,286350000
2009-07-20,13.52,286350000
2009-07-21,13.3,286350000
2009-07-22,13.19,286350000
2009-07-23,13.54,286350000
2009-07-24,13.56,286350000
2009-07-27,13.83,286350000
2009-07-28,13.8,286350000
2009-07-29,13.38,286350000
2009-07-30,13.18,286350000
2009-07-31,13.41,288350000
2009-08-03,14.06,288350000
2009-08-04,13.85,288350000
2009-08-05,14.43,288350000
2009-08-06,14.43,288350000
2009-08-07,14.41,288350000
2009-08-10,14.24,288350000
2009-08-11,14.12,288350000
2009-08-12,14.05,288350000
2009-08-13,14.83,288350000
2009-08-14,14.74,288350000
2009-08-17,13.9,288350000
2009-08-18,13.86,288350000
2009-08-19,13.36,288350000
2009-08-20,13.81,288350000
2009-08-21,13.78,288350000
2009-08-24,14.17,288350000
2009-08-25,13.88,288350000
2009-08-26,14.09,288350000
2009-08-27,13.97,285650000
2009-08-28,14.3,285650000
2009-08-31,14.3,285650000
2009-09-01,14.5,283250000
2009-09-02,14.66,283250000
2009-09-03,15.47,285250000
2009-09-04,15.69,285250000
2009-09-08,16.47,285250000
2009-09-09,15.97,285250000
2009-09-10,15.82,285250000
2009-09-11,16.61,285250000
2009-09-14,16.08,285250000
2009-09-15,16.24,285250000
2009-09-16,17.0,285250000
2009-09-17,17.09,285250000
2009-09-18,16.82,285250000
2009-09-21,16.4,285250000
2009-09-22,16.95,285250000
2009-09-23,16.81,285250000
2009-09-24,16.48,285250000
2009-09-25,15.93,281050000
2009-09-28,15.64,281050000
2009-09-29,15.8,281050000
2009-09-30,16.17,281050000
2009-10-01,16.27,281050000
2009-10-02,15.94,281050000
2009-10-05,15.96,281050000
2009-10-06,16.66,281050000
2009-10-07,17.11,281050000
2009-10-08,17.5,281050000
2009-10-09,17.33,281050000
2009-10-12,17.59,281050000
2009-10-13,17.68,281650000
2009-10-14,17.62,281650000
2009-10-15,17.24,281650000
2009-10-16,17.01,281650000
2009-10-19,17.22,281650000
2009-10-20,17.45,281650000
2009-10-21,17.09,281650000
2009-10-22,17.25,281650000
2009-10-23,17.35,281650000
2009-10-26,17.31,281650000
2009-10-27,16.77,281650000
2009-10-28,16.05,281650000
2009-10-29,16.05,285950000
2009-10-30,16.28,285950000
2009-11-02,16.29,285950000
2009-11-03,16.07,285950000
2009-11-04,17.18,285950000
2009-11-05,17.08,285950000
2009-11-06,17.22,285950000
2009-11-09,17.37,285950000
2009-11-10,16.96,285950000
2009-11-11,17.32,285950000
2009-11-12,17.2,291950000
2009-11-13,17.02,292950000
2009-11-16,17.43,292950000
2009-11-17,17.78,292950000
2009-11-18,18.41,295150000
2009-11-19,17.88,298250000
2009-11-20,17.86,298250000
2009-11-23,18.43,298250000
2009-11-24,18.24,302700000
2009-11-25,18.3,302700000
2009-11-27,17.66,302700000
2009-11-30,17.82,307700000
2009-12-01,18.39,307700000
2009-12-02,18.84,307700000
2009-12-03,18.77,311400000
2009-12-04,18.5,311400000
2009-12-07,17.72,311400000
2009-12-08,17.79,311400000
2009-12-09,17.45,311400000
2009-12-10,17.08,311400000
2009-12-11,17.2,311400000
2009-12-14,16.88,311400000
2009-12-15,16.87,311400000
2009-12-16,17.28,311400000
2009-12-17,17.09,311400000
2009-12-18,17.0,311400000
2009-12-21,16.96,311400000
2009-12-22,16.64,310700000
2009-12-23,16.62,310700000
2009-12-24,17.01,310700000
2009-12-28,17.01,310700000
2009-12-29,17.11,310700000
2009-12-30,16.61,310700000
2009-12-31,16.68,310700000
2010-01-04,16.86,310700000
2010-01-05,17.25,310700000
2010-01-06,17.56,310700000
2010-01-07,17.76,310700000
2010-01-08,17.79,310700000
2010-01-11,18.5,310700000
2010-01-12,18.07,310700000
2010-01-13,18.01,310700000
2010-01-14,18.24,305800000
2010-01-15,18.18,305800000
2010-01-19,18.16,305800000
2010-01-20,18.14,305800000
2010-01-21,17.35,305800000
2010-01-22,16.96,305800000
2010-01-25,16.84,305800000
2010-01-26,16.48,305800000
2010-01-27,16.43,307300000
2010-01-28,16.31,307300000
2010-01-29,15.99,307300000
2010-02-01,15.93,306350000
2010-02-02,16.47,306350000
2010-02-03,16.48,306350000
2010-02-04,15.83,306350000
2010-02-05,14.89,306350000
2010-02-08,14.86,307850000
2010-02-09,14.92,307850000
2010-02-10,15.31,307850000
2010-02-11,15.08,307850000
2010-02-12,15.04,309450000
2010-02-16,15.52,309450000
2010-02-17,15.91,309450000
2010-02-18,15.53,309450000
2010-02-19,15.65,309450000
2010-02-22,16.13,309450000
2010-02-23,15.8,309450000
2010-02-24,15.46,309450000
2010-02-25,15.62,309450000
2010-02-26,15.82,310450000
2010-03-01,16.19,310450000
2010-03-02,16.26,310450000
2010-03-03,16.84,310450000
2010-03-04,17.01,308450000
2010-03-05,16.92,308450000
2010-03-08,17.0,308450000
2010-03-09,16.73,306450000
2010-03-10,17.14,306450000
2010-03-11,16.59,304850000
2010-03-12,16.98,304850000
2010-03-15,16.69,304850000
2010-03-16,16.91,304850000
2010-03-17,17.2,304850000
2010-03-18,17.16,304850000
2010-03-19,16.98,304050000
2010-03-22,16.46,304050000
2010-03-23,16.46,304050000
2010-03-24,16.36,304050000
2010-03-25,16.47,304050000
2010-03-26,16.53,304050000
2010-03-29,16.82,304050000
2010-03-30,17.07,304050000
2010-03-31,17.16,304050000
2010-04-01,17.35,302050000
2010-04-05,17.35,300900000
2010-04-06,17.57,300900000
2010-04-07,17.62,300900000
2010-04-08,17.63,300900000
2010-04-09,17.98,300900000
2010-04-12,18.13,299400000
2010-04-13,17.81,299400000
2010-04-14,18.03,295900000
2010-04-15,17.91,293700000
2010-04-16,17.99,292200000
2010-04-19,17.16,292200000
2010-04-20,17.65,292200000
2010-04-21,17.47,292200000
2010-04-22,17.63,292200000
2010-04-23,17.54,292200000
2010-04-26,17.99,292200000
2010-04-27,17.8,292200000
2010-04-28,17.61,292200000
2010-04-29,17.79,292200000
2010-04-30,18.25,292200000
2010-05-03,18.25,292200000
2010-05-04,18.34,292200000
2010-05-05,17.28,293300000
2010-05-06,17.34,295550000
2010-05-07,17.35,298050000
2010-05-10,18.09,298050000
2010-05-11,18.05,298950000
2010-05-12,19.2,298950000
2010-05-13,19.04,301450000
2010-05-14,19.25,301450000
2010-05-17,18.73,301450000
2010-05-18,18.44,301450000
2010-05-19,18.16,301450000
2010-05-20,17.57,301450000
2010-05-21,17.37,301450000
2010-05-24,17.42,301450000
2010-05-25,17.28,301450000
2010-05-26,17.9,301450000
2010-05-27,17.99,302350000
2010-05-28,18.16,303650000
2010-06-01,17.93,303650000
2010-06-02,18.06,303650000
2010-06-03,17.9,303650000
2010-06-04,17.4,302150000
2010-06-07,17.01,302150000
2010-06-08,17.97,302150000
2010-06-09,17.9,302150000
2010-06-10,17.62,302150000
2010-06-11,17.94,302150000
2010-06-14,18.06,302150000
2010-06-15,18.05,302150000
2010-06-16,18.13,302150000
2010-06-17,18.12,302150000
2010-06-18,18.39,302150000
2010-06-21,18.98,302150000
2010-06-22,18.24,302150000
2010-06-23,18.52,302150000
2010-06-24,18.0,301100000
2010-06-25,18.27,301100000
2010-06-28,18.72,301100000
2010-06-29,18.19,301100000
2010-06-30,18.36,301100000
2010-07-01,18.27,300400000
2010-07-02,17.61,300400000
2010-07-06,17.48,300400000
2010-07-07,17.29,300400000
2010-07-08,17.63,300400000
2010-07-09,17.5,300400000
2010-07-12,17.69,300400000
2010-07-13,17.63,301500000
2010-07-14,17.91,301500000
2010-07-15,18.04,301500000
2010-07-16,17.87,301500000
2010-07-19,17.41,301500000
2010-07-20,17.19,301500000
2010-07-21,17.51,301500000
2010-07-22,17.45,301500000
2010-07-23,17.79,301500000
2010-07-26,17.63,301500000
2010-07-27,17.78,301500000
2010-07-28,17.26,301500000
2010-07-29,17.23,301500000
2010-07-30,17.29,301500000
2010-08-02,17.73,301500000
2010-08-03,18.03,301500000
2010-08-04,18.11,301500000
2010-08-05,17.96,300500000
2010-08-06,17.92,300500000
2010-08-09,18.09,300500000
2010-08-10,17.71,300500000
2010-08-11,17.74,300500000
2010-08-12,17.54,300500000
2010-08-13,17.68,300500000
2010-08-16,17.82,300500000
2010-08-17,18.15,300500000
2010-08-18,17.97,300500000
2010-08-19,18.06,300500000
2010-08-20,17.76,300500000
2010-08-23,17.56,300500000
2010-08-24,17.5,301300000
2010-08-25,18.23,301300000
2010-08-26,18.7,302000000
2010-08-27,18.63,302000000
2010-08-30,18.62,302000000
2010-08-31,18.47,303000000
2010-09-01,19.05,304750000
2010-09-02,19.03,304750000
2010-09-03,19.24,304750000
2010-09-07,19.23,304750000
2010-09-08,19.59,304750000
2010-09-09,19.54,305750000
2010-09-10,19.47,305750000
2010-09-13,19.5,305750000
2010-09-14,19.87,305750000
2010-09-15,20.0,306950000
2010-09-16,20.31,306950000
2010-09-17,20.4,308200000
2010-09-20,20.46,308200000
2010-09-21,20.31,312400000
2010-09-22,20.62,312400000
2010-09-23,20.62,314800000
2010-09-24,20.89,315800000
2010-09-27,21.07,315800000
2010-09-28,20.71,320500000
2010-09-29,21.4,321500000
2010-09-30,21.59,321500000
2010-10-01,21.47,321500000
2010-10-04,21.55,321500000
2010-10-05,21.76,324600000
2010-10-06,22.42,326800000
2010-10-07,22.87,328550000
2010-10-08,21.88,331450000
2010-10-11,22.8,331450000
2010-10-12,22.53,331450000
2010-10-13,23.02,332750000
2010-10-14,23.95,334000000
2010-10-15,23.89,336000000
2010-10-18,23.49,336000000
2010-10-19,23.73,336000000
2010-10-20,23.19,336000000
2010-10-21,23.38,336000000
2010-10-22,22.54,336000000
2010-10-25,23.19,336000000
2010-10-26,22.96,336000000
2010-10-27,23.25,336000000
2010-10-28,23.21,334600000
2010-10-29,23.43,333300000
2010-11-01,24.36,333300000
2010-11-02,24.18,333300000
2010-11-03,24.45,333300000
2010-11-04,24.82,333300000
2010-11-05,25.56,335200000
2010-11-08,26.13,337100000
2010-11-09,27.92,340800000
2010-11-10,26.92,352400000
2010-11-11,27.13,352400000
2010-11-12,26.19,352400000
2010-11-15,25.43,352400000
2010-11-16,24.91,354200000
2010-11-17,24.64,354200000
2010-11-18,25.98,354200000
2010-11-19,26.47,355550000
2010-11-22,26.81,356450000
2010-11-23,26.7,358150000
2010-11-24,26.8,358150000
2010-11-26,26.02,352150000
2010-11-29,26.14,352150000
2010-11-30,26.52,352700000
2010-12-01,28.09,354500000
2010-12-02,27.86,354500000
2010-12-03,28.09,354500000
2010-12-06,28.93,355750000
2010-12-07,29.81,359850000
2010-12-08,28.37,359850000
2010-12-09,27.77,359850000
2010-12-10,28.14,359850000
2010-12-13,28.67,358200000
2010-12-14,29.2,360600000
2010-12-15,28.4,360600000
2010-12-16,28.49,360600000
2010-12-17,28.13,358600000
2010-12-20,28.55,358600000
2010-12-21,28.59,358600000
2010-12-22,28.68,358600000
2010-12-23,28.52,358600000
2010-12-27,28.51,358600000
2010-12-28,28.41,358600000
2010-12-29,29.75,358600000
2010-12-30,30.0,358600000
2010-12-31,29.93,359200000
2011-01-03,29.93,359200000
2011-01-04,29.97,359200000
2011-01-05,28.54,359200000
2011-01-06,28.41,358400000
2011-01-07,27.74,356650000
2011-01-10,28.13,354900000
2011-01-11,28.86,352900000
2011-01-12,28.92,352900000
2011-01-13,28.55,352900000
2011-01-14,27.86,352900000
2011-01-18,28.13,348300000
2011-01-19,28.64,347950000
2011-01-20,27.75,346350000
2011-01-21,26.51,342000000
2011-01-24,26.92,344750000
2011-01-25,26.08,343750000
2011-01-26,26.47,343750000
2011-01-27,26.75,343050000
2011-01-28,26.06,343050000
2011-01-31,27.1,343050000
2011-02-01,27.66,342350000
2011-02-02,27.61,342350000
2011-02-03,27.64,341350000
2011-02-04,28.24,341350000
2011-02-07,28.53,341350000
2011-02-08,28.73,341350000
2011-02-09,29.51,341350000
2011-02-10,29.1,341950000
2011-02-11,29.3,341950000
2011-02-14,29.45,342700000
2011-02-15,30.0,342700000
2011-02-16,30.05,342700000
2011-02-17,29.89,343600000
2011-02-18,31.19,346250000
2011-02-22,32.12,340450000
2011-02-23,32.51,348100000
2011-02-24,32.5,351100000
2011-02-25,31.77,351100000
2011-02-28,32.7,351100000
2011-03-01,33.56,352000000
2011-03-02,33.93,354450000
2011-03-03,33.71,355450000
2011-03-04,33.62,355450000
2011-03-07,35.73,358850000
2011-03-08,35.51,359350000
2011-03-09,35.31,361350000
2011-03-10,34.36,361350000
2011-03-11,33.29,360800000
2011-03-14,35.32,360800000
2011-03-15,33.07,359150000
2011-03-16,33.9,360400000
2011-03-17,33.65,360400000
2011-03-18,34.31,360900000
2011-03-21,35.3,360900000
2011-03-22,35.09,360900000
2011-03-23,35.71,360900000
2011-03-24,36.88,366800000
2011-03-25,36.78,366800000
2011-03-28,35.74,366800000
2011-03-29,35.74,366800000
2011-03-30,36.63,366800000
2011-03-31,36.96,366800000
2011-04-01,36.73,366800000
2011-04-04,37.54,367700000
2011-04-05,37.16,367700000
2011-04-06,38.68,367700000
2011-04-07,38.56,368700000
2011-04-08,39.25,370350000
2011-04-11,40.37,370350000
2011-04-12,39.46,369350000
2011-04-13,39.25,361350000
2011-04-14,39.69,361500000
2011-04-15,41.58,363800000
2011-04-18,41.75,363800000
2011-04-19,42.17,366200000
2011-04-20,43.71,368400000
2011-04-21,45.14,367300000
2011-04-25,45.14,375200000
2011-04-26,44.37,370650000
2011-04-27,44.2,364100000
2011-04-28,47.52,364100000
2011-04-29,47.52,363050000
2011-05-02,47.51,362800000
2011-05-03,42.55,359350000
2011-05-04,39.31,342300000
2011-05-05,36.91,338400000
2011-05-06,33.36,337900000
2011-05-09,37.07,348150000
2011-05-10,37.46,348850000
2011-05-11,38.22,347350000
2011-05-12,31.7,346550000
2011-05-13,35.31,347150000
2011-05-16,33.5,345450000
2011-05-17,33.44,345600000
2011-05-18,33.74,344250000
2011-05-19,34.87,336250000
2011-05-20,33.94,334550000
2011-05-23,33.84,334050000
2011-05-24,34.96,332350000
2011-05-25,36.25,327600000
2011-05-26,36.04,327600000
2011-05-27,36.76,327600000
2011-05-31,37.69,327600000
2011-06-01,37.01,327600000
2011-06-02,36.3,327600000
2011-06-03,34.32,325900000
2011-06-06,35.95,325900000
2011-06-07,36.48,326850000
2011-06-08,35.32,326850000
2011-06-09,36.11,326850000
2011-06-10,36.45,326850000
2011-06-13,34.62,320050000
2011-06-14,33.81,318650000
2011-06-15,34.38,318650000
2011-06-16,34.66,317800000
2011-06-17,34.5,317350000
2011-06-20,34.69,314350000
2011-06-21,35.31,314350000
2011-06-22,35.01,315150000
2011-06-23,35.11,316100000
2011-06-24,33.86,317200000
2011-06-27,33.15,317200000
2011-06-28,33.1,316500000
2011-06-29,33.52,315850000
2011-06-30,34.14,314400000
2011-07-01,33.0,314400000
2011-07-05,33.88,314400000
2011-07-06,34.49,314400000
2011-07-07,34.95,314400000
2011-07-08,35.36,314400000
2011-07-11,35.44,313350000
2011-07-12,34.02,313350000
2011-07-13,35.82,317750000
2011-07-14,38.4,317750000
2011-07-15,37.2,317750000
2011-07-18,39.3,319050000
2011-07-19,39.29,325350000
2011-07-20,37.61,323350000
2011-07-21,38.77,324850000
2011-07-22,38.66,324850000
2011-07-25,39.74,326250000
2011-07-26,39.31,327050000
2011-07-27,39.77,327050000
2011-07-28,39.16,327050000
2011-07-29,38.62,327050000
2011-08-01,38.3,324050000
2011-08-02,38.71,324050000
2011-08-03,39.99,325300000
2011-08-04,40.55,330300000
2011-08-05,38.23,330300000
2011-08-08,38.84,326350000
2011-08-09,37.37,326350000
2011-08-10,37.32,322450000
2011-08-11,38.17,322450000
2011-08-12,37.3,320250000
2011-08-15,38.17,320250000
2011-08-16,38.34,320250000
2011-08-17,38.99,320950000
2011-08-18,39.28,321550000
2011-08-19,40.9,321550000
2011-08-22,42.36,322150000
2011-08-23,41.77,326550000
2011-08-24,40.99,324550000
2011-08-25,37.99,320250000
2011-08-26,39.99,320750000
2011-08-29,39.99,321600000
2011-08-30,39.84,321600000
2011-08-31,40.27,321600000
2011-09-01,40.39,321600000
2011-09-02,41.39,322900000
2011-09-06,40.76,322900000
2011-09-07,39.91,325300000
2011-09-08,41.04,325050000
2011-09-09,40.32,325050000
2011-09-12,39.74,327650000
2011-09-13,38.97,328650000
2011-09-14,40.15,328650000
2011-09-15,39.28,328650000
2011-09-16,38.92,328650000
2011-09-19,39.4,328650000
2011-09-20,38.15,327500000
2011-09-21,39.19,326750000
2011-09-22,36.85,325750000
2011-09-23,32.03,325750000
2011-09-26,27.41,328600000
2011-09-27,32.61,332400000
2011-09-28,30.22,332400000
2011-09-29,29.39,331650000
2011-09-30,29.64,329950000
2011-10-03,30.23,329950000
2011-10-04,29.79,329950000
2011-10-05,27.93,329950000
2011-10-06,30.95,329950000
2011-10-07,31.13,330450000
2011-10-10,31.37,328750000
2011-10-11,30.53,328750000
2011-10-12,32.01,328750000
2011-10-13,31.12,328750000
2011-10-14,30.97,328750000
2011-10-17,31.44,328750000
2011-10-18,30.17,326750000
2011-10-19,31.11,326750000
2011-10-20,29.97,326100000
2011-10-21,29.97,325000000
2011-10-24,30.85,325000000
2011-10-25,31.14,321500000
2011-10-26,32.41,321500000
2011-10-27,32.65,321500000
2011-10-28,34.47,322450000
2011-10-31,33.32,322450000
2011-11-01,32.08,323000000
2011-11-02,32.92,323000000
2011-11-03,33.78,322800000
2011-11-04,33.03,322800000
2011-11-07,33.55,322400000
2011-11-08,33.7,323250000
2011-11-09,33.65,323250000
2011-11-10,32.8,323250000
2011-11-11,32.86,323250000
2011-11-14,33.45,323250000
2011-11-15,33.1,323250000
2011-11-16,33.52,323250000
2011-11-17,32.4,323250000
2011-11-18,31.37,321000000
2011-11-21,30.06,320000000
2011-11-22,30.98,320000000
2011-11-23,30.65,318100000
2011-11-25,30.39,318100000
2011-11-28,31.13,318100000
2011-11-29,31.09,318100000
2011-11-30,30.49,320700000
2011-12-01,32.37,320700000
2011-12-02,32.24,320700000
2011-12-05,31.59,320700000
2011-12-06,30.98,320500000
2011-12-07,31.56,321500000
2011-12-08,31.75,322900000
2011-12-09,31.12,322900000
2011-12-12,30.36,322900000
2011-12-13,30.48,322900000
2011-12-14,29.1,322900000
2011-12-15,28.01,322050000
2011-12-16,28.96,322050000
2011-12-19,27.99,320550000
2011-12-20,28.47,320550000
2011-12-21,28.93,320550000
2011-12-22,28.49,320600000
2011-12-23,28.41,317500000
2011-12-27,28.41,317500000
2011-12-28,27.86,317500000
2011-12-29,25.43,317500000
2011-12-30,27.4,317500000
2012-01-03,27.98,317500000
2012-01-04,28.37,315700000
2012-01-05,28.12,314700000
2012-01-06,28.58,314700000
2012-01-09,28.05,314700000
2012-01-10,28.86,314700000
2012-01-11,28.98,314700000
2012-01-12,29.73,314700000
2012-01-13,28.81,314700000
2012-01-17,29.56,314700000
2012-01-18,29.31,314700000
2012-01-19,29.93,314700000
2012-01-20,29.51,314700000
2012-01-23,31.54,314700000
2012-01-24,31.05,314500000
2012-01-25,30.78,314500000
2012-01-26,32.41,314500000
2012-01-27,32.54,314500000
2012-01-30,32.25,317750000
2012-01-31,32.66,317750000
2012-02-01,32.85,317750000
2012-02-02,32.72,318300000
2012-02-03,32.97,319200000
2012-02-06,32.58,319700000
2012-02-07,32.34,319700000
2012-02-08,33.4,319700000
2012-02-09,32.85,320900000
2012-02-10,32.6,320900000
2012-02-13,32.88,319500000
2012-02-14,32.56,318400000
2012-02-15,32.74,317300000
2012-02-16,32.24,317300000
2012-02-17,32.53,317300000
2012-02-21,32.69,316600000
2012-02-22,33.11,316600000
2012-02-23,33.57,318650000
2012-02-24,34.56,320650000
2012-02-27,34.09,321400000
2012-02-28,34.59,322200000
2012-02-29,36.17,322200000
2012-03-01,33.57,323100000
2012-03-02,34.21,323100000
2012-03-05,33.2,324500000
2012-03-06,32.27,323100000
2012-03-07,32.22,323100000
2012-03-08,33.12,323100000
2012-03-09,32.9,323100000
2012-03-12,32.8,322750000
2012-03-13,32.62,322750000
2012-03-14,31.9,322750000
2012-03-15,31.43,322750000
2012-03-16,31.34,322750000
2012-03-19,31.51,322750000
2012-03-20,31.29,322750000
2012-03-21,31.05,321900000
2012-03-22,30.87,321900000
2012-03-23,30.63,321550000
2012-03-26,31.3,321550000
2012-03-27,32.06,321550000
2012-03-28,31.49,321550000
2012-03-29,30.87,322550000
2012-03-30,31.49,322150000
2012-04-02,31.48,320450000
2012-04-03,32.02,320450000
2012-04-04,31.05,318500000
2012-04-05,30.36,320000000
2012-04-09,30.36,320000000
2012-04-10,30.63,318700000
2012-04-11,30.78,318700000
2012-04-12,30.56,318450000
2012-04-13,31.42,317550000
2012-04-16,30.41,319050000
2012-04-17,30.72,319050000
2012-04-18,30.69,319050000
2012-04-19,30.55,317550000
2012-04-20,30.86,316250000
2012-04-23,30.25,316250000
2012-04-24,29.96,316250000
2012-04-25,29.98,316250000
2012-04-26,29.8,316250000
2012-04-27,30.23,316250000
2012-04-30,30.29,316250000
2012-05-01,29.88,316250000
2012-05-02,29.62,315900000
2012-05-03,29.47,315900000
2012-05-04,29.02,317500000
2012-05-07,29.02,317500000
2012-05-08,28.71,317500000
2012-05-09,27.92,313500000
2012-05-10,28.39,313500000
2012-05-11,27.74,313500000
2012-05-14,27.49,315200000
2012-05-15,27.45,315200000
2012-05-16,26.44,315200000
2012-05-17,26.67,318600000
2012-05-18,27.64,319600000
2012-05-21,27.55,319600000
2012-05-22,27.24,319600000
2012-05-23,26.94,319600000
2012-05-24,27.25,320100000
2012-05-25,27.4,320100000
2012-05-29,27.41,318600000
2012-05-30,26.86,319400000
2012-05-31,27.26,319400000
2012-06-01,26.57,319400000
2012-06-04,26.56,319400000
2012-06-05,26.56,320400000
2012-06-06,28.48,321400000
2012-06-07,28.41,320400000
2012-06-08,27.33,320400000
2012-06-11,27.77,320400000
2012-06-12,27.69,321300000
2012-06-13,28.01,321300000
2012-06-14,28.02,321300000
2012-06-15,27.8,322900000
2012-06-18,27.58,324900000
2012-06-19,27.95,325450000
2012-06-20,27.46,325450000
2012-06-21,27.04,325450000
2012-06-22,26.0,327250000
2012-06-25,25.92,327250000
2012-06-26,26.61,327250000
2012-06-27,26.03,327250000
2012-06-28,26.0,327250000
2012-06-29,26.26,325450000
2012-07-02,26.53,320950000
2012-07-03,27.08,320950000
2012-07-05,27.47,320950000
2012-07-06,26.49,320950000
2012-07-09,26.42,322550000
2012-07-10,26.73,322550000
2012-07-11,26.29,322550000
2012-07-12,25.86,322550000
2012-07-13,26.65,321450000
2012-07-16,26.23,321450000
2012-07-17,26.59,321450000
2012-07-18,26.21,321450000
2012-07-19,26.62,321450000
2012-07-20,26.25,321450000
2012-07-23,26.13,321850000
2012-07-24,26.11,319550000
2012-07-25,26.28,319550000
2012-07-26,26.96,319550000
2012-07-27,26.88,319550000
2012-07-30,26.8,319550000
2012-07-31,27.34,321150000
2012-08-01,27.02,321850000
2012-08-02,26.58,323650000
2012-08-03,26.42,323650000
2012-08-06,26.87,323100000
2012-08-07,27.14,323100000
2012-08-08,26.99,323100000
2012-08-09,27.16,323100000
2012-08-10,27.02,323100000
2012-08-13,27.19,323100000
2012-08-14,26.98,321400000
2012-08-15,26.79,322800000
2012-08-16,26.98,322800000
2012-08-17,27.33,322800000
2012-08-20,27.23,322800000
2012-08-21,28.03,322800000
2012-08-22,28.43,324500000
2012-08-23,29.38,325700000
2012-08-24,29.43,324200000
2012-08-27,29.43,324200000
2012-08-28,29.86,323800000
2012-08-29,29.78,323800000
2012-08-30,29.71,322400000
2012-08-31,29.58,320750000
2012-09-04,31.09,319800000
2012-09-05,31.11,322950000
2012-09-06,31.85,322950000
2012-09-07,31.22,322950000
2012-09-10,32.56,325250000
2012-09-11,32.48,325250000
2012-09-12,32.88,324850000
2012-09-13,31.97,324100000
2012-09-14,33.63,324100000
2012-09-17,33.45,326500000
2012-09-18,33.0,326500000
2012-09-19,33.57,327900000
2012-09-20,33.18,329800000
2012-09-21,33.61,329800000
2012-09-24,32.68,332300000
2012-09-25,32.95,332300000
2012-09-26,32.82,333300000
2012-09-27,32.89,333300000
2012-09-28,33.57,329300000
2012-10-01,33.27,329750000
2012-10-02,33.76,329250000
2012-10-03,33.63,329250000
2012-10-04,33.86,329250000
2012-10-05,33.76,329250000
2012-10-08,32.79,329250000
2012-10-09,32.81,329250000
2012-10-10,32.73,329250000
2012-10-11,33.17,328400000
2012-10-12,32.73,328400000
2012-10-15,32.17,328100000
2012-10-16,31.77,327300000
2012-10-17,31.99,327300000
2012-10-18,31.95,328200000
2012-10-19,31.31,328200000
2012-10-22,31.15,328200000
2012-10-23,30.71,329200000
2012-10-24,30.94,328350000
2012-10-25,31.06,329350000
2012-10-26,30.67,329350000
2012-10-31,31.26,329350000
2012-11-01,31.62,330150000
2012-11-02,30.91,330150000
2012-11-05,29.93,331050000
2012-11-06,30.4,331450000
2012-11-07,31.12,331450000
2012-11-08,30.69,333050000
2012-11-09,31.14,334550000
2012-11-12,31.59,333900000
2012-11-13,31.54,333050000
2012-11-14,31.44,333050000
2012-11-15,31.53,331550000
2012-11-16,31.24,330050000
2012-11-19,31.63,328550000
2012-11-20,32.13,328050000
2012-11-21,31.95,326000000
2012-11-23,32.34,326000000
2012-11-26,32.99,326000000
2012-11-27,32.96,326000000
2012-11-28,32.76,325500000
2012-11-29,32.68,324750000
2012-11-30,33.18,324000000
2012-12-03,32.35,324000000
2012-12-04,32.23,325200000
2012-12-05,32.01,326500000
2012-12-06,31.77,326500000
2012-12-07,31.79,326500000
2012-12-10,32.26,326500000
2012-12-11,32.1,326500000
2012-12-12,32.03,326500000
2012-12-13,31.63,327900000
2012-12-14,31.47,327900000
2012-12-17,31.17,327900000
2012-12-18,31.33,327900000
2012-12-19,30.35,327900000
2012-12-20,30.11,328700000
2012-12-21,28.92,333700000
2012-12-24,29.21,333700000
2012-12-26,29.21,333700000
2012-12-27,28.78,333700000
2012-12-28,29.17,333700000
2012-12-31,28.98,335000000
2013-01-02,29.86,335000000
2013-01-03,29.9,335000000
2013-01-04,28.36,334350000
2013-01-07,29.16,336050000
2013-01-08,29.4,336050000
2013-01-09,29.4,336050000
2013-01-10,29.49,336750000
2013-01-11,29.67,336750000
2013-01-14,29.75,336750000
2013-01-15,30.17,337750000
2013-01-16,30.21,356750000
2013-01-17,30.47,356750000
2013-01-18,30.78,356750000
2013-01-22,30.89,355250000
2013-01-23,31.17,355250000
2013-01-24,30.8,348850000
2013-01-25,30.52,347900000
2013-01-28,29.85,347050000
2013-01-29,30.04,347050000
2013-01-30,30.32,347050000
2013-01-31,30.98,344900000
2013-02-01,30.39,346450000
2013-02-04,30.47,346450000
2013-02-05,30.95,346450000
2013-02-06,30.65,346450000
2013-02-07,30.7,347300000
2013-02-08,30.48,348900000
2013-02-11,30.13,348900000
2013-02-12,29.82,348900000
2013-02-13,30.01,348900000
2013-02-14,29.86,349800000
2013-02-15,29.18,349800000
2013-02-19,29.0,349800000
2013-02-20,28.14,350400000
2013-02-21,27.77,352500000
2013-02-22,27.83,352500000
2013-02-25,28.2,352500000
2013-02-26,27.79,352500000
2013-02-27,28.1,353000000
2013-02-28,27.99,353700000
2013-03-01,27.08,354100000
2013-03-04,27.73,354100000
2013-03-05,27.96,354100000
2013-03-06,27.78,354100000
2013-03-07,28.04,354100000
2013-03-08,27.82,354100000
2013-03-11,27.93,354100000
2013-03-12,28.27,356000000
2013-03-13,28.14,356000000
2013-03-14,27.68,356000000
2013-03-15,27.94,357000000
2013-03-18,27.83,357000000
2013-03-19,27.88,352000000
2013-03-20,27.93,352000000
2013-03-21,27.94,353750000
2013-03-22,28.08,355500000
2013-03-25,27.7,355500000
2013-03-26,27.86,355500000
2013-03-27,27.38,356000000
2013-03-28,27.67,356000000
2013-04-01,27.67,356000000
2013-04-02,27.02,356000000
2013-04-03,26.27,355300000
2013-04-04,25.89,355300000
2013-04-05,26.06,349300000
2013-04-08,26.35,349300000
2013-04-09,26.33,349300000
2013-04-10,26.8,349300000
2013-04-11,26.64,349300000
2013-04-12,26.47,349300000
2013-04-15,22.74,347750000
2013-04-16,22.67,347750000
2013-04-17,22.52,347750000
2013-04-18,22.71,347750000
2013-04-19,22.85,347750000
2013-04-22,22.8,347750000
2013-04-23,22.23,343350000
2013-04-24,22.13,343350000
2013-04-25,22.5,344950000
2013-04-26,23.2,345800000
2013-04-29,23.44,346300000
2013-04-30,23.59,347800000
2013-05-01,23.15,347800000
2013-05-02,22.88,347250000
2013-05-03,23.42,347250000
2013-05-06,23.42,347250000
2013-05-07,22.94,347250000
2013-05-08,23.04,347550000
2013-05-09,23.24,347550000
2013-05-10,22.57,347550000
2013-05-13,22.85,347550000
2013-05-14,22.63,347550000
2013-05-15,22.08,345950000
2013-05-16,21.49,343600000
2013-05-17,21.74,341300000
2013-05-20,20.91,339500000
2013-05-21,21.67,339500000
2013-05-22,21.84,333650000
2013-05-23,21.69,333650000
2013-05-24,21.61,333650000
2013-05-28,21.59,333650000
2013-05-29,21.59,332650000
2013-05-30,21.9,332650000
2013-05-31,21.79,332650000
2013-06-03,21.65,332650000
2013-06-04,21.73,332650000
2013-06-05,21.59,332650000
2013-06-06,21.84,332650000
2013-06-07,21.82,332650000
2013-06-10,21.05,332650000
2013-06-11,20.83,333000000
2013-06-12,21.02,333000000
2013-06-13,21.07,333000000
2013-06-14,20.94,333000000
2013-06-17,21.11,333000000
2013-06-18,21.04,333000000
2013-06-19,20.87,333000000
2013-06-20,19.53,332500000
2013-06-21,19.18,335500000
2013-06-24,18.96,329100000
2013-06-25,19.08,329100000
2013-06-26,18.02,329400000
2013-06-27,17.96,329900000
2013-06-28,18.2,329900000
2013-07-01,18.76,329900000
2013-07-02,18.93,331900000
2013-07-03,18.86,331900000
2013-07-05,18.64,334900000
2013-07-08,18.49,334350000
2013-07-09,18.43,334350000
2013-07-10,18.69,337350000
2013-07-11,19.15,337350000
2013-07-12,18.97,339350000
2013-07-15,19.12,339350000
2013-07-16,19.25,340150000
2013-07-17,19.13,340150000
2013-07-18,18.8,342650000
2013-07-19,18.73,342650000
2013-07-22,19.25,342650000
2013-07-23,19.47,342650000
2013-07-24,19.67,347450000
2013-07-25,19.22,347450000
2013-07-26,19.31,347150000
2013-07-29,19.39,347150000
2013-07-30,18.98,347150000
2013-07-31,19.23,347150000
2013-08-01,19.02,346550000
2013-08-02,18.77,346550000
2013-08-05,19.06,346550000
2013-08-06,19.08,346550000
2013-08-07,18.58,346550000
2013-08-08,19.03,346550000
2013-08-09,19.59,346550000
2013-08-12,20.09,346550000
2013-08-13,20.7,348450000
2013-08-14,20.73,348450000
2013-08-15,21.22,350850000
2013-08-16,22.02,350850000
2013-08-19,22.4,350850000
2013-08-20,22.05,351850000
2013-08-21,22.12,351850000
2013-08-22,22.25,351850000
2013-08-23,22.24,351850000
2013-08-26,22.24,351850000
2013-08-27,23.42,353350000
2013-08-28,23.85,353350000
2013-08-29,23.25,353350000
2013-08-30,22.79,351250000
2013-09-03,23.34,351250000
2013-09-04,22.86,351250000
2013-09-05,22.68,351250000
2013-09-06,22.22,351250000
2013-09-09,22.79,351250000
2013-09-10,22.48,352250000
2013-09-11,22.09,352250000
2013-09-12,21.85,352250000
2013-09-13,20.94,350050000
2013-09-16,21.09,350050000
2013-09-17,21.18,350050000
2013-09-18,20.7,350050000
2013-09-19,22.17,353550000
2013-09-20,21.92,353550000
2013-09-24,20.66,354450000
2013-09-25,20.9,354450000
2013-09-26,21.18,354450000
2013-09-27,20.83,354450000
2013-09-30,20.89,354450000
2013-10-01,20.91,354450000
2013-10-02,20.37,354450000
2013-10-03,20.79,354450000
2013-10-04,20.86,354450000
2013-10-07,20.98,352450000
2013-10-08,21.49,352450000
2013-10-09,21.3,352450000
2013-10-10,21.13,352450000
2013-10-11,20.74,350450000
2013-10-14,20.74,348450000
2013-10-15,19.74,346650000
2013-10-16,20.54,346650000
2013-10-17,20.93,346650000
2013-10-18,21.07,346650000
2013-10-21,21.28,346650000
2013-10-22,21.25,345850000
2013-10-23,21.71,348350000
2013-10-24,21.84,348350000
2013-10-25,21.53,348350000
2013-10-28,21.72,350350000
2013-10-29,21.49,350350000
2013-10-30,21.91,350350000
2013-10-31,21.39,350350000
2013-11-01,20.95,350350000
2013-11-04,21.05,350350000
2013-11-05,20.81,350350000
2013-11-06,21.13,350350000
2013-11-07,20.95,350350000
2013-11-08,20.9,350350000
2013-11-11,20.61,348550000
2013-11-12,20.32,348550000
2013-11-13,19.94,348550000
2013-11-14,20.01,346850000
2013-11-15,19.87,347250000
2013-11-18,19.88,347250000
2013-11-19,19.69,347250000
2013-11-20,19.49,347250000
2013-11-21,19.23,347250000
2013-11-22,19.19,345750000
2013-11-25,18.98,344750000
2013-11-26,19.37,344050000
2013-11-27,19.24,344050000
2013-11-29,19.19,344050000
2013-12-02,19.02,344050000
2013-12-03,18.46,344050000
2013-12-04,18.34,344050000
2013-12-05,18.74,344050000
2013-12-06,18.77,344050000
2013-12-09,18.77,342050000
2013-12-10,19.3,340850000
2013-12-11,19.63,340850000
2013-12-12,19.06,339350000
2013-12-13,18.82,338550000
2013-12-16,18.77,338550000
2013-12-17,19.27,338550000
2013-12-18,19.2,338550000
2013-12-19,18.62,338550000
2013-12-20,18.61,338550000
2013-12-23,18.65,338200000
2013-12-24,18.67,334200000
2013-12-26,18.67,334200000
2013-12-27,19.17,332500000
2013-12-30,18.91,332500000
2013-12-31,18.77,332500000
2014-01-02,19.19,332500000
2014-01-03,19.42,331000000
2014-01-06,19.29,331000000
2014-01-07,19.27,331000000
2014-01-08,18.79,331000000
2014-01-09,18.81,332500000
2014-01-10,19.06,332500000
2014-01-13,19.33,330500000
2014-01-14,19.51,330500000
2014-01-15,19.33,330500000
2014-01-16,19.25,330500000
2014-01-17,19.26,335000000
2014-01-21,19.27,335000000
2014-01-22,19.12,335000000
2014-01-23,19.35,335000000
2014-01-24,19.43,335000000
2014-01-27,19.08,335000000
2014-01-28,18.97,335000000
2014-01-29,18.93,335000000
2014-01-30,18.67,335000000
2014-01-31,18.58,337200000
2014-02-03,18.54,337200000
2014-02-04,18.61,337200000
2014-02-05,18.88,337200000
2014-02-06,19.38,335700000
2014-02-07,19.12,335700000
2014-02-10,19.43,335700000
2014-02-11,19.4,337200000
2014-02-12,19.43,337200000
2014-02-13,19.5,337200000
2014-02-14,20.29,335200000
2014-02-18,20.56,339200000
2014-02-19,20.92,339200000
2014-02-20,20.77,336900000
2014-02-21,20.91,339100000
2014-02-24,21.21,339500000
2014-02-25,20.9,341000000
2014-02-26,21.01,341000000
2014-02-27,20.56,341000000
2014-02-28,20.46,341000000
2014-03-03,20.64,339800000
2014-03-04,20.34,339800000
2014-03-05,20.5,339800000
2014-03-06,20.3,339800000
2014-03-07,20.56,339800000
2014-03-10,20.18,339800000
2014-03-11,20.43,339800000
2014-03-12,20.16,339800000
2014-03-13,20.42,339800000
2014-03-14,20.54,339800000
2014-03-17,20.4,339800000
2014-03-18,20.13,339800000
2014-03-19,19.95,339800000
2014-03-20,19.39,339800000
2014-03-21,19.76,339800000
2014-03-24,19.42,339800000
2014-03-25,19.23,339800000
2014-03-26,19.26,339800000
2014-03-27,18.92,339800000
2014-03-28,18.95,339800000
2014-03-31,19.2,341400000
2014-04-01,19.03,341400000
2014-04-02,19.05,341400000
2014-04-03,19.06,342100000
2014-04-04,19.16,342100000
2014-04-07,19.04,342100000
2014-04-08,19.37,342100000
2014-04-09,19.12,342100000
2014-04-10,19.45,342100000
2014-04-11,19.31,342100000
2014-04-14,18.97,342100000
2014-04-15,19.0,342100000
2014-04-16,18.84,342100000
2014-04-17,18.86,342100000
2014-04-21,18.86,343900000
2014-04-22,18.75,343900000
2014-04-23,18.7,343900000
2014-04-24,18.32,343900000
2014-04-25,18.89,343900000
2014-04-28,18.83,340400000
2014-04-29,18.57,340400000
2014-04-30,18.53,340400000
2014-05-01,18.31,344800000
2014-05-02,18.42,347300000
2014-05-05,18.42,347300000
2014-05-06,18.87,345300000
2014-05-07,18.87,345300000
2014-05-08,18.5,345300000
2014-05-09,18.5,345300000
2014-05-12,18.7,345300000
2014-05-13,18.68,345300000
2014-05-14,19.09,345300000
2014-05-15,18.89,345300000
2014-05-16,18.57,345300000
2014-05-19,18.78,345300000
2014-05-20,18.61,345300000
2014-05-21,18.55,344100000
2014-05-22,18.79,344100000
2014-05-23,18.66,344100000
2014-05-27,18.49,344100000
2014-05-28,18.37,344100000
2014-05-29,18.11,344100000
2014-05-30,18.25,344100000
2014-06-02,18.07,346600000
2014-06-03,18.12,346600000
2014-06-04,18.02,346600000
2014-06-05,18.07,346600000
2014-06-06,18.28,346600000
2014-06-09,18.35,346600000
2014-06-10,18.25,346600000
2014-06-11,18.44,345500000
2014-06-12,18.56,345500000
2014-06-13,18.8,345500000
2014-06-16,18.89,343500000
2014-06-17,18.77,343500000
2014-06-18,18.95,343500000
2014-06-19,19.15,342300000
2014-06-20,19.8,340800000
2014-06-23,19.92,340800000
2014-06-24,20.28,339700000
2014-06-25,19.95,339700000
2014-06-26,20.0,338300000
2014-06-27,20.2,338300000
2014-06-30,20.04,336150000
2014-07-01,20.24,336150000
2014-07-02,20.2,336150000
2014-07-03,20.16,336150000
2014-07-07,20.11,336150000
2014-07-08,20.24,336150000
2014-07-09,20.28,336150000
2014-07-10,20.64,336150000
2014-07-11,20.56,336150000
2014-07-14,20.28,336150000
2014-07-15,20.09,336150000
2014-07-16,19.87,336150000
2014-07-17,19.95,336150000
2014-07-18,20.1,336150000
2014-07-21,20.09,336150000
2014-07-22,19.97,334500000
2014-07-23,20.09,334500000
2014-07-24,20.0,335350000
2014-07-25,19.64,335350000
2014-07-28,19.8,335350000
2014-07-29,19.81,335350000
2014-07-30,19.71,335350000
2014-07-31,19.86,335350000
2014-08-01,19.52,335350000
2014-08-04,19.53,335350000
2014-08-05,19.38,335350000
2014-08-06,18.98,336150000
2014-08-07,19.26,338400000
2014-08-08,19.32,338400000
2014-08-11,19.05,338400000
2014-08-12,19.27,338400000
2014-08-13,19.09,338400000
2014-08-14,19.06,339450000
2014-08-15,19.06,339450000
2014-08-18,18.8,342650000
2014-08-19,18.86,342650000
2014-08-20,18.63,344150000
2014-08-21,18.61,344150000
2014-08-22,18.7,344150000
2014-08-25,18.7,344150000
2014-08-26,18.7,344150000
2014-08-27,18.53,345450000
2014-08-28,18.95,345450000
2014-08-29,18.68,345450000
2014-09-02,18.42,347450000
2014-09-03,18.32,347350000
2014-09-04,18.43,347350000
2014-09-05,18.35,347350000
2014-09-08,18.41,347350000
2014-09-09,18.22,348850000
2014-09-10,18.23,348850000
2014-09-11,17.94,350400000
2014-09-12,17.88,353900000
2014-09-15,17.88,353900000
2014-09-16,17.98,353900000
2014-09-17,17.87,354900000
2014-09-18,17.74,354900000
2014-09-19,17.69,354900000
2014-09-22,17.01,357400000
2014-09-23,17.18,357400000
2014-09-24,17.03,359900000
2014-09-25,16.8,359900000
2014-09-26,16.82,360700000
2014-09-29,16.86,360700000
2014-09-30,16.41,364950000
2014-10-01,16.34,364950000
2014-10-02,16.39,364950000
2014-10-03,16.27,364950000
2014-10-06,16.32,364050000
2014-10-07,16.64,364050000
2014-10-08,16.63,364050000
2014-10-09,16.91,362550000
2014-10-10,16.55,360550000
2014-10-13,16.69,359350000
2014-10-14,16.78,359350000
2014-10-15,16.31,359350000
2014-10-16,16.74,359350000
2014-10-17,16.64,358150000
2014-10-20,16.66,358150000
2014-10-21,16.64,358150000
2014-10-22,16.64,358150000
2014-10-23,16.36,358150000
2014-10-24,16.48,358150000
2014-10-27,16.47,358150000
2014-10-28,16.47,358150000
2014-10-29,16.49,358150000
2014-10-30,16.08,358150000
2014-10-31,15.53,359150000
2014-11-03,15.48,360350000
2014-11-04,15.45,358350000
2014-11-05,14.68,358350000
2014-11-06,14.64,358350000
2014-11-07,14.78,359850000
2014-11-10,15.02,359850000
2014-11-11,14.92,359850000
2014-11-12,14.97,359850000
2014-11-13,15.08,361950000
2014-11-14,14.71,361950000
2014-11-17,15.52,361950000
2014-11-18,15.59,364450000
2014-11-19,15.58,364450000
2014-11-20,15.52,364450000
2014-11-21,15.62,364450000
2014-11-24,15.65,363050000
2014-11-25,15.96,363050000
2014-11-26,15.91,363050000
2014-11-28,15.3,363050000
2014-12-01,15.07,365350000
2014-12-02,15.48,362650000
2014-12-03,15.62,360350000
2014-12-04,15.73,360350000
2014-12-05,15.64,360350000
2014-12-08,15.58,360350000
2014-12-09,15.68,360350000
2014-12-10,16.34,357350000
2014-12-11,16.26,357350000
2014-12-12,16.35,355950000
2014-12-15,16.14,355950000
2014-12-16,15.6,355950000
2014-12-17,15.28,353850000
2014-12-18,15.4,353850000
2014-12-19,15.19,352950000
2014-12-22,15.41,352950000
2014-12-23,15.05,346850000
2014-12-24,15.1,345050000
2014-12-26,15.1,344600000
2014-12-29,15.32,344000000
2014-12-30,15.12,344000000
2014-12-31,15.29,344000000
2015-01-02,15.04,344000000
2015-01-05,15.21,344000000
2015-01-06,15.6,343000000
2015-01-07,15.64,343000000
2015-01-08,15.67,344500000
2015-01-09,15.55,342500000
2015-01-12,15.82,342500000
2015-01-13,16.28,342500000
2015-01-14,15.93,340800000
2015-01-15,16.39,339400000
2015-01-16,16.2,339400000
2015-01-20,17.04,339400000
2015-01-21,17.44,332350000
2015-01-22,17.31,333450000
2015-01-23,17.45,333450000
2015-01-26,17.07,333450000
2015-01-27,17.11,333450000
2015-01-28,17.24,333450000
2015-01-29,16.68,333450000
2015-01-30,16.2,333450000
2015-02-02,16.48,334650000
2015-02-03,16.84,334650000
2015-02-04,16.64,334650000
2015-02-05,16.27,334650000
2015-02-06,16.48,334650000
2015-02-09,16.24,334650000
2015-02-10,16.08,334650000
2015-02-11,16.22,334650000
2015-02-12,16.16,334650000
2015-02-13,16.14,334650000
2015-02-17,16.1,334650000
2015-02-18,15.71,338800000
2015-02-19,16.01,338800000
2015-02-20,15.64,338800000
2015-02-23,15.5,340300000
2015-02-24,15.62,340300000
2015-02-25,15.8,340300000
2015-02-26,16.09,340300000
2015-02-27,15.82,340300000
2015-03-02,15.91,340700000
2015-03-03,15.71,340700000
2015-03-04,15.61,340700000
2015-03-05,15.49,342100000
2015-03-06,15.3,342100000
2015-03-09,15.23,342100000
2015-03-10,15.1,342100000
2015-03-11,14.96,342100000
2015-03-12,15.0,342100000
2015-03-13,14.83,342100000
2015-03-16,14.9,342100000
2015-03-17,14.88,342100000
2015-03-18,14.8,342100000
2015-03-19,15.19,342100000
2015-03-20,15.47,341500000
2015-03-23,16.0,340000000
2015-03-24,16.23,340000000
2015-03-25,16.2,340000000
2015-03-26,16.39,338500000
2015-03-27,16.39,338500000
2015-03-30,15.92,338500000
2015-03-31,15.88,336500000
2015-04-01,15.84,336500000
2015-04-02,16.11,336500000
2015-04-06,16.11,336500000
2015-04-07,16.12,336500000
2015-04-08,16.1,336500000
2015-04-09,15.59,336500000
2015-04-10,15.83,339000000
2015-04-13,15.56,339700000
2015-04-14,15.38,339700000
2015-04-15,15.47,339700000
2015-04-16,15.75,339700000
2015-04-17,15.64,339700000
2015-04-20,15.38,341200000
2015-04-21,15.37,341200000
2015-04-22,15.35,341200000
2015-04-23,15.16,343200000
2015-04-24,15.14,344200000
2015-04-27,15.14,345700000
2015-04-28,15.6,342600000
2015-04-29,15.76,342600000
2015-04-30,15.79,342600000
2015-05-01,15.46,341500000
2015-05-04,15.46,341500000
2015-05-05,15.7,340500000
2015-05-06,15.69,340500000
2015-05-07,15.63,337500000
2015-05-08,15.59,337500000
2015-05-11,15.67,337500000
2015-05-12,15.73,337500000
2015-05-13,15.92,338500000
2015-05-14,16.63,335500000
2015-05-15,16.49,333800000
2015-05-18,16.92,332550000
2015-05-19,16.63,332550000
2015-05-20,16.32,332550000
2015-05-21,16.42,332550000
2015-05-22,16.49,332550000
2015-05-26,16.05,331500000
2015-05-27,15.92,331650000
2015-05-28,15.94,331650000
2015-05-29,15.93,331650000
2015-06-01,15.87,332950000
2015-06-02,15.96,332950000
2015-06-03,15.86,332950000
2015-06-04,15.74,334450000
2015-06-05,15.43,334450000
2015-06-08,15.35,338000000
2015-06-09,15.41,339200000
2015-06-10,15.41,342100000
2015-06-11,15.16,343100000
2015-06-12,15.22,343100000
2015-06-15,15.22,343100000
2015-06-16,15.32,343100000
2015-06-17,15.27,343100000
2015-06-18,15.52,343100000
2015-06-19,15.4,343100000
2015-06-22,15.47,342100000
2015-06-23,15.25,342100000
2015-06-24,15.18,343400000
2015-06-25,15.06,344400000
2015-06-26,15.12,339400000
2015-06-29,15.12,338750000
2015-06-30,15.0,340450000
2015-07-01,14.93,340450000
2015-07-02,14.91,340450000
2015-07-06,14.89,340450000
2015-07-07,14.91,340450000
2015-07-08,14.32,341850000
2015-07-09,14.69,341850000
2015-07-10,14.76,341850000
2015-07-13,14.76,342950000
2015-07-14,14.59,342950000
2015-07-15,14.62,342950000
2015-07-16,14.26,342950000
2015-07-17,14.33,344250000
2015-07-20,14.17,344250000
2015-07-21,14.09,344250000
2015-07-22,14.11,344250000
2015-07-23,14.21,344250000
2015-07-24,13.84,344250000
2015-07-27,14.03,342150000
2015-07-28,13.88,342150000
2015-07-29,13.95,342150000
2015-07-30,13.98,342150000
2015-07-31,13.9,342150000
2015-08-03,14.06,341650000
2015-08-04,13.88,341650000
2015-08-05,13.86,341650000
2015-08-06,13.93,341650000
2015-08-07,14.08,341650000
2015-08-10,14.21,341650000
2015-08-11,14.62,341650000
2015-08-12,14.66,340350000
2015-08-13,14.63,340350000
2015-08-14,14.84,340350000
2015-08-17,14.54,340350000
2015-08-18,14.54,340350000
2015-08-19,14.17,340350000
2015-08-20,14.8,340350000
2015-08-21,14.76,340350000
2015-08-24,14.26,340350000
2015-08-25,14.19,340350000
2015-08-26,13.75,340350000
2015-08-27,13.62,340350000
2015-08-28,13.78,341350000
2015-08-31,13.78,341350000
2015-09-01,14.01,340450000
2015-09-02,13.9,340450000
2015-09-03,14.04,340450000
2015-09-04,14.02,338850000
2015-09-08,13.96,338850000
2015-09-09,14.09,337450000
2015-09-10,14.05,337450000
2015-09-11,13.91,337450000
2015-09-14,13.77,336250000
2015-09-15,13.69,336250000
2015-09-16,13.85,336250000
2015-09-17,14.08,336250000
2015-09-18,14.56,336250000
2015-09-21,14.48,336250000
2015-09-22,14.25,334450000
2015-09-23,14.12,334450000
2015-09-24,14.11,333450000
2015-09-25,14.3,333450000
2015-09-28,14.02,332550000
2015-09-29,13.89,332550000
2015-09-30,13.98,333750000
2015-10-01,13.88,333750000
2015-10-02,13.77,333750000
2015-10-05,14.55,333750000
2015-10-06,14.95,332150000
2015-10-07,15.09,330350000
2015-10-08,14.89,330350000
2015-10-09,15.25,330350000
2015-10-12,15.22,330350000
2015-10-13,14.89,330350000
2015-10-14,15.11,330350000
2015-10-15,15.43,330350000
2015-10-16,15.3,330350000
2015-10-19,15.13,330350000
2015-10-20,15.13,330750000
2015-10-21,15.02,330750000
2015-10-22,15.04,330750000
2015-10-23,15.24,330750000
2015-10-26,15.35,330750000
2015-10-27,15.07,330750000
2015-10-28,15.29,330750000
2015-10-29,15.09,329700000
2015-10-30,14.9,328950000
2015-11-02,14.68,328950000
2015-11-03,14.67,328950000
2015-11-04,14.55,328950000
2015-11-05,14.32,328950000
2015-11-06,14.38,328950000
2015-11-09,14.09,328950000
2015-11-10,13.87,328950000
2015-11-11,13.77,328950000
2015-11-12,13.72,330450000
2015-11-13,13.72,330450000
2015-11-16,13.69,332700000
2015-11-17,13.59,332700000
2015-11-18,13.51,332700000
2015-11-19,13.55,332700000
2015-11-20,13.62,333700000
2015-11-23,13.33,333700000
2015-11-24,13.48,333700000
2015-11-25,13.41,333700000
2015-11-27,13.45,333700000
2015-11-30,13.42,333700000
2015-12-01,13.54,334900000
2015-12-02,13.48,334900000
2015-12-03,13.28,334900000
2015-12-04,13.47,337300000
2015-12-07,13.81,337300000
2015-12-08,13.57,337300000
2015-12-09,13.6,337300000
2015-12-10,13.5,337300000
2015-12-11,13.27,339400000
2015-12-14,13.07,339400000
2015-12-15,13.09,339400000
2015-12-16,13.09,339400000
2015-12-17,13.42,339400000
2015-12-18,13.17,337900000
2015-12-21,13.53,337900000
2015-12-22,13.57,336900000
2015-12-23,13.65,336050000
2015-12-24,13.53,334550000
2015-12-28,13.53,334550000
2015-12-29,13.27,334550000
2015-12-30,13.17,334550000
2015-12-31,13.17,333550000
2016-01-04,13.34,333550000
2016-01-05,13.35,333550000
2016-01-06,13.34,333550000
2016-01-07,13.37,332050000
2016-01-08,13.38,332050000
2016-01-11,13.31,332050000
2016-01-12,13.22,332050000
2016-01-13,13.17,332050000
2016-01-14,13.36,332050000
2016-01-15,13.15,330550000
2016-01-19,13.36,329150000
2016-01-20,13.38,329150000
2016-01-21,13.34,327050000
2016-01-22,13.5,327050000
2016-01-25,13.54,326050000
2016-01-26,13.65,326050000
2016-01-27,13.7,326050000
2016-01-28,12.93,324850000
2016-01-29,13.41,324850000
2016-02-01,13.65,324850000
2016-02-02,13.58,324850000
2016-02-03,13.72,324450000
2016-02-04,14.04,324450000
2016-02-05,14.2,324450000
2016-02-08,14.23,324450000
2016-02-09,14.61,324450000
2016-02-10,14.4,323800000
2016-02-11,14.9,323800000
2016-02-12,14.89,327800000
2016-02-16,14.62,327800000
2016-02-17,14.52,326500000
2016-02-18,14.52,326500000
2016-02-19,14.63,326500000
2016-02-22,14.28,327200000
2016-02-23,14.48,327200000
2016-02-24,14.59,327200000
2016-02-25,14.43,327200000
2016-02-26,14.44,327200000
2016-02-29,14.04,327200000
2016-03-01,14.27,327200000
2016-03-02,14.11,330200000
2016-03-03,14.25,335900000
2016-03-04,14.69,338900000
2016-03-07,14.91,338900000
2016-03-08,14.91,338900000
2016-03-09,14.54,338900000
2016-03-10,14.54,340300000
2016-03-11,14.75,342300000
2016-03-14,14.85,342300000
2016-03-15,14.58,342300000
2016-03-16,14.55,342300000
2016-03-17,14.97,342300000
2016-03-18,15.17,345100000
2016-03-21,15.05,347000000
2016-03-22,15.12,345500000
2016-03-23,14.83,345500000
2016-03-24,14.54,345500000
2016-03-28,14.54,346400000
2016-03-29,14.33,347050000
2016-03-30,14.64,347050000
2016-03-31,14.64,349350000
2016-04-01,14.64,349350000
2016-04-04,14.24,350650000
2016-04-05,14.45,351750000
2016-04-06,14.34,351750000
2016-04-07,14.48,351750000
2016-04-08,14.42,353250000
2016-04-11,14.8,353250000
2016-04-12,15.19,353250000
2016-04-13,15.2,351250000
2016-04-14,15.35,351250000
2016-04-15,15.38,350250000
2016-04-18,15.41,350250000
2016-04-19,15.81,351750000
2016-04-20,16.14,351750000
2016-04-21,16.48,351750000
2016-04-22,16.35,351750000
2016-04-25,16.04,351750000
2016-04-26,16.12,351750000
2016-04-27,16.5,352650000
2016-04-28,16.5,352650000
2016-04-29,16.98,354150000
2016-05-02,16.98,356050000
2016-05-03,16.64,356050000
2016-05-04,16.34,354550000
2016-05-05,16.53,353350000
2016-05-06,16.46,353350000
2016-05-09,16.48,353350000
2016-05-10,16.21,352250000
2016-05-11,16.65,352250000
2016-05-12,16.39,352250000
2016-05-13,16.25,352250000
2016-05-16,16.47,352250000
2016-05-17,16.24,352250000
2016-05-18,16.21,352250000
2016-05-19,15.79,352250000
2016-05-20,15.75,353250000
2016-05-23,15.51,352950000
2016-05-24,15.47,352950000
2016-05-25,15.41,352950000
2016-05-26,15.65,352950000
2016-05-27,15.5,352950000
2016-05-31,15.27,352950000
2016-06-01,15.17,352950000
2016-06-02,15.19,354750000
2016-06-03,15.31,354750000
2016-06-06,15.59,354750000
2016-06-07,15.51,356250000
2016-06-08,15.92,356250000
2016-06-09,16.21,356250000
2016-06-10,16.47,358000000
2016-06-13,16.47,358000000
2016-06-14,16.4,360500000
2016-06-15,16.55,360500000
2016-06-16,16.84,360500000
2016-06-17,16.51,354800000
2016-06-20,16.48,351800000
2016-06-21,16.5,350300000
2016-06-22,16.35,350300000
2016-06-23,16.43,349400000
2016-06-24,17.15,349400000
2016-06-27,16.82,350000000
2016-06-28,16.7,350800000
2016-06-29,17.31,350800000
2016-06-30,17.45,350800000
2016-07-01,18.29,350800000
2016-07-05,18.75,354200000
2016-07-06,19.42,359250000
2016-07-07,18.96,359250000
2016-07-08,18.74,359250000
2016-07-11,19.45,359250000
2016-07-12,19.34,361250000
2016-07-13,19.28,366750000
2016-07-14,19.24,366750000
2016-07-15,19.14,366750000
2016-07-18,18.74,366750000
2016-07-19,18.99,366750000
2016-07-20,18.72,366750000
2016-07-21,18.38,366750000
2016-07-22,18.72,366750000
2016-07-25,18.44,366750000
2016-07-26,18.7,366750000
2016-07-27,18.6,366750000
2016-07-28,19.39,367950000
2016-07-29,19.04,367950000
2016-08-01,19.49,369250000
2016-08-02,19.68,369250000
2016-08-03,19.56,369250000
2016-08-04,19.15,369250000
2016-08-05,19.21,369250000
2016-08-08,18.68,370250000
2016-08-09,18.71,370250000
2016-08-10,19.32,370250000
2016-08-11,19.2,370250000
2016-08-12,18.87,370250000
2016-08-15,18.9,370250000
2016-08-16,19.03,370250000
2016-08-17,18.59,371850000
2016-08-18,18.79,374150000
2016-08-19,18.44,374150000
2016-08-22,17.96,377650000
2016-08-23,18.03,377650000
2016-08-24,17.89,377650000
2016-08-25,17.57,375650000
2016-08-26,17.73,375650000
2016-08-29,17.73,376650000
2016-08-30,17.83,376650000
2016-08-31,17.8,378650000
2016-09-01,17.71,378650000
2016-09-02,17.81,378650000
2016-09-06,18.61,380750000
2016-09-07,18.92,381950000
2016-09-08,18.92,381950000
2016-09-09,18.43,381950000
2016-09-12,17.77,380250000
2016-09-13,18.19,381650000
2016-09-14,18.08,381650000
2016-09-15,18.0,381650000
2016-09-16,17.95,381650000
2016-09-19,18.15,382750000
2016-09-20,18.2,382750000
2016-09-21,18.45,382750000
2016-09-22,18.87,382750000
2016-09-23,18.82,383850000
2016-09-26,18.45,383850000
2016-09-27,18.44,383850000
2016-09-28,18.15,382150000
2016-09-29,18.05,382150000
2016-09-30,18.37,381550000
2016-10-03,18.21,381550000
2016-10-04,17.79,381550000
2016-10-05,16.9,379550000
2016-10-06,16.86,379550000
2016-10-07,16.45,379550000
2016-10-10,16.88,380450000
2016-10-11,16.59,380450000
2016-10-12,16.55,380450000
2016-10-13,16.69,380450000
2016-10-14,16.58,381650000
2016-10-17,16.51,381650000
2016-10-18,16.75,381650000
2016-10-19,16.79,382550000
2016-10-20,16.7,382550000
2016-10-21,16.62,385950000
2016-10-24,16.74,385950000
2016-10-25,16.82,385950000
2016-10-26,16.76,385950000
2016-10-27,16.76,379950000
2016-10-28,16.71,379950000
2016-10-31,16.85,379950000
2016-11-01,17.31,380550000
2016-11-02,17.59,377750000
2016-11-03,17.15,377750000
2016-11-04,17.36,377750000
2016-11-07,17.29,377750000
2016-11-08,17.32,377750000
2016-11-09,17.85,378750000
2016-11-10,17.79,377350000
2016-11-11,17.64,375950000
2016-11-14,16.31,375450000
2016-11-15,16.13,375450000
2016-11-16,16.08,375450000
2016-11-17,16.16,375450000
2016-11-18,15.66,369050000
2016-11-21,15.82,369050000
2016-11-22,15.9,365800000
2016-11-23,15.71,365800000
2016-11-25,15.62,364800000
2016-11-28,15.82,364800000
2016-11-29,15.69,364800000
2016-11-30,15.81,364800000
2016-12-01,15.46,364800000
2016-12-02,15.51,364800000
2016-12-05,15.76,364800000
2016-12-06,15.92,364800000
2016-12-07,15.9,364800000
2016-12-08,16.25,361500000
2016-12-09,16.07,361500000
2016-12-12,15.99,361500000
2016-12-13,16.13,359600000
2016-12-14,16.22,359600000
2016-12-15,15.3,357100000
2016-12-16,15.22,358500000
2016-12-19,15.17,358500000
2016-12-20,14.98,357700000
2016-12-21,15.2,357700000
2016-12-22,14.95,358700000
2016-12-23,14.92,358700000
2016-12-27,14.92,359900000
2016-12-28,15.03,359900000
2016-12-29,15.23,359900000
2016-12-30,15.4,359900000
2017-01-03,15.12,359900000
2017-01-04,15.57,359900000
2017-01-05,15.73,359900000
2017-01-06,15.59,359900000
2017-01-09,15.66,359900000
2017-01-10,15.8,359900000
2017-01-11,15.92,356900000
2017-01-12,16.03,356900000
2017-01-13,15.89,356900000
2017-01-17,16.11,356900000
2017-01-18,16.23,356900000
2017-01-19,16.07,356900000
2017-01-20,16.01,356900000
2017-01-23,16.24,356900000
2017-01-24,16.21,355900000
2017-01-25,16.04,355900000
2017-01-26,15.98,353400000
2017-01-27,15.83,354200000
2017-01-30,16.2,354200000
2017-01-31,16.38,354200000
2017-02-01,16.68,353200000
2017-02-02,16.78,353200000
2017-02-03,16.37,353200000
2017-02-06,16.68,353200000
2017-02-07,16.68,353200000
2017-02-08,16.81,353200000
2017-02-09,16.79,353200000
2017-02-10,16.7,353200000
2017-02-13,17.03,353200000
2017-02-14,16.96,353200000
2017-02-15,16.94,353200000
2017-02-16,17.15,353200000
2017-02-17,17.06,353200000
2017-02-21,16.95,353800000
2017-02-22,17.05,353800000
2017-02-23,17.05,353800000
2017-02-24,17.31,353800000
2017-02-27,17.37,353800000
2017-02-28,17.32,353800000
2017-03-01,17.36,353800000
2017-03-02,17.36,353800000
2017-03-03,16.73,351300000
2017-03-06,16.87,351300000
2017-03-07,16.77,351300000
2017-03-08,16.48,349700000
2017-03-09,16.23,348500000
2017-03-10,16.0,348500000
2017-03-13,16.12,348500000
2017-03-14,16.1,349700000
2017-03-15,16.02,349700000
2017-03-16,16.54,349700000
2017-03-17,16.48,349700000
2017-03-20,16.32,351000000
2017-03-21,16.39,351000000
2017-03-22,16.65,351000000
2017-03-23,16.62,351000000
2017-03-24,16.7,351000000
2017-03-27,16.99,351000000
2017-03-28,16.99,352200000
2017-03-29,17.17,349300000
2017-03-30,17.14,349300000
2017-03-31,17.1,348700000
2017-04-03,17.2,348700000
2017-04-04,17.37,347600000
2017-04-05,17.29,347600000
2017-04-06,17.25,346600000
2017-04-07,17.42,346600000
2017-04-10,16.99,346600000
2017-04-11,16.99,346600000
2017-04-12,17.34,346600000
2017-04-13,17.57,346600000
2017-04-17,17.57,346600000
2017-04-18,17.44,345600000
2017-04-19,17.25,344600000
2017-04-20,17.22,344600000
2017-04-21,17.02,343600000
2017-04-24,16.86,343600000
2017-04-25,16.89,345700000
2017-04-26,16.65,348800000
2017-04-27,16.53,348800000
2017-04-28,16.48,348800000
2017-05-01,16.48,350000000
2017-05-02,16.04,353700000
2017-05-03,15.95,353700000
2017-05-04,15.62,353700000
2017-05-05,15.4,353700000
2017-05-08,15.5,353700000
2017-05-09,15.35,353700000
2017-05-10,15.42,357750000
2017-05-11,15.49,357750000
2017-05-12,15.43,360250000
2017-05-15,15.7,360250000
2017-05-16,15.82,361750000
2017-05-17,15.99,361750000
2017-05-18,15.91,363250000
2017-05-19,15.87,363250000
2017-05-22,16.04,363250000
2017-05-23,16.22,363250000
2017-05-24,16.11,361250000
2017-05-25,16.23,361250000
2017-05-26,16.36,360250000
2017-05-30,16.34,360250000
2017-05-31,16.38,360250000
2017-06-01,16.21,360250000
2017-06-02,16.26,360250000
2017-06-05,16.57,358950000
2017-06-06,16.61,358950000
2017-06-07,16.65,358950000
2017-06-08,16.65,358950000
2017-06-09,16.41,358950000
2017-06-12,16.2,358950000
2017-06-13,15.91,358950000
2017-06-14,16.04,358950000
2017-06-15,15.95,355350000
2017-06-16,15.85,355350000
2017-06-19,15.77,355350000
2017-06-20,15.69,356950000
2017-06-21,15.62,356950000
2017-06-22,15.68,359250000
2017-06-23,15.8,359250000
2017-06-26,15.63,359250000
2017-06-27,15.76,359250000
2017-06-28,15.87,358550000
2017-06-29,15.92,358550000
2017-06-30,15.58,358950000
2017-07-03,15.58,358950000
2017-07-05,15.08,358950000
2017-07-06,15.14,361350000
2017-07-07,14.98,361350000
2017-07-10,14.39,364450000
2017-07-11,14.67,366950000
2017-07-12,14.97,369050000
2017-07-13,15.08,369050000
2017-07-14,14.85,369050000
2017-07-17,15.19,369050000
2017-07-18,15.29,368050000
2017-07-19,15.34,368050000
2017-07-20,15.3,367050000
2017-07-21,15.53,367050000
2017-07-24,15.6,365550000
2017-07-25,15.42,363550000
2017-07-26,15.48,363550000
2017-07-27,15.87,363550000
2017-07-28,15.66,362350000
2017-07-31,15.84,361350000
2017-08-01,15.82,361350000
2017-08-02,15.76,360250000
2017-08-03,15.57,360250000
2017-08-04,15.79,359250000
2017-08-07,15.25,359250000
2017-08-08,15.49,358150000
2017-08-09,15.68,358150000
2017-08-10,16.14,355250000
2017-08-11,16.15,355250000
2017-08-14,16.04,355250000
2017-08-15,15.96,355250000
2017-08-16,15.76,355250000
2017-08-17,16.09,353750000
2017-08-18,16.21,353750000
2017-08-21,16.08,353750000
2017-08-22,16.08,353750000
2017-08-23,16.12,353750000
2017-08-24,16.0,352450000
2017-08-25,16.08,352450000
2017-08-28,16.08,352450000
2017-08-29,16.63,352450000
2017-08-30,16.48,352450000
2017-08-31,16.39,350950000
2017-09-01,16.54,350450000
2017-09-05,16.89,350450000
2017-09-06,16.79,347150000
2017-09-07,16.81,346150000
2017-09-08,17.21,346150000
2017-09-11,16.86,346150000
2017-09-12,16.77,346150000
2017-09-13,16.92,346150000
2017-09-14,16.77,346150000
2017-09-15,16.72,346150000
2017-09-18,16.56,345050000
2017-09-19,16.2,343850000
2017-09-20,16.42,343850000
2017-09-21,16.01,343850000
2017-09-22,16.03,343850000
2017-09-25,16.01,345800000
2017-09-26,16.07,345800000
2017-09-27,15.95,345800000
2017-09-28,15.89,345800000
2017-09-29,15.92,345800000
2017-10-02,15.66,345800000
2017-10-03,15.69,345800000
2017-10-04,15.89,345800000
2017-10-05,15.73,344800000
2017-10-06,15.7,344800000
2017-10-09,15.98,346100000
2017-10-10,16.17,346100000
2017-10-11,16.2,344900000
2017-10-12,16.24,344900000
2017-10-13,16.24,344900000
2017-10-16,16.44,341200000
2017-10-17,16.16,341200000
2017-10-18,16.01,341200000
2017-10-19,16.08,340200000
2017-10-20,16.12,340200000
2017-10-23,16.05,339100000
2017-10-24,16.08,339100000
2017-10-25,15.95,339100000
2017-10-26,16.02,339100000
2017-10-27,15.79,339100000
2017-10-30,15.8,337900000
2017-10-31,15.88,337900000
2017-11-01,15.99,337900000
2017-11-02,16.13,337900000
2017-11-03,16.13,337900000
2017-11-06,15.97,337900000
2017-11-07,16.05,336900000
2017-11-08,16.04,336900000
2017-11-09,16.14,336900000
2017-11-10,16.05,336900000
2017-11-13,15.98,336900000
2017-11-14,15.99,336900000
2017-11-15,16.16,336900000
2017-11-16,16.08,336900000
2017-11-17,16.13,336900000
2017-11-20,16.18,336900000
2017-11-21,16.05,336900000
2017-11-22,16.01,336900000
2017-11-24,16.09,335900000
2017-11-27,16.14,335900000
2017-11-28,16.11,335900000
2017-11-29,15.94,335900000
2017-11-30,15.64,337300000
2017-12-01,15.5,338100000
2017-12-04,15.41,338100000
2017-12-05,15.37,340900000
2017-12-06,15.21,340900000
2017-12-07,15.01,342100000
2017-12-08,14.93,343700000
2017-12-11,14.94,344700000
2017-12-12,14.89,346200000
2017-12-13,14.82,347300000
2017-12-14,15.11,345800000
2017-12-15,15.08,345800000
2017-12-18,15.18,345800000
2017-12-19,15.24,345800000
2017-12-20,15.27,345800000
2017-12-21,15.23,345800000
2017-12-22,15.26,345000000
2017-12-26,15.26,345000000
2017-12-27,15.57,344150000
2017-12-28,15.79,342750000
2017-12-29,15.91,339750000
2018-01-02,16.09,339750000
2018-01-03,16.15,339750000
2018-01-04,16.16,337550000
2018-01-05,16.18,337550000
2018-01-08,16.2,336650000
2018-01-09,16.09,336650000
2018-01-10,16.16,335350000
2018-01-11,16.04,335350000
2018-01-12,16.15,335350000
2018-01-16,16.12,335350000
2018-01-17,16.23,335350000
2018-01-18,16.12,334450000
2018-01-19,16.07,334450000
2018-01-22,16.06,333050000
2018-01-23,16.01,331850000
2018-01-24,16.21,331850000
2018-01-25,16.52,332750000
2018-01-26,16.41,332750000
2018-01-29,16.35,332750000
2018-01-30,16.31,332750000
2018-01-31,16.25,331850000
2018-02-01,16.21,331850000
2018-02-02,16.16,331850000
2018-02-05,15.91,333050000
2018-02-06,15.84,333050000
2018-02-07,15.74,333050000
2018-02-08,15.41,333050000
2018-02-09,15.42,333050000
2018-02-12,15.49,333050000
2018-02-13,15.65,333050000
2018-02-14,15.63,333050000
2018-02-15,15.86,333050000
2018-02-16,15.87,333050000
2018-02-20,15.62,333050000
2018-02-21,15.49,334350000
2018-02-22,15.52,334350000
2018-02-23,15.66,335750000
2018-02-26,15.71,335750000
2018-02-27,15.66,335750000
2018-02-28,15.5,335750000
2018-03-01,15.38,335750000
2018-03-02,15.5,337450000
2018-03-05,15.56,337450000
2018-03-06,15.66,337450000
2018-03-07,15.69,337450000
2018-03-08,15.53,337450000
2018-03-09,15.54,337450000
2018-03-12,15.51,338450000
2018-03-13,15.56,338450000
2018-03-14,15.65,338450000
2018-03-15,15.57,338450000
2018-03-16,15.53,338450000
2018-03-19,15.35,339150000
2018-03-20,15.31,339150000
2018-03-21,15.31,339150000
2018-03-22,15.57,339150000
2018-03-23,15.58,337450000
2018-03-26,15.65,337450000
2018-03-27,15.68,337450000
2018-03-28,15.5,337450000
2018-03-29,15.34,338450000
2018-04-02,15.34,338450000
2018-04-03,15.56,338450000
2018-04-04,15.51,338450000
2018-04-05,15.36,339850000
2018-04-06,15.33,339850000
2018-04-09,15.39,339850000
2018-04-10,15.53,339850000
2018-04-11,15.6,339850000
2018-04-12,15.69,339850000
2018-04-13,15.55,339850000
2018-04-16,15.64,339850000
2018-04-17,15.66,339850000
2018-04-18,15.96,339850000
2018-04-19,16.2,337350000
2018-04-20,16.12,336150000
2018-04-23,15.95,334650000
2018-04-24,15.63,336350000
2018-04-25,15.6,336350000
2018-04-26,15.61,336350000
2018-04-27,15.57,336350000
2018-04-30,15.43,336350000
2018-05-01,15.3,336350000
2018-05-02,15.4,342950000
2018-05-03,15.51,342950000
2018-05-04,15.46,344250000
2018-05-07,15.46,343250000
2018-05-08,15.49,343250000
2018-05-09,15.48,343250000
2018-05-10,15.63,343250000
2018-05-11,15.78,340250000
2018-05-14,15.67,339350000
2018-05-15,15.45,339350000
2018-05-16,15.31,341350000
2018-05-17,15.43,341850000
2018-05-18,15.43,340850000
2018-05-21,15.38,340850000
2018-05-22,15.61,340850000
2018-05-23,15.56,340850000
2018-05-24,15.54,340850000
2018-05-25,15.69,339750000
2018-05-29,15.51,339750000
2018-05-30,15.41,341950000
2018-05-31,15.58,341950000
2018-06-01,15.46,341950000
2018-06-04,15.48,342650000
2018-06-05,15.42,342650000
2018-06-06,15.57,342650000
2018-06-07,15.76,340650000
2018-06-08,15.74,339150000
2018-06-11,15.78,339150000
2018-06-12,15.86,337050000
2018-06-13,15.91,335550000
2018-06-14,16.12,335550000
2018-06-15,16.21,333650000
2018-06-18,15.63,333650000
2018-06-19,15.39,333650000
2018-06-20,15.33,336150000
2018-06-21,15.29,339250000
2018-06-22,15.46,340250000
2018-06-25,15.41,339250000
2018-06-26,15.27,339250000
2018-06-27,15.25,339250000
2018-06-28,15.16,340350000
2018-06-29,15.08,342550000
2018-07-02,15.04,342550000
2018-07-03,14.99,344150000
2018-07-05,15.01,344650000
2018-07-06,15.05,344650000
2018-07-09,15.25,345550000
2018-07-10,14.99,345550000
2018-07-11,14.97,346150000
2018-07-12,14.9,347250000
2018-07-13,14.87,347250000
2018-07-16,14.87,348450000
2018-07-17,14.84,347300000
2018-07-18,14.52,347300000
2018-07-19,14.36,348100000
2018-07-20,14.46,349600000
2018-07-23,14.57,349600000
2018-07-24,14.59,349600000
2018-07-25,14.64,348900000
2018-07-26,14.61,350100000
2018-07-27,14.44,350100000
2018-07-30,14.57,350100000
2018-07-31,14.51,350100000
2018-08-01,14.56,350100000
2018-08-02,14.53,350100000
2018-08-03,14.45,350100000
2018-08-06,14.43,351200000
2018-08-07,14.54,349200000
2018-08-08,14.43,349200000
2018-08-09,14.56,349200000
2018-08-10,14.46,347900000
2018-08-13,14.28,347900000
2018-08-14,14.14,347900000
2018-08-15,13.94,347900000
2018-08-16,13.73,349900000
2018-08-17,13.79,349900000
2018-08-20,13.87,349900000
2018-08-21,13.9,349900000
2018-08-22,13.93,349900000
2018-08-23,13.75,349900000
2018-08-24,13.75,349900000
2018-08-27,13.75,349900000
2018-08-28,14.01,349900000
2018-08-29,13.81,349900000
2018-08-30,13.79,350700000
2018-08-31,13.78,350700000
2018-09-04,13.4,350700000
2018-09-05,13.32,350700000
2018-09-06,13.41,353900000
2018-09-07,13.33,353900000
2018-09-10,13.36,354900000
2018-09-11,13.28,354900000
2018-09-12,13.31,354900000
2018-09-13,13.37,356300000
2018-09-14,13.36,356300000
2018-09-17,13.32,356300000
2018-09-18,13.36,356300000
2018-09-19,13.33,356300000
2018-09-20,13.37,358100000
2018-09-21,13.47,358100000
2018-09-24,13.45,358100000
2018-09-25,13.43,356350000
2018-09-26,13.6,354800000
2018-09-27,13.55,354250000
2018-09-28,13.44,354250000
2018-10-01,13.67,354250000
2018-10-02,13.63,354250000
2018-10-03,13.85,356250000
2018-10-04,13.75,354850000
2018-10-05,13.75,354850000
2018-10-08,13.59,354250000
2018-10-09,13.46,354250000
2018-10-10,13.51,354250000
2018-10-11,13.53,354250000
2018-10-12,13.72,354250000
2018-10-15,13.85,354250000
2018-10-16,13.86,354250000
2018-10-17,13.76,354250000
2018-10-18,13.64,355450000
2018-10-19,13.73,355450000
2018-10-22,13.74,355950000
2018-10-23,13.82,352950000
2018-10-24,13.85,351550000
2018-10-25,13.85,351550000
2018-10-26,13.8,351550000
2018-10-29,13.76,349550000
2018-10-30,13.55,349550000
2018-10-31,13.47,349550000
2018-11-01,13.57,348450000
2018-11-02,13.92,348450000
2018-11-05,13.84,347050000
2018-11-06,13.81,347050000
2018-11-07,13.78,347050000
2018-11-08,13.61,346750000
2018-11-09,13.47,346750000
2018-11-12,13.3,345750000
2018-11-13,13.17,345400000
2018-11-14,13.12,345400000
2018-11-15,13.27,345400000
2018-11-16,13.42,345400000
2018-11-19,13.49,345400000
2018-11-20,13.56,346000000
2018-11-21,13.54,346000000
2018-11-23,13.39,346000000
2018-11-26,13.5,346000000
2018-11-27,13.4,343550000
2018-11-28,13.29,343750000
2018-11-29,13.39,343750000
2018-11-30,13.37,342450000
2018-12-03,13.51,342450000
2018-12-04,13.66,342450000
2018-12-06,13.5,339450000
2018-12-07,13.6,339450000
2018-12-10,13.64,339450000
2018-12-11,13.74,339450000
2018-12-12,13.76,339450000
2018-12-13,13.78,339450000
2018-12-14,13.69,339450000
2018-12-17,13.71,338450000
2018-12-18,13.76,338450000
2018-12-19,13.75,339250000
2018-12-20,13.86,337750000
2018-12-21,13.79,337750000
2018-12-24,13.77,337850000
2018-12-26,13.77,337850000
2018-12-27,14.13,337850000
2018-12-28,14.36,337850000
2018-12-31,14.52,337850000
2019-01-02,14.49,337850000
2019-01-03,14.58,337850000
2019-01-04,14.74,337850000
2019-01-07,14.78,335350000
2019-01-08,14.68,335350000
2019-01-09,14.66,334150000
2019-01-10,14.74,334150000
2019-01-11,14.72,334150000
2019-01-14,14.65,334150000
2019-01-15,14.64,333650000
2019-01-16,14.58,331350000
2019-01-17,14.62,327200000
2019-01-18,14.52,327200000
2019-01-22,14.32,328350000
2019-01-23,14.44,327350000
2019-01-24,14.36,327350000
2019-01-25,14.43,327350000
2019-01-28,14.72,327350000
2019-01-29,14.88,328850000
2019-01-30,14.93,329850000
2019-01-31,15.08,331050000
2019-02-01,15.02,331050000
2019-02-04,14.77,331050000
2019-02-05,14.88,331050000
2019-02-06,14.76,330050000
2019-02-07,14.74,330050000
2019-02-08,14.8,329350000
2019-02-11,14.73,328150000
2019-02-12,14.83,328150000
2019-02-13,14.72,327150000
2019-02-14,14.61,327600000
2019-02-15,14.7,327600000
2019-02-19,14.8,328600000
2019-02-20,15.04,328600000
2019-02-21,14.92,330400000
2019-02-22,14.88,330400000
2019-02-25,14.96,330400000
2019-02-26,14.85,330400000
2019-02-27,14.87,329750000
2019-02-28,14.83,329750000
2019-03-01,14.59,329750000
2019-03-04,14.22,328950000
2019-03-05,14.17,328950000
2019-03-06,14.16,328950000
2019-03-07,14.14,328200000
2019-03-08,14.17,329650000
2019-03-11,14.34,330200000
2019-03-12,14.48,330200000
2019-03-13,14.55,330200000
2019-03-14,14.29,331450000
2019-03-15,14.4,331450000
2019-03-18,14.42,331450000
2019-03-19,14.45,331450000
2019-03-20,14.36,331450000
2019-03-21,14.57,331450000
2019-03-22,14.49,330000000
2019-03-25,14.56,330000000
2019-03-26,14.48,330000000
2019-03-27,14.44,330000000
2019-03-28,14.25,330500000
2019-03-29,14.16,329800000
2019-04-01,14.13,329800000
2019-04-02,14.08,329800000
2019-04-03,14.22,329800000
2019-04-04,14.14,329800000
2019-04-05,14.24,329800000
2019-04-08,14.19,329800000
2019-04-09,14.3,329800000
2019-04-10,14.29,329800000
2019-04-11,14.21,330600000
2019-04-12,14.12,330600000
2019-04-15,14.0,329800000
2019-04-16,14.01,329800000
2019-04-17,14.06,332800000
2019-04-18,14.02,332800000
2019-04-22,14.02,332800000
2019-04-23,14.03,332800000
2019-04-24,13.87,332800000
2019-04-25,13.93,332800000
2019-04-26,14.06,332800000
2019-04-29,14.03,332800000
2019-04-30,14.04,332800000
2019-05-01,13.94,332800000
2019-05-02,13.75,336000000
2019-05-03,13.73,336900000
2019-05-06,13.73,337850000
2019-05-07,13.9,337850000
2019-05-08,13.99,337850000
2019-05-09,13.89,337850000
2019-05-10,13.86,337850000
2019-05-13,13.73,337850000
2019-05-14,13.82,337850000
2019-05-15,13.88,336750000
2019-05-16,13.86,336750000
2019-05-17,13.57,333350000
2019-05-20,13.5,333350000
2019-05-21,13.52,332550000
2019-05-22,13.52,332550000
2019-05-23,13.56,332550000
2019-05-24,13.63,332550000
2019-05-28,13.56,332550000
2019-05-29,13.46,332550000
2019-05-30,13.49,333000000
2019-05-31,13.56,333000000
2019-06-03,13.77,333000000
2019-06-04,13.79,333000000
2019-06-05,13.9,335700000
2019-06-06,14.01,337000000
2019-06-07,13.96,337000000
2019-06-10,13.81,337000000
2019-06-11,13.76,337000000
2019-06-12,13.85,338200000
2019-06-13,13.86,338200000
2019-06-14,14.07,338200000
2019-06-17,13.84,340650000
2019-06-18,13.95,340650000
2019-06-19,13.99,340650000
2019-06-20,14.36,341450000
2019-06-21,14.32,341450000
2019-06-24,14.39,341450000
2019-06-25,14.42,341450000
2019-06-26,14.28,341450000
2019-06-27,14.28,344200000
2019-06-28,14.25,345200000
2019-07-01,14.29,345200000
2019-07-02,14.2,348350000
2019-07-03,14.33,350850000
2019-07-05,14.24,350850000
2019-07-08,14.11,354000000
2019-07-09,14.07,355150000
2019-07-10,14.13,355150000
2019-07-11,14.29,355150000
2019-07-12,14.17,355150000
2019-07-15,14.34,355150000
2019-07-16,14.41,355150000
2019-07-17,14.61,364250000
2019-07-18,15.01,367100000
2019-07-19,15.27,370600000
2019-07-22,15.34,380150000
2019-07-23,15.38,382050000
2019-07-24,15.48,383850000
2019-07-25,15.48,382600000
2019-07-26,15.39,381500000
2019-07-29,15.34,381000000
2019-07-30,15.4,381000000
2019-07-31,15.42,381000000
2019-08-01,14.98,381000000
2019-08-02,15.16,381000000
2019-08-05,15.43,383500000
2019-08-06,15.33,386700000
2019-08-07,15.74,386700000
2019-08-08,15.93,388200000
2019-08-09,15.91,390600000
2019-08-12,15.87,390600000
2019-08-13,16.32,397100000
2019-08-14,16.01,401950000
2019-08-15,16.18,406200000
2019-08-16,16.06,406200000
2019-08-19,15.84,406200000
2019-08-20,15.92,406200000
2019-08-21,16.01,406200000
2019-08-22,15.87,410150000
2019-08-23,15.95,411850000
2019-08-26,15.95,411850000
2019-08-27,16.58,411850000
2019-08-28,17.18,411850000
2019-08-29,17.29,414750000
2019-08-30,17.2,414750000
2019-09-03,17.28,414750000
2019-09-04,18.06,414150000
2019-09-05,17.98,413250000
2019-09-06,16.97,413250000
2019-09-09,17.0,407450000
2019-09-10,16.83,405550000
2019-09-11,16.99,405550000
2019-09-12,17.01,405550000
2019-09-13,16.97,405550000
2019-09-16,16.68,402450000
2019-09-17,16.69,402450000
2019-09-18,16.69,401350000
2019-09-19,16.61,401350000
2019-09-20,16.72,401350000
2019-09-23,17.19,401350000
2019-09-24,17.36,403850000
2019-09-25,17.37,403850000
2019-09-26,16.81,408100000
2019-09-27,16.38,408100000
2019-09-30,16.14,410100000
2019-10-01,16.0,410100000
2019-10-02,16.14,410100000
2019-10-03,16.46,410100000
2019-10-04,16.46,410100000
2019-10-07,16.29,410100000
2019-10-08,16.41,410100000
2019-10-09,16.62,410100000
2019-10-10,16.6,411650000
2019-10-11,16.46,411650000
2019-10-14,16.46,409350000
2019-10-15,16.52,409350000
2019-10-16,16.13,409350000
2019-10-17,16.31,407350000
2019-10-18,16.3,407350000
2019-10-21,16.57,406150000
2019-10-22,16.48,404050000
2019-10-23,16.39,404050000
2019-10-24,16.39,404050000
2019-10-25,16.94,404050000
2019-10-28,16.88,402650000
2019-10-29,16.51,402650000
2019-10-30,16.78,402650000
2019-10-31,16.88,402650000
2019-11-01,16.94,402650000
2019-11-04,17.0,402650000
2019-11-05,16.87,402650000
2019-11-06,16.39,405650000
2019-11-07,16.38,405650000
2019-11-08,15.71,405650000
2019-11-11,15.78,405650000
2019-11-12,15.64,405650000
2019-11-13,15.84,402950000
2019-11-14,15.92,402950000
2019-11-15,15.77,401800000
2019-11-18,15.69,401800000
2019-11-19,16.0,401800000
2019-11-20,15.99,401800000
2019-11-21,15.97,400900000
2019-11-22,16.05,400900000
2019-11-25,15.76,400900000
2019-11-26,15.82,398900000
2019-11-27,15.94,396350000
2019-11-29,15.85,396350000
2019-12-02,15.77,396350000
2019-12-03,15.89,394900000
2019-12-04,16.0,394900000
2019-12-05,15.76,394900000
2019-12-06,15.83,392900000
2019-12-09,15.53,391300000
2019-12-10,15.58,391300000
2019-12-11,15.56,391300000
2019-12-12,15.75,391300000
2019-12-13,15.82,391300000
2019-12-16,15.9,390500000
2019-12-17,15.94,390500000
2019-12-18,15.88,390500000
2019-12-19,15.82,390500000
2019-12-20,15.91,390500000
2019-12-23,16.23,389400000
2019-12-24,16.43,389400000
2019-12-26,16.42,389400000
2019-12-27,16.65,389400000
2019-12-30,16.65,389400000
2019-12-31,16.85,388100000
2020-01-02,16.74,388100000
2020-01-03,17.01,387000000
2020-01-06,17.22,387000000
2020-01-07,16.95,385700000
2020-01-08,17.2,385700000
2020-01-09,16.73,382200000
2020-01-10,16.73,382200000
2020-01-13,16.79,380850000
2020-01-14,16.59,380850000
2020-01-15,16.67,379950000
2020-01-16,16.82,379500000
2020-01-17,16.86,379500000
2020-01-21,16.79,378850000
2020-01-22,16.59,378850000
2020-01-23,16.43,378850000
2020-01-24,16.65,385250000
2020-01-27,17.08,385600000
2020-01-28,16.78,385600000
2020-01-29,16.31,387300000
2020-01-30,16.55,388400000
2020-01-31,16.7,387500000
2020-02-03,16.59,388100000
2020-02-04,16.55,388100000
2020-02-05,16.45,388100000
2020-02-06,16.58,388850000
2020-02-07,16.59,388850000
2020-02-10,16.6,388850000
2020-02-11,16.53,390100000
2020-02-12,16.39,390100000
2020-02-13,16.46,390100000
2020-02-14,16.53,389300000
2020-02-18,16.69,389300000
2020-02-19,17.12,389300000
2020-02-20,17.16,389300000
2020-02-21,17.32,389300000
2020-02-24,17.52,389300000
2020-02-25,17.11,390000000
2020-02-26,16.87,395000000
2020-02-27,16.84,395800000
2020-02-28,16.04,393800000
2020-03-02,15.78,387800000
2020-03-03,15.69,387800000
2020-03-04,16.1,387800000
2020-03-05,16.05,387300000
2020-03-06,16.31,387300000
2020-03-09,15.75,387300000
2020-03-10,15.93,386800000
2020-03-11,15.88,386800000
2020-03-12,15.42,385600000
2020-03-13,14.71,382500000
2020-03-16,12.1,378500000
2020-03-17,11.6,391400000
2020-03-18,11.59,397400000
2020-03-19,11.2,396300000
2020-03-20,11.78,400200000
2020-03-23,11.67,402700000
2020-03-24,12.71,410600000
2020-03-25,13.03,413000000
2020-03-26,13.45,420000000
2020-03-27,13.35,421700000
2020-03-30,13.11,423500000
2020-03-31,12.99,423700000
2020-04-01,13.07,423700000
2020-04-02,13.22,423300000
2020-04-03,13.42,424100000
2020-04-06,13.57,424100000
2020-04-07,14.06,430500000
2020-04-08,14.05,430500000
2020-04-09,14.15,431400000
2020-04-13,14.15,438000000
2020-04-14,14.46,439800000
2020-04-15,14.52,445400000
2020-04-16,14.45,445400000
2020-04-17,14.14,443900000
2020-04-20,14.13,440900000
2020-04-21,13.96,442400000
2020-04-22,13.9,440400000
2020-04-23,14.27,443500000
2020-04-24,14.28,443100000
2020-04-27,14.18,442600000
2020-04-28,14.12,442600000
2020-04-29,14.14,442600000
2020-04-30,14.3,442600000
2020-05-01,13.84,441100000
2020-05-04,13.92,443100000
2020-05-05,13.75,443100000
2020-05-06,14.05,443100000
2020-05-07,13.97,443100000
2020-05-08,13.97,448100000
2020-05-11,14.4,451400000
2020-05-12,14.44,454400000
2020-05-13,14.5,454400000
2020-05-14,14.48,454400000
2020-05-15,15.15,463400000
2020-05-18,16.17,472100000
2020-05-19,15.96,472100000
2020-05-20,16.28,482400000
2020-05-21,16.04,490900000
2020-05-22,15.85,488900000
2020-05-26,16.12,488900000
2020-05-27,16.02,488900000
2020-05-28,16.16,493900000
2020-05-29,16.39,496900000
2020-06-01,16.92,500500000
2020-06-02,17.03,507850000
2020-06-03,16.644831,507850000
2020-06-04,16.542083,507150000
2020-06-05,16.383417,506150000
2020-06-08,16.429343,504550000
2020-06-09,16.42912,507350000
2020-06-10,16.508116,507350000
2020-06-11,16.657013,515150000
2020-06-12,16.423787,517150000
2020-06-15,15.919836,517150000
2020-06-16,16.222518,518350000
2020-06-17,16.278217,521850000
2020-06-18,16.413135,522850000
2020-06-19,16.32903,521950000
2020-06-22,16.64058,521950000
2020-06-23,16.593755,526750000
2020-06-24,16.635468,526750000
2020-06-25,16.332343,527750000
2020-06-26,16.611718,527250000
2020-06-29,16.680938,528550000
2020-06-30,16.624791,534350000
2020-07-01,16.974059,534350000
2020-07-02,16.698998,538850000
2020-07-06,17.005527,540850000
2020-07-07,16.786361,539650000
2020-07-08,17.219339,539650000
2020-07-09,17.545178,548450000
2020-07-10,17.484384,553650000
2020-07-13,17.786444,551850000
2020-07-14,17.599876,551850000
2020-07-15,18.004894,553950000
2020-07-16,17.925462,559450000
2020-07-17,17.84603,561150000
2020-07-20,18.106158,565250000
2020-07-21,19.14467,581750000
2020-07-22,20.718837,589500000
2020-07-23,21.291499,599800000
2020-07-24,20.932538,599800000
2020-07-27,22.701738,599800000
2020-07-28,21.928199,607800000
2020-07-29,22.663869,614300000
2020-07-30,21.568925,613300000
2020-07-31,22.416389,609800000
2020-08-03,22.564526,608800000
2020-08-04,22.657348,609300000
2020-08-05,25.092395,614800000
2020-08-06,25.967476,616800000
2020-08-07,26.38155,615300000
2020-08-10,26.324584,611500000
2020-08-11,26.333538,613800000
2020-08-12,24.032867,616400000
2020-08-13,24.442314,623900000
2020-08-14,24.865718,616400000
2020-08-17,25.060272,616300000
2020-08-18,26.373064,619100000
2020-08-19,25.548503,619100000
2020-08-20,25.059219,615100000
2020-08-21,24.998342,616000000
2020-08-24,25.029917,618200000
2020-08-25,24.666364,613200000
2020-08-26,24.572894,608200000
2020-08-27,25.364168,613200000
2020-08-28,25.461609,614200000
2020-08-31,25.460569,616400000
2020-09-01,26.889768,616400000
2020-09-02,25.790894,614100000
2020-09-03,25.041135,610600000
2020-09-04,24.961661,606700000
2020-09-08,24.829957,602800000
2020-09-09,24.699285,600000000
2020-09-10,25.229582,600000000
2020-09-11,25.01512,598200000
2020-09-14,25.023403,597200000
2020-09-15,25.637482,600200000
2020-09-16,25.483526,598300000
2020-09-17,24.89203,596400000
2020-09-18,25.184935,594400000
2020-09-21,24.532245,594400000
2020-09-22,22.614177,596700000
2020-09-23,21.957554,594500000
2020-09-24,20.6772,585600000
2020-09-25,21.058605,587600000
2020-09-28,21.299793,591650000
2020-09-29,22.179241,591450000
2020-09-30,22.076535,589850000
2020-10-01,21.978484,589850000
2020-10-02,22.206167,603000000
2020-10-05,22.251783,603500000
2020-10-06,22.609728,603500000
2020-10-07,21.892922,603500000
2020-10-08,22.292744,602100000
2020-10-09,22.622772,600600000
2020-10-12,23.315079,600600000
2020-10-13,23.198449,605600000
2020-10-14,22.490941,605600000
2020-10-15,22.26731,605600000
2020-10-16,22.662474,605600000
2020-10-19,23.108194,606300000
2020-10-20,22.912468,603100000
2020-10-21,23.275056,603100000
2020-10-22,23.177034,603100000
2020-10-23,23.032488,603100000
2020-10-26,22.584896,603100000
2020-10-27,22.728816,600100000
2020-10-28,22.253944,602600000
2020-10-29,21.406869,601600000
2020-10-30,21.974192,601600000
2020-11-02,22.298972,601600000
2020-11-03,22.48004,601600000
2020-11-04,22.298361,603600000
2020-11-05,22.851477,603600000
2020-11-06,23.976611,614700000
2020-11-09,23.347807,619150000
2020-11-10,22.50108,615250000
2020-11-11,22.514724,615250000
2020-11-12,22.519066,612150000
2020-11-13,22.546662,612150000
2020-11-16,22.564338,610850000
2020-11-17,22.903522,609150000
2020-11-18,22.610221,607650000
2020-11-19,22.29832,604850000
2020-11-20,22.470087,602650000
2020-11-23,22.227316,591550000
2020-11-24,21.529414,587150000
2020-11-25,21.766303,586300000
2020-11-27,21.509921,585200000
2020-11-30,20.592862,585200000
2020-12-01,21.880809,587600000
2020-12-02,22.294238,587600000
2020-12-03,22.470582,589700000
2020-12-04,22.52141,589700000
2020-12-07,22.078867,589700000
2020-12-08,22.752618,592900000
2020-12-09,22.389714,592900000
2020-12-10,22.203462,590900000
2020-12-11,22.138077,589400000
2020-12-14,22.174359,589400000
2020-12-15,22.508757,589400000
2020-12-16,23.359149,589400000
2020-12-17,23.925965,596100000
2020-12-18,23.995369,599600000
2020-12-21,24.310491,599600000
2020-12-22,23.952216,599600000
2020-12-23,23.528863,596900000
2020-12-24,23.960863,596900000
2020-12-28,23.959554,596900000
2020-12-29,24.303225,599200000
2020-12-30,24.447,599150000
2020-12-31,24.614016,600950000
2021-01-04,25.342498,600950000
2021-01-05,25.565202,605650000
2021-01-06,25.578792,605250000
2021-01-07,25.211341,605250000
2021-01-08,24.760253,605250000
2021-01-11,23.249008,602250000
2021-01-12,23.718019,600100000
2021-01-13,23.541114,598600000
2021-01-14,23.461794,596700000
2021-01-15,23.456825,595700000
2021-01-19,23.502053,617200000
2021-01-20,23.501731,617950000
2021-01-21,24.031145,617950000
2021-01-22,23.524314,617950000
2021-01-25,23.816099,620150000
2021-01-26,23.597371,616850000
2021-01-27,23.397234,615350000
2021-01-28,23.415498,610650000
2021-01-29,25.469049,647700000
2021-02-01,27.484692,667750000
2021-02-02,25.384766,729100000
2021-02-03,24.89668,720500000
2021-02-04,24.524726,709650000
2021-02-05,24.64516,704750000
2021-02-08,25.247985,687200000
2021-02-09,25.670343,685500000
2021-02-10,25.293736,683500000
2021-02-11,25.19584,678750000
2021-02-12,25.144398,676550000
2021-02-16,25.612177,676650000
2021-02-17,25.184474,674650000
2021-02-18,25.230577,668450000
2021-02-19,25.030489,665950000
2021-02-22,25.489319,658550000
2021-02-23,25.972067,666950000
2021-02-24,25.767326,666950000
2021-02-25,25.934197,664950000
2021-02-26,24.781846,662950000
2021-03-01,24.971268,655850000
2021-03-02,24.385869,652050000
2021-03-03,24.68735,653650000
2021-03-04,24.101953,646650000
2021-03-05,23.544426,642450000
2021-03-08,23.357721,638950000
2021-03-09,23.914597,638950000
2021-03-10,23.812116,637950000
2021-03-11,24.373629,637950000
2021-03-12,23.653584,637950000
2021-03-15,24.233023,637550000
2021-03-16,24.214118,637550000
2021-03-17,24.000193,635250000
2021-03-18,24.259889,635250000
2021-03-19,24.301346,633650000
2021-03-22,23.896375,630850000
2021-03-23,23.784608,630850000
2021-03-24,23.389599,627350000
2021-03-25,22.901728,625150000
2021-03-26,23.25895,623050000
2021-03-29,23.049044,623050000
2021-03-30,22.593683,623500000
2021-03-31,22.277624,619300000
2021-04-01,22.569849,619300000
2021-04-05,22.568612,619300000
2021-04-06,23.241277,619300000
2021-04-07,23.189906,619300000
2021-04-08,23.509831,619300000
2021-04-09,23.412044,619300000
2021-04-12,23.350746,619300000
2021-04-13,23.155496,619300000
2021-04-14,23.50791,619300000
2021-04-15,23.744288,618100000
2021-04-16,24.259136,618100000
2021-04-19,24.225648,616300000
2021-04-20,24.016463,617500000
2021-04-21,24.043979,613600000
2021-04-22,24.405664,613600000
2021-04-23,24.242887,613900000
2021-04-26,24.227965,612650000
2021-04-27,24.390076,612650000
2021-04-28,24.00452,611350000
2021-04-29,24.389412,611350000
2021-04-30,24.008499,611350000
2021-05-03,24.007512,611350000
2021-05-04,24.889014,611350000
2021-05-05,24.396898,611350000
2021-05-06,24.795552,612750000
2021-05-07,25.398332,610800000
2021-05-10,25.731322,609500000
2021-05-11,25.494359,607700000
2021-05-12,25.429059,607700000
2021-05-13,24.881263,609800000
2021-05-14,25.261353,609800000
2021-05-17,25.612908,609800000
2021-05-18,26.415174,616100000
2021-05-19,25.672511,616100000
2021-05-20,25.732472,617500000
2021-05-21,25.787793,619500000
2021-05-24,25.642916,621500000
2021-05-25,25.559056,621500000
2021-05-26,26.082955,621500000
2021-05-27,25.651136,621500000
2021-05-28,25.627588,621500000
2021-06-01,26.164351,621500000
2021-06-02,25.732706,621500000
2021-06-03,25.74163,623600000
2021-06-04,25.379553,623600000
2021-06-07,25.57792,622600000
2021-06-08,25.702782,622350000
2021-06-09,25.577218,622350000
2021-06-10,25.651066,620900000
2021-06-11,26.095914,620500000
2021-06-14,25.71457,622100000
2021-06-15,25.616831,622100000
2021-06-16,25.695317,622100000
2021-06-17,24.660802,618500000
2021-06-18,24.465687,614400000
2021-06-21,24.065848,609900000
2021-06-22,24.07943,608400000
2021-06-23,24.055912,606400000
2021-06-24,24.097319,604900000
2021-06-25,24.226839,603000000
2021-06-28,24.188741,602000000
2021-06-29,24.063198,605000000
2021-06-30,23.886643,601800000
2021-07-01,24.345431,601800000
2021-07-02,24.261658,601800000
2021-07-06,24.668255,601800000
2021-07-07,24.459317,599800000
2021-07-08,24.199393,599800000
2021-07-09,24.110986,598800000
2021-07-12,24.031191,598800000
2021-07-13,24.197741,598800000
2021-07-14,24.257671,598800000
2021-07-15,24.289788,598800000
2021-07-16,24.196744,597400000
2021-07-19,23.472622,605200000
2021-07-20,23.259064,600700000
2021-07-21,23.268017,600700000
2021-07-22,23.235248,599100000
2021-07-23,23.323005,599100000
2021-07-26,23.507468,599100000
2021-07-27,23.275369,599100000
2021-07-28,22.978374,595700000
2021-07-29,23.585315,595700000
2021-07-30,23.622076,596800000
2021-08-02,23.542302,596800000
2021-08-03,23.592948,596800000
2021-08-04,23.787233,596800000
2021-08-05,23.583032,596800000
2021-08-06,23.142524,597200000
2021-08-09,22.089762,597200000
2021-08-10,21.672442,597200000
2021-08-11,21.695313,597200000
2021-08-12,21.695017,599400000
2021-08-13,21.666919,599400000
2021-08-16,21.809668,599400000
2021-08-17,22.142983,599400000
2021-08-18,21.929536,597100000
2021-08-19,21.623422,595600000
2021-08-20,21.498019,593500000
2021-08-23,21.705643,592750000
2021-08-24,22.011158,589050000
2021-08-25,22.006223,589050000
2021-08-26,21.931785,589050000
2021-08-27,21.871248,589050000
2021-08-30,21.87035,589050000
2021-08-31,22.27317,594450000
2021-09-01,22.157026,594450000
2021-09-02,22.383668,593650000
2021-09-03,22.281468,593650000
2021-09-07,22.456241,591450000
2021-09-08,22.520775,591450000
2021-09-09,22.362994,591450000
2021-09-10,22.251529,589150000
2021-09-13,21.838405,587950000
2021-09-14,21.856632,587950000
2021-09-15,22.074015,587950000
2021-09-16,21.73561,587950000
2021-09-17,21.309209,587950000
2021-09-20,20.738657,590750000
2021-09-21,20.886582,590750000
2021-09-22,21.053032,590200000
2021-09-23,21.057375,590200000
2021-09-24,20.982981,588900000
2021-09-27,20.884849,584600000
2021-09-28,20.555722,584600000
2021-09-29,20.67123,584050000
2021-09-30,19.929894,593150000
2021-10-01,20.457616,593150000
2021-10-04,20.655846,593950000
2021-10-05,20.817596,593950000
2021-10-06,20.641389,593950000
2021-10-07,21.006839,593950000
2021-10-08,20.876924,592850000
2021-10-11,20.848285,589850000
2021-10-12,20.959108,589850000
2021-10-13,21.185668,589850000
2021-10-14,21.606668,597850000
2021-10-15,21.513781,597850000
2021-10-18,21.49438,598100000
2021-10-19,21.966295,593600000
2021-10-20,22.174321,590300000
2021-10-21,22.428642,590300000
2021-10-22,22.502408,590300000
2021-10-25,22.561663,588100000
2021-10-26,22.5058,588100000
2021-10-27,22.172165,588100000
2021-10-28,22.282971,590500000
2021-10-29,22.222482,590500000
2021-11-01,22.08731,589150000
2021-11-02,22.087007,589150000
2021-11-03,21.822929,586150000
2021-11-04,21.96146,588650000
2021-11-05,22.044456,588100000
2021-11-08,22.46929,588100000
2021-11-09,22.556907,588100000
2021-11-10,22.371494,588100000
2021-11-11,23.116234,588100000
2021-11-12,23.092781,592350000
2021-11-15,23.32784,592350000
2021-11-16,23.383052,592350000
2021-11-17,23.169862,592350000
2021-11-18,23.104758,592350000
2021-11-19,22.93322,592350000
2021-11-22,22.844354,593600000
2021-11-23,22.034208,591300000
2021-11-24,21.737739,591300000
2021-11-26,21.862091,593500000
2021-11-29,21.495611,593500000
2021-11-30,21.152873,592900000
2021-12-01,21.147955,592100000
2021-12-02,20.717484,590800000
2021-12-03,20.675569,588900000
2021-12-06,20.665466,587700000
2021-12-07,20.75307,587700000
2021-12-08,20.743536,590900000
2021-12-09,20.581356,590900000
2021-12-10,20.252656,589800000
2021-12-13,20.552484,587050000
2021-12-14,20.505945,585450000
2021-12-15,20.167995,585450000
2021-12-16,20.510012,581850000
2021-12-17,20.944539,580850000
2021-12-20,20.61989,583800000
2021-12-21,21.035912,582500000
2021-12-22,20.956988,582500000
2021-12-23,21.100094,581200000
2021-12-27,20.96017,581200000
2021-12-28,20.959881,578300000
2021-12-29,21.116865,578300000
2021-12-30,21.051816,576200000
2021-12-31,21.347567,573800000
2022-01-03,21.34669,573800000
2022-01-04,21.165998,573800000
2022-01-05,21.318289,573800000
2022-01-06,20.568962,573800000
2022-01-07,20.564057,573800000
2022-01-10,20.76203,573800000
2022-01-11,20.886584,573800000
2022-01-12,21.029632,573800000
2022-01-13,21.491711,572900000
2022-01-14,21.357329,571700000
2022-01-18,21.185081,570700000
2022-01-19,21.980063,568600000
2022-01-20,22.395893,570750000
2022-01-21,22.483434,566250000
2022-01-24,22.246719,576050000
2022-01-25,21.876523,578550000
2022-01-26,22.056546,578550000
2022-01-27,21.418179,578550000
2022-01-28,20.798315,577250000
2022-01-31,20.792836,577250000
2022-02-01,21.148573,577250000
2022-02-02,21.055853,583350000
2022-02-03,20.667342,583350000
2022-02-04,20.801088,583350000
2022-02-07,21.128377,585750000
2022-02-08,21.128089,589150000
2022-02-09,21.488291,589150000
2022-02-10,21.585052,589150000
2022-02-11,21.159561,589150000
2022-02-14,21.893545,592650000
2022-02-15,21.518888,592650000
2022-02-16,21.717326,592650000
2022-02-17,21.795598,595250000
2022-02-18,21.966302,596350000
2022-02-22,22.18694,596750000
2022-02-23,22.274448,596750000
2022-02-24,23.392588,594550000
2022-02-25,22.370872,590750000
2022-02-28,22.49936,590750000
2022-03-01,22.76711,590750000
2022-03-02,23.168739,590750000
2022-03-03,23.385562,590750000
2022-03-04,23.237402,590750000
2022-03-07,23.781608,590750000
2022-03-08,24.132404,593150000
2022-03-09,24.182891,587550000
2022-03-10,23.970039,587550000
2022-03-11,23.70175,587550000
2022-03-14,23.442059,589850000
2022-03-15,22.757976,589850000
2022-03-16,23.044105,589350000
2022-03-17,23.408772,593150000
2022-03-18,23.311432,595550000
2022-03-21,23.125674,595550000
2022-03-22,23.171557,595550000
2022-03-23,23.10656,595550000
2022-03-24,23.383444,597750000
2022-03-25,23.664944,597750000
2022-03-28,23.003316,599750000
2022-03-29,22.758142,600500000
2022-03-30,22.86409,602100000
2022-03-31,22.919217,604600000
2022-04-01,22.803403,604600000
2022-04-04,22.779387,611700000
2022-04-05,22.788312,613200000
2022-04-06,22.409323,613200000
2022-04-07,22.51523,613200000
2022-04-08,22.741204,613200000
2022-04-11,23.132799,612300000
2022-04-12,23.09092,612300000
2022-04-13,23.67709,612300000
2022-04-14,23.690622,616800000
2022-04-18,23.689337,623050000
2022-04-19,23.929148,622550000
2022-04-20,23.26845,625750000
2022-04-21,22.755535,625750000
2022-04-22,22.478146,629550000
2022-04-25,21.710634,627350000
2022-04-26,21.945853,627350000
2022-04-27,21.820866,625850000
2022-04-28,21.381857,623350000
2022-04-29,21.644789,622750000
2022-05-02,21.6439,622750000
2022-05-03,20.890871,623700000
2022-05-04,20.858274,624900000
2022-05-05,21.153408,623900000
2022-05-06,20.756147,623900000
2022-05-09,20.182917,623900000
2022-05-10,20.182641,623900000
2022-05-11,20.108506,617900000
2022-05-12,19.369679,617900000
2022-05-13,19.23555,615900000
2022-05-16,19.539408,612100000
2022-05-17,20.102287,612100000
2022-05-18,19.995844,610050000
2022-05-19,19.898634,609200000
2022-05-20,20.332262,609200000
2022-05-23,20.382201,608700000
2022-05-24,20.234211,608200000
2022-05-25,20.14623,607500000
2022-05-26,20.196729,604500000
2022-05-27,20.556498,604500000
2022-05-31,20.089154,602400000
2022-06-01,19.941166,599950000
2022-06-02,19.940892,599950000
2022-06-03,19.940616,592950000
2022-06-06,20.534995,592950000
2022-06-07,20.382452,589850000
2022-06-08,20.225299,589850000
2022-06-09,20.23425,590850000
2022-06-10,19.920224,589950000
2022-06-13,19.891722,589950000
2022-06-14,19.591543,589950000
2022-06-15,19.798903,591150000
2022-06-16,19.775562,590650000
2022-06-17,20.153633,589150000
2022-06-21,19.991048,592950000
2022-06-22,19.760078,592950000
2022-06-23,19.542951,590750000
2022-06-24,19.242775,587350000
2022-06-27,19.795658,587350000
2022-06-28,19.587759,587350000
2022-06-29,19.347565,586550000
2022-06-30,18.830537,585950000
2022-07-01,18.193553,585950000
2022-07-05,18.298606,572600000
2022-07-06,17.726481,567300000
2022-07-07,17.915324,565600000
2022-07-08,17.707543,561300000
2022-07-11,17.716038,561000000
2022-07-12,17.397574,557800000
2022-07-13,17.48035,556900000
2022-07-14,17.300246,555800000
2022-07-15,17.023295,553400000
2022-07-18,17.41,559250000
2022-07-19,17.428206,550300000
2022-07-20,17.317278,543500000
2022-07-21,16.842013,542600000
2022-07-22,17.344481,542600000
2022-07-25,17.293035,541100000
2022-07-26,17.094484,537300000
2022-07-27,17.301783,524850000
2022-07-28,17.818086,524350000
2022-07-29,18.500414,524350000
2022-08-01,18.813273,528150000
2022-08-02,18.748474,527800000
2022-08-03,18.365585,527800000
2022-08-04,18.683425,526800000
2022-08-05,18.494158,526800000
2022-08-08,18.61787,527300000
2022-08-09,18.991026,526200000
2022-08-10,18.838635,526200000
2022-08-11,18.935188,526100000
2022-08-12,18.681377,526100000
2022-08-15,18.740541,527350000
2022-08-16,18.551273,526150000
2022-08-17,18.348177,526550000
2022-08-18,18.274165,524600000
2022-08-19,17.725318,521150000
2022-08-22,17.415715,520050000
2022-08-23,17.503065,515250000
2022-08-24,17.512046,515250000
2022-08-25,17.811459,512900000
2022-08-26,17.709792,509900000
2022-08-29,17.709062,508300000
2022-08-30,17.22937,507700000
2022-08-31,16.537619,504950000
2022-09-01,16.37604,506650000
2022-09-02,16.509443,506300000
2022-09-06,16.950893,507200000
2022-09-07,16.743308,507200000
2022-09-08,17.162392,507350000
2022-09-09,17.291177,507950000
2022-09-12,17.705172,508450000
2022-09-13,18.359242,505550000
2022-09-14,17.971932,506800000
2022-09-15,17.847276,509600000
2022-09-16,17.501449,518400000
2022-09-19,17.500732,520000000
2022-09-20,17.795394,523150000
2022-09-21,17.974854,522400000
2022-09-22,18.043725,522950000
2022-09-23,17.504364,522150000
2022-09-26,17.167274,522150000
2022-09-27,17.208509,521450000
2022-09-28,16.816608,520750000
2022-09-29,17.198827,521850000
2022-09-30,17.521138,521850000
2022-10-03,17.884436,521850000
2022-10-04,19.275206,518800000
2022-10-05,18.823551,516300000
2022-10-06,18.920018,513600000
2022-10-07,18.998061,513600000
2022-10-10,18.260327,519100000
2022-10-11,17.863959,519100000
2022-10-12,17.670264,524000000
2022-10-13,17.660812,526400000
2022-10-14,17.282878,527650000
2022-10-17,17.125566,529450000
2022-10-18,17.217451,528250000
2022-10-19,16.977703,527250000
2022-10-20,17.29989,527750000
2022-10-21,16.931173,527150000
2022-10-24,17.695076,529400000
2022-10-25,17.386231,528300000
2022-10-26,18.040045,525500000
2022-10-27,17.837133,525800000
2022-10-28,17.703314,525100000
2022-10-31,17.647314,524650000
2022-11-01,18.416276,524550000
2022-11-02,18.213442,524150000
2022-11-03,17.42128,518750000
2022-11-04,18.383304,518750000
2022-11-07,19.031729,516850000
2022-11-08,19.105132,512700000
2022-11-09,19.629742,513100000
2022-11-10,19.417682,512500000
2022-11-11,19.776539,512500000
2022-11-14,19.766516,511100000
2022-11-15,20.199034,511100000
2022-11-16,20.207967,514500000
2022-11-17,19.401967,514500000
2022-11-18,19.420118,514500000
2022-11-21,19.000354,520200000
2022-11-22,19.580213,521000000
2022-11-23,19.575341,521000000
2022-11-25,19.639262,521400000
2022-11-28,19.76737,520900000
2022-11-29,19.665808,520500000
2022-11-30,19.845099,520000000
2022-12-01,20.374301,518600000
2022-12-02,20.806641,516700000
2022-12-05,21.155563,516000000
2022-12-06,20.745664,515000000
2022-12-07,20.602707,515000000
2022-12-08,20.887771,516700000
2022-12-09,21.269478,514500000
2022-12-12,21.526335,513900000
2022-12-13,21.530641,512000000
2022-12-14,21.728246,510000000
2022-12-15,21.318338,508150000
2022-12-16,21.009688,508150000
2022-12-19,21.386219,509200000
2022-12-20,21.846162,509900000
2022-12-21,21.983932,507900000
2022-12-22,21.840958,507900000
2022-12-23,21.840659,507900000
2022-12-27,21.839461,507350000
2022-12-28,21.949619,509050000
2022-12-29,21.949318,509050000
2022-12-30,22.031859,507850000
2023-01-03,22.352814,506550000
2023-01-04,22.347907,505450000
2023-01-05,21.537917,506450000
2023-01-06,21.579028,509650000
2023-01-09,21.941579,509650000
2023-01-10,21.633046,508700000
2023-01-11,21.959383,508700000
2023-01-12,21.802666,508700000
2023-01-13,21.779364,506200000
2023-01-17,22.169204,502850000
2023-01-18,22.247106,498050000
2023-01-19,21.565927,497300000
2023-01-20,21.956674,498700000
2023-01-23,21.776389,518700000
2023-01-24,21.808295,521000000
2023-01-25,21.550373,521900000
2023-01-26,21.807702,521900000
2023-01-27,21.821204,521900000
2023-01-30,21.737497,520400000
2023-01-31,21.148341,519000000
2023-02-01,21.608096,517900000
2023-02-02,22.47232,517900000
2023-02-03,21.602894,518100000
2023-02-06,20.58114,519700000
2023-02-07,20.419912,522500000
2023-02-08,20.644961,526000000
2023-02-09,20.658474,526000000
2023-02-10,20.336296,526000000
2023-02-13,20.215898,525500000
2023-02-14,19.962703,525500000
2023-02-15,19.741702,526250000
2023-02-16,19.828804,527150000
2023-02-17,19.506638,528850000
2023-02-21,20.0206,528100000
2023-02-22,20.098501,529600000
2023-02-23,19.785525,526150000
2023-02-24,19.389782,524550000
2023-02-27,19.05789,523200000
2023-02-28,18.869088,520400000
2023-03-01,19.301091,519400000
2023-03-02,19.121558,521100000
2023-03-03,19.387902,521100000
2023-03-06,19.382507,520100000
2023-03-07,19.221358,519600000
2023-03-08,18.481034,520900000
2023-03-09,18.494571,520900000
2023-03-10,18.466738,520900000
2023-03-13,19.389904,519500000
2023-03-14,19.890674,520200000
2023-03-15,20.308695,514750000
2023-03-16,20.230267,503350000
2023-03-17,20.115071,499650000
2023-03-20,20.675039,498800000
2023-03-21,20.647176,499700000
2023-03-22,20.536573,499100000
2023-03-23,21.046524,499800000
2023-03-24,21.294457,499550000
2023-03-27,21.036166,499150000
2023-03-28,21.178376,500450000
2023-03-29,21.371147,501050000
2023-03-30,21.789154,506250000
2023-03-31,21.949739,506250000
2023-04-03,21.985608,504650000
2023-04-04,22.068016,507500000
2023-04-05,22.733973,509900000
2023-04-06,22.912862,509900000
2023-04-10,22.911606,509900000
2023-04-11,23.021571,511700000
2023-04-12,23.103964,512500000
2023-04-13,23.54016,512500000
2023-04-14,23.912022,511200000
2023-04-17,23.327483,508200000
2023-04-18,23.051469,506000000
2023-04-19,22.738701,506000000
2023-04-20,23.335725,505000000
2023-04-21,23.110255,504300000
2023-04-24,22.994449,512950000
2023-04-25,22.870072,511750000
2023-04-26,22.828404,510550000
2023-04-27,23.099189,510550000
2023-04-28,22.749661,509550000
2023-05-01,22.748726,509550000
2023-05-02,22.753009,508250000
2023-05-03,23.193624,508650000
2023-05-04,23.537779,508250000
2023-05-05,23.734954,506950000
2023-05-08,23.733979,506950000
2023-05-09,23.481041,508350000
2023-05-10,23.439384,511050000
2023-05-11,22.855755,511750000
2023-05-12,21.909289,511750000
2023-05-15,21.940538,511050000
2023-05-16,21.843785,511050000
2023-05-17,21.751625,510050000
2023-05-18,21.599759,510050000
2023-05-19,21.728067,510050000
2023-05-22,21.901712,513100000
2023-05-23,21.267582,513100000
2023-05-24,21.501532,513400000
2023-05-25,21.124611,509800000
2023-05-26,21.252925,509800000
2023-05-30,21.352805,509400000
2023-05-31,21.352513,509400000
2023-06-01,21.56809,508400000
2023-06-02,21.930481,508400000
2023-06-05,21.55312,508400000
2023-06-06,21.708919,509500000
2023-06-07,21.65353,509500000
2023-06-08,21.731279,508900000
2023-06-09,22.323217,508900000
2023-06-12,22.225886,507250000
2023-06-13,22.207217,506450000
2023-06-14,21.871771,504950000
2023-06-15,21.485829,504950000
2023-06-16,22.022679,504450000
2023-06-20,21.819485,510750000
2023-06-21,21.181042,510750000
2023-06-22,20.762974,511650000
2023-06-23,20.505596,511650000
2023-06-26,20.927123,512450000
2023-06-27,20.958973,512450000
2023-06-28,20.75209,508350000
2023-06-29,20.953809,509850000
2023-06-30,20.622972,509850000
2023-07-03,20.902174,509850000
2023-07-05,20.933722,508250000
2023-07-06,21.263846,508250000
2023-07-07,20.845952,506450000
2023-07-10,21.143382,506450000
2023-07-11,21.230283,504400000
2023-07-12,21.252937,504400000
2023-07-13,22.262232,502000000
2023-07-14,22.730008,499500000
2023-07-17,22.765781,496700000
2023-07-18,22.834305,496700000
2023-07-19,22.953306,495100000
2023-07-20,23.099841,493900000
2023-07-21,22.691099,493900000
2023-07-24,22.561671,493000000
2023-07-25,22.529239,493000000
2023-07-26,22.634478,493000000
2023-07-27,22.946223,492400000
2023-07-28,22.225427,492200000
2023-07-31,22.343829,492200000
2023-08-01,22.490373,491900000
2023-08-02,22.393735,491900000
2023-08-03,21.609028,489400000
2023-08-04,21.512403,489400000
2023-08-07,21.46106,489400000
2023-08-08,21.135081,490700000
2023-08-09,20.827455,492200000
2023-08-10,20.914325,492800000
2023-08-11,20.813122,493300000
2023-08-14,20.844376,493000000
2023-08-15,20.555102,493000000
2023-08-16,20.816287,493000000
2023-08-17,20.825176,493000000
2023-08-18,20.902871,492000000
2023-08-21,20.98458,492000000
2023-08-22,21.452179,491100000
2023-08-23,21.782158,489300000
2023-08-24,22.180939,486300000
2023-08-25,22.180634,484900000
2023-08-28,22.179723,485100000
2023-08-29,22.211528,483100000
2023-08-30,22.578195,479600000
2023-08-31,22.499903,478100000
2023-09-01,22.600512,477300000
2023-09-05,21.590509,476000000
2023-09-06,21.52602,476000000
2023-09-07,21.099294,476000000
2023-09-08,21.099007,479500000
2023-09-11,21.18526,479500000
2023-09-12,20.996975,480600000
2023-09-13,21.001272,480600000
2023-09-14,20.757965,479450000
2023-09-15,21.142844,481250000
2023-09-18,21.265794,490850000
2023-09-19,21.389304,490850000
2023-09-20,21.338573,489650000
2023-09-21,21.306184,490150000
2023-09-22,21.681883,490150000
2023-09-25,21.598455,488950000
2023-09-26,21.098367,489650000
2023-09-27,20.891736,482050000
2023-09-28,20.671356,481850000
2023-09-29,21.152527,481850000
2023-10-02,19.817342,481850000
2023-10-03,19.299169,488950000
2023-10-04,19.344738,491150000
2023-10-05,19.367389,492150000
2023-10-06,19.353374,492150000
2023-10-09,19.842988,494150000
2023-10-10,19.902298,493750000
2023-10-11,20.227435,492850000
2023-10-12,20.291322,491350000
2023-10-13,20.236045,490050000
2023-10-16,20.707284,488450000
2023-10-17,20.784914,484950000
2023-10-18,21.270453,483850000
2023-10-19,20.972249,482050000
2023-10-20,21.274456,482050000
2023-10-23,21.246087,484800000
2023-10-24,20.837887,484800000
2023-10-25,20.901767,484800000
2023-10-26,21.048145,484100000
2023-10-27,20.850777,484100000
2023-10-30,21.211995,483100000
2023-10-31,21.257536,482100000
2023-11-01,20.771418,480000000
2023-11-02,21.10557,480900000
2023-11-03,20.743357,480900000
2023-11-06,21.264775,480900000
2023-11-07,20.646005,480900000
2023-11-08,20.558677,480900000
2023-11-09,20.659185,481700000
2023-11-10,20.608508,481700000
2023-11-13,20.22283,481900000
2023-11-14,20.474526,481900000
2023-11-15,21.445485,481050000
2023-11-16,21.683419,479050000
2023-11-17,21.980907,477050000
2023-11-20,21.421092,482100000
2023-11-21,21.553657,482100000
2023-11-22,21.832822,481500000
2023-11-24,21.713108,480400000
2023-11-27,22.674294,480400000
2023-11-28,22.577772,475900000
2023-11-29,22.866087,475900000
2023-11-30,22.916167,473800000
2023-12-01,23.04413,473000000
2023-12-04,23.047763,472850000
2023-12-05,22.227702,472850000
2023-12-06,22.067112,472850000
2023-12-07,21.897367,474650000
2023-12-08,21.787157,474650000
2023-12-11,20.989414,474000000
2023-12-12,21.021188,482000000
2023-12-13,20.81024,482000000
2023-12-14,21.968585,482000000
2023-12-15,22.151466,481100000
2023-12-18,21.917004,484100000
2023-12-19,21.893806,484100000
2023-12-20,21.948461,484100000
2023-12-21,22.14508,481600000
2023-12-22,22.396652,480000000
2023-12-26,22.395421,478500000
2023-12-27,22.01043,478500000
2023-12-28,22.20705,478500000
2023-12-29,21.780844,477500000
2024-01-02,21.921618,477000000
2024-01-03,21.312494,475200000
2024-01-04,21.019236,476200000
2024-01-05,21.037259,474450000
2024-01-08,20.912801,474450000
2024-01-09,21.168861,473950000
2024-01-10,21.022088,473950000
2024-01-11,21.08131,473500000
2024-01-12,21.10391,473500000
2024-01-16,21.098178,472900000
2024-01-17,20.873586,472900000
2024-01-18,20.690196,472400000
2024-01-19,20.86844,472400000
2024-01-22,20.318306,490100000
2024-01-23,20.372961,491600000
2024-01-24,20.839594,489600000
2024-01-25,20.935438,487900000
2024-01-26,20.971771,485600000
2024-01-29,21.053305,483550000
2024-01-30,21.117102,480750000
2024-01-31,21.130546,479450000
2024-02-01,20.745737,478950000
2024-02-02,21.257925,475500000
2024-02-05,20.593584,475500000
2024-02-06,20.410279,480800000
2024-02-07,20.396274,480800000
2024-02-08,20.450903,480850000
2024-02-09,20.729737,478750000
2024-02-12,20.966821,478200000
2024-02-13,20.925353,478200000
2024-02-14,20.206689,477700000
2024-02-15,20.700584,479050000
2024-02-16,21.052625,475350000
2024-02-20,21.097226,472900000
2024-02-21,21.110664,472900000
2024-02-22,21.1058,471700000
2024-02-23,20.780636,468350000
2024-02-26,20.59218,467650000
2024-02-27,20.738323,473250000
2024-02-28,20.440621,471850000
2024-02-29,20.435765,470950000
2024-03-01,20.783237,470950000
2024-03-04,21.129994,469500000
2024-03-05,21.888961,466900000
2024-03-06,21.765167,464400000
2024-03-07,22.094183,459700000
2024-03-08,22.404902,457300000
2024-03-11,22.275917,457900000
2024-03-12,22.293908,457900000
2024-03-13,22.224996,457900000
2024-03-14,22.837587,456800000
2024-03-15,23.065966,454200000
2024-03-18,23.023882,467100000
2024-03-19,22.799449,466050000
2024-03-20,22.730528,463200000
2024-03-21,23.256209,464500000
2024-03-22,22.487483,460250000
2024-03-25,22.55517,460650000
2024-03-26,22.701226,462500000
2024-03-27,22.417338,463600000
2024-03-28,22.439901,463600000
2024-04-01,22.438694,470950000
2024-04-02,23.453772,474050000
2024-04-03,23.997523,478250000
2024-04-04,24.68757,482350000
2024-04-05,24.486065,482700000
2024-04-08,25.440611,483300000
2024-04-09,25.568279,483300000
2024-04-10,25.668511,479000000
2024-04-11,25.613293,474550000
2024-04-12,26.536489,474550000
2024-04-15,26.000457,467050000
2024-04-16,25.830937,466100000
2024-04-17,26.027178,461750000
2024-04-18,26.026819,457750000
2024-04-19,25.816147,455350000
2024-04-22,25.353343,467350000
2024-04-23,24.603187,468350000
2024-04-24,24.790304,470050000
2024-04-25,25.013994,469850000
2024-04-26,25.251396,468850000
2024-04-29,25.026334,469350000
2024-04-30,24.363047,467050000
2024-05-01,24.202692,464450000
2024-05-02,23.978428,464450000
2024-05-03,24.220313,463950000
2024-05-06,24.219321,463950000
2024-05-07,24.913639,463950000
2024-05-08,24.890448,463950000
2024-05-09,25.246571,461950000
2024-05-10,26.173948,460850000
2024-05-13,25.702159,460850000
2024-05-14,25.980581,459850000
2024-05-15,26.332121,459850000
2024-05-16,27.113241,458900000
2024-05-17,27.12201,457800000
2024-05-20,29.054043,461950000
2024-05-21,28.907405,461950000
2024-05-22,29.07153,460050000
2024-05-23,27.905768,460950000
2024-05-24,27.951085,457850000
2024-05-28,28.831578,456700000
2024-05-29,29.247061,456700000
2024-05-30,28.794219,452700000
2024-05-31,28.565322,452700000
2024-06-03,27.746105,452700000
2024-06-04,27.138157,454550000
2024-06-05,27.050992,457450000
2024-06-06,27.676466,457450000
2024-06-07,27.648682,460950000
2024-06-10,27.113074,462750000
2024-06-11,26.715275,467500000
2024-06-12,26.838253,470300000
2024-06-13,26.709977,470300000
2024-06-14,26.682204,471200000
2024-06-17,26.703949,470400000
2024-06-18,26.607657,476050000
2024-06-20,27.611929,476050000
2024-06-21,27.798845,473750000
2024-06-24,26.998298,482350000
2024-06-25,26.997928,479600000
2024-06-26,26.335175,479600000
2024-06-27,26.366791,478600000
2024-06-28,26.823248,478800000
2024-07-01,26.707945,478800000
2024-07-02,26.766965,478100000
2024-07-03,27.515477,481900000
2024-07-05,27.92569,480300000
2024-07-08,28.298977,477800000
2024-07-09,28.357953,477800000
2024-07-10,28.247973,477000000
2024-07-11,28.320648,477000000
2024-07-12,28.050847,474650000
2024-07-15,28.067963,474650000
2024-07-16,28.181737,474650000
2024-07-17,28.227017,477250000
2024-07-18,27.82023,477250000
2024-07-19,26.573254,481550000
2024-07-22,26.535673,498950000
2024-07-23,26.526181,503450000
2024-07-24,26.74043,500050000
2024-07-25,25.552839,500050000
2024-07-26,25.33788,504850000
2024-07-29,25.688441,504350000
2024-07-30,25.450646,504350000
2024-07-31,26.071307,506550000
2024-08-01,26.363189,504750000
2024-08-02,26.426728,502650000
2024-08-05,24.741408,502650000
2024-08-06,24.704558,506650000
2024-08-07,24.781817,510200000
2024-08-08,24.580648,510200000
2024-08-09,25.16911,510200000
2024-08-12,25.524095,510200000
2024-08-13,25.277273,510200000
2024-08-14,25.505145,511500000
2024-08-15,25.600647,511500000
2024-08-16,25.677889,509850000
2024-08-19,26.311281,511350000
2024-08-20,27.169013,513050000
2024-08-21,26.97694,512050000
2024-08-22,26.981407,510400000
2024-08-23,26.862366,510350000
2024-08-26,26.861258,507150000
2024-08-27,27.285375,509650000
2024-08-28,26.860519,509050000
2024-08-29,26.91036,509050000
2024-08-30,26.891736,510450000
2024-09-03,25.835911,510950000
2024-09-04,25.621124,510950000
2024-09-05,26.204764,510950000
2024-09-06,26.313904,510900000
2024-09-09,25.66496,510200000
2024-09-10,25.942919,512500000
2024-09-11,26.293871,512500000
2024-09-12,26.243325,512500000
2024-09-13,27.337948,513550000
2024-09-16,28.199113,507000000
2024-09-17,27.988854,505300000
2024-09-18,27.906347,503700000
2024-09-19,28.426084,503700000
2024-09-20,28.567129,501700000
2024-09-23,27.940931,511900000
2024-09-24,28.164106,509400000
2024-09-25,29.048832,509400000
2024-09-26,29.627865,514500000
2024-09-27,29.111909,515700000
2024-09-30,28.344227,514200000
2024-10-01,28.599335,514200000
2024-10-02,28.630868,512600000
2024-10-03,28.730809,510650000
2024-10-04,29.241208,511400000
2024-10-07,29.075832,513600000
2024-10-08,28.528162,516850000
2024-10-09,27.985057,516850000
2024-10-10,27.970992,515850000
2024-10-11,28.449476,515350000
2024-10-14,28.498477,515350000
2024-10-15,28.415996,515350000
2024-10-16,28.99481,519100000
2024-10-17,29.008096,519100000
2024-10-18,29.29502,520500000
2024-10-21,31.004057,524150000
2024-10-22,31.391286,523900000
2024-10-23,31.468387,523150000
2024-10-24,31.125914,526500000
2024-10-25,30.227046,524250000
2024-10-28,30.440155,523550000
2024-10-29,31.132952,523550000
2024-10-30,31.027636,527550000
2024-10-31,30.625879,527550000
2024-11-01,29.904885,526950000
2024-11-04,29.940127,525950000
2024-11-05,29.766483,521900000
2024-11-06,28.991091,521900000
2024-11-07,28.357032,524100000
2024-11-08,28.762372,523750000
2024-11-11,28.54693,522550000
2024-11-12,27.716848,521150000
2024-11-13,28.176901,519500000
2024-11-14,27.337704,516100000
2024-11-15,27.948204,517500000
2024-11-18,28.020012,523800000
2024-11-19,28.516531,523800000
2024-11-20,28.137765,521900000
2024-11-21,28.315171,521900000
2024-11-22,28.488016,521900000
2024-11-25,28.062883,520700000
2024-11-26,27.834563,520700000
2024-11-27,27.788595,520300000
2024-11-29,27.979301,518700000
2024-12-02,27.754775,518700000
2024-12-03,28.164508,516500000
2024-12-04,28.100328,516500000
2024-12-05,28.564742,521250000
2024-12-06,28.35018,519750000
2024-12-09,28.822922,517700000
2024-12-10,29.068594,514850000
2024-12-11,28.885919,508500000
2024-12-12,29.04957,507900000
2024-12-13,28.005655,502600000
2024-12-16,27.931599,503100000
2024-12-17,27.616795,501900000
2024-12-18,27.657429,501900000
2024-12-19,26.868719,502100000
2024-12-20,26.23496,508850000
2024-12-23,26.972088,508850000
2024-12-24,26.857798,506550000
2024-12-26,26.857064,506550000
2024-12-27,27.007071,505300000
2024-12-30,26.837362,505300000
2024-12-31,26.33119,507150000
2025-01-02,26.786152,508950000
2025-01-03,27.159279,507350000
2025-01-06,27.572644,504250000
2025-01-07,27.540383,504250000
2025-01-08,27.453464,504250000
2025-01-10,27.64857,504950000
2025-01-13,27.214727,505200000
2025-01-14,27.082268,510300000
2025-01-15,27.314193,510300000
2025-01-16,27.965155,508600000
2025-01-17,27.89645,508600000
2025-01-21,27.762834,509400000
2025-01-22,28.044849,503900000
2025-01-23,27.752954,502100000
2025-01-24,28.085076,501350000
2025-01-27,27.847066,499350000
2025-01-28,27.454967,497550000
2025-01-29,27.71877,495350000
2025-01-30,28.223978,492750000
2025-01-31,28.779283,489950000
2025-02-03,28.491143,489650000
2025-02-04,28.76848,486250000
2025-02-05,29.387276,472650000
2025-02-06,29.154671,470750000
2025-02-07,29.386474,472750000
2025-02-10,29.376179,480350000
2025-02-11,28.888612,480350000
2025-02-12,28.920088,482100000
2025-02-13,29.384092,482100000
2025-02-14,30.139478,482100000
2025-02-18,29.550488,479600000
2025-02-19,29.959847,477900000
2025-02-20,30.096025,477400000
2025-02-21,29.977236,477900000
2025-02-24,29.593575,484750000
2025-02-25,29.260803,482150000
2025-02-26,28.86885,482250000
2025-02-27,28.877559,480650000
2025-02-28,28.339916,481550000
2025-03-03,28.693877,479550000
2025-03-04,29.039372,479550000
2025-03-05,29.357555,479050000
2025-03-06,29.516442,477150000
2025-03-07,29.575204,478550000
2025-03-10,29.583093,479450000
2025-03-11,29.623647,478250000
2025-03-12,30.060152,477400000
2025-03-13,30.168969,478400000
2025-03-14,30.846681,482900000
2025-03-17,30.731648,488200000
2025-03-18,31.017949,487850000
2025-03-19,30.867336,487850000
2025-03-20,30.311673,486650000
2025-03-21,30.192926,484750000
2025-03-24,30.105251,499750000
2025-03-25,30.423417,499750000
2025-03-26,30.718818,492750000
2025-03-27,31.036975,491550000
2025-03-28,31.295966,492550000
2025-03-31,30.985202,492550000
2025-04-01,30.907408,492150000
2025-04-02,30.815998,491100000
2025-04-03,29.546324,489500000
2025-04-04,28.513233,490500000
2025-04-07,27.58856,491750000
2025-04-08,27.579084,492500000
2025-04-09,27.455875,491950000
2025-04-10,28.133343,494050000
2025-04-11,28.446858,493750000
2025-04-14,29.360095,493750000
2025-04-15,29.39154,497050000
2025-04-16,29.977995,498350000
2025-04-17,29.390728,498950000
2025-04-21,29.389118,498950000
2025-04-22,29.661672,498950000
2025-04-23,29.979713,497300000
2025-04-24,30.375087,493300000
2025-04-25,30.32008,493150000
2025-04-28,30.023139,496700000
2025-04-29,30.218349,499300000
2025-04-30,29.308082,500050000
2025-05-01,29.216691,495050000
2025-05-02,29.434567,495450000
2025-05-05,29.433352,493450000
2025-05-06,30.033207,493450000
2025-05-07,29.896373,493450000
2025-05-08,29.491244,493450000
2025-05-09,29.568148,495650000
2025-05-12,29.116741,495950000
2025-05-13,29.989443,494900000
2025-05-14,29.902631,493900000
2025-05-15,29.174636,493900000
2025-05-16,29.219708,491900000
2025-05-19,29.568664,494550000
2025-05-20,29.550072,496850000
2025-05-21,30.149924,496850000
2025-05-22,29.75389,499600000
2025-05-23,30.089991,502600000
2025-05-27,29.910995,502600000
2025-05-28,30.260734,502600000
2025-05-29,30.337627,505650000
2025-05-30,30.073463,505650000
2025-06-02,30.222295,507350000
2025-06-03,31.135531,509850000
2025-06-04,31.226019,514650000
2025-06-05,32.539246,518900000
2025-06-06,32.893351,520200000
2025-06-09,32.951086,518350000
2025-06-10,33.414278,519500000
2025-06-11,32.904725,520900000
2025-06-12,32.886092,520900000
2025-06-13,32.790184,519000000
2025-06-16,33.061571,520400000
2025-06-17,33.688397,519000000
2025-06-18,33.769757,522100000
2025-06-20,32.837003,521650000
2025-06-23,32.835671,528750000
2025-06-24,32.776128,526150000
2025-06-25,32.502951,527550000
2025-06-26,33.252511,525750000
2025-06-27,32.697505,525750000
2025-06-30,32.691612,524350000
2025-07-01,33.172988,525850000
2025-07-02,32.990786,525250000
2025-07-03,33.512858,526050000
2025-07-07,32.933974,526050000
2025-07-08,33.415155,528400000
2025-07-09,33.246582,529500000
2025-07-10,33.446046,526800000
2025-07-11,34.072613,522150000
2025-07-14,35.429792,529500000
2025-07-15,34.761382,525600000
2025-07-16,34.411073,524300000
2025-07-17,34.301549,519900000
2025-07-18,34.769079,518600000
2025-07-21,34.94943,530900000
2025-07-22,35.285187,536300000
2025-07-23,35.720897,538050000
2025-07-24,35.452332,538050000
2025-07-25,35.188315,538850000
2025-07-28,34.632535,536350000
2025-07-29,34.613887,536850000
2025-07-30,34.445296,536000000
2025-07-31,32.899973,532900000
2025-08-01,33.14488,532700000
2025-08-04,33.74302,531700000
2025-08-05,33.924226,532500000
2025-08-06,34.309808,534900000
2025-08-07,34.854342,534900000
2025-08-08,34.776652,530600000
2025-08-11,34.289267,533000000
2025-08-12,34.229757,534450000
2025-08-13,35.060419,534450000
2025-08-14,34.796519,533450000
2025-08-15,34.264663,533450000
2025-08-18,34.585741,543550000
2025-08-19,34.571641,542950000
2025-08-20,33.667371,541750000
2025-08-21,34.111995,540750000
2025-08-22,34.511196,541150000
2025-08-25,34.509778,541150000
2025-08-26,34.886265,540650000
2025-08-27,34.699578,540650000
2025-08-28,35.353107,542700000
2025-08-29,35.229996,541900000
2025-09-02,36.79041,543900000
2025-09-03,37.098617,541100000
2025-09-04,37.193445,539300000
2025-09-05,36.993179,538000000
2025-09-08,37.395704,536000000
2025-09-09,37.445129,533600000
2025-09-10,37.408297,533550000
2025-09-11,37.289746,533550000
2025-09-12,38.365194,533250000
2025-09-15,38.309148,536550000
2025-09-16,38.753536,538850000
2025-09-17,37.459132,537850000
2025-09-18,37.994327,538400000
2025-09-19,38.338839,538400000
2025-09-22,39.699247,544200000
2025-09-23,40.234413,547750000
2025-09-24,39.825272,547750000
2025-09-25,40.79172,544950000
2025-09-26,40.845639,543950000
2025-09-29,42.614529,549600000
2025-09-30,41.910273,555400000
2025-10-01,42.913007,553900000
2025-10-02,43.01679,545800000
2025-10-03,43.206797,537350000
2025-10-06,44.07638,542350000
2025-10-07,43.9714,545350000
2025-10-08,44.474543,546050000
2025-10-09,45.109288,547350000
2025-10-10,46.066238,547050000
2025-10-13,46.500052,558050000
2025-10-14,46.753554,557300000
2025-10-15,47.719546,546300000
2025-10-16,48.11372,546300000
2025-10-17,49.093323,548950000
2025-10-20,47.003759,558600000
2025-10-21,45.319429,555300000
2025-10-22,43.335596,552500000
2025-10-23,44.555786,547950000
2025-10-24,43.556758,546200000
2025-10-27,42.974062,543400000
2025-10-28,42.133887,538750000
2025-10-29,43.708092,538750000
2025-10-30,43.71203,538050000
2025-10-31,44.419403,538050000
2025-11-03,44.249661,538050000
2025-11-04,43.328188,537500000
2025-11-05,43.191505,536900000
2025-11-06,44.166214,535600000
2025-11-07,44.17468,534700000
2025-11-10,45.393127,534700000
2025-11-11,46.481215,534700000
2025-11-12,46.748219,534700000
2025-11-13,48.866028,537700000
2025-11-14,47.177863,539300000
2025-11-17,46.309494,539300000
2025-11-18,45.623881,539300000
2025-11-19,47.347043,539600000
2025-11-20,46.117063,540300000
2025-11-21,44.356355,540700000
2025-11-24,45.384293,549700000
2025-11-25,46.440621,552200000
2025-11-26,47.596729,552200000
2025-11-28,48.892795,553200000
2025-12-01,52.138751,560000000
2025-12-02,52.092693,562350000
2025-12-03,52.930895,567150000
2025-12-04,52.204631,570550000
2025-12-05,52.69365,564550000
2025-12-08,52.936351,563250000
2025-12-09,53.166897,566250000
2025-12-10,55.347338,570150000
2025-12-11,56.326063,570150000
2025-12-12,58.497387,570850000
2025-12-15,57.914542,569350000
2025-12-16,57.106579,567850000
2025-12-17,59.794843,567850000
2025-12-18,60.11145,567850000
2025-12-19,59.648095,569550000
2025-12-22,62.761,588450000
2025-12-23,63.231735,585050000
2025-12-24,65.443761,583050000
2025-12-26,65.441962,581050000
2025-12-29,67.665763,578050000
2025-12-30,67.84623,583350000
2025-12-31,65.265101,582950000
2026-01-02,67.281219,582950000
2026-01-05,68.053579,579950000
2026-01-06,71.139595,571600000
2026-01-07,71.600984,570950000
2026-01-08,68.173076,575050000
2026-01-09,70.833006,578350000
2026-01-12,76.206213,579750000
2026-01-13,77.79171,578800000
2026-01-14,82.572935,576000000
2026-01-15,82.725913,569600000
2026-01-16,82.303213,570000000
2026-01-20,86.741067,575300000
2026-01-21,85.9738,573300000
2026-01-22,84.635385,571100000
2026-01-23,89.729307,570600000
2026-01-26,99.340085,566500000
2026-01-27,101.115653,562000000
2026-01-28,102.229374,554500000
2026-01-29,107.354829,550500000
2026-01-30,93.518527,550500000
2026-02-02,74.281678,586800000
2026-02-03,79.278236,583200000
2026-02-04,82.086304,580800000
2026-02-05,71.319747,576450000
2026-02-06,67.902465,574450000
2026-02-09,72.811174,574450000
2026-02-10,74.550045,575350000
2026-02-11,78.010634,576050000
2026-02-12,75.667084,573850000
2026-02-13,70.079426,569150000
2026-02-17,67.624303,561350000
2026-02-18,68.352847,554950000
2026-02-19,70.436139,551600000
2026-02-20,72.931724,550550000
2026-02-23,78.760082,561650000
2026-02-24,79.814721,571500000
2026-02-25,82.169694,570500000
2026-02-26,78.294651,571100000
2026-02-27,81.505986,567400000
2026-03-02,85.71184,564200000
2026-03-03,73.648921,567200000
2026-03-04,78.612116,566000000
2026-03-05,76.282924,561100000
2026-03-06,74.583356,559400000
2026-03-09,75.581276,557600000
2026-03-10,80.182098,555600000
2026-03-11,78.101999,551500000
2026-03-12,78.825633,551500000
2026-03-13,75.803437,548700000
2026-03-16,71.497366,545000000
2026-03-17,72.646857,546200000
2026-03-18,71.182853,541750000
2026-03-19,63.119507,539000000
2026-03-20,65.537353,541200000
2026-03-23,60.878495,550600000
2026-03-24,63.359765,550600000
2026-03-25,66.257705,550600000
2026-03-26,60.930218,546900000
2026-03-27,61.386853,546900000
2026-03-30,64.061194,542600000
2026-03-31,65.813201,542100000
2026-04-01,67.791654,542000000
2026-04-02,64.277478,542000000
2026-04-06,64.273955,542000000
2026-04-07,65.282674,542000000
2026-04-08,69.53749,544400000
2026-04-09,67.064604,543600000
2026-04-10,68.394725,542950000
2026-04-13,67.323456,542250000
2026-04-14,70.093272,542900000
2026-04-15,71.133601,541650000
2026-04-16,72.137699,542150000
2026-04-17,71.806217,543650000
2026-04-20,71.789678,542550000
2026-04-21,71.517054,542550000
2026-04-22,70.664926,539800000
2026-04-23,67.476692,537500000
2026-04-24,67.7293,538100000
2026-04-27,68.713481,538100000
2026-04-28,66.245129,538100000
2026-04-29,65.863919,535900000
2026-04-30,66.569285,534900000
2026-05-01,66.197127,534100000
2026-05-04,66.194407,534100000
2026-05-05,66.460502,534900000
2026-05-06,70.242853,534900000
2026-05-07,72.708253,535650000
2026-05-08,72.978781,534550000
2026-05-11,72.758569,535850000
2026-05-12,75.690053,537050000
2026-05-13,78.454057,538650000
2026-05-14,78.534444,540750000
2026-05-15,71.251957,540750000
2026-05-18,68.524715,539550000
2026-05-19,68.804353,539550000
2026-05-20,68.450427,539550000
2026-05-21,67.639437,539200000
2026-05-22,68.62053,540450000
2026-05-26,68.98332,539150000
2026-05-27,67.267238,539150000
2026-05-28,66.062552,539150000
2026-05-29,68.56421,537050000
2026-06-01,68.443724,535700000
2026-06-02,68.990124,534350000
2026-06-03,67.256688,534350000
2026-06-04,66.473206,534350000
2026-06-05,65.725921,533750000
2026-06-08,60.720267,535250000
2026-06-09,62.053859,534300000
2026-06-10,58.307572,534050000
2026-06-11,57.70515,533200000
2026-06-12,60.631047,531700000
2026-06-15,63.939741,532100000
2026-06-16,63.653887,532100000
2026-06-17,63.137336,530900000
2026-06-18,61.277322,530900000
2026-06-22,60.007411,533900000
2026-06-23,56.243049,531000000
2026-06-24,54.80381,530150000
2026-06-25,51.876375,532750000
2026-06-26,52.793929,531200000
2026-06-29,52.181082,529600000
2026-06-30,53.166488,530300000
2026-07-01,52.6727,530300000
2026-07-02,53.928907,531150000
2026-07-06,56.123308,529750000
2026-07-07,54.829442,530300000
2026-07-08,52.821222,529750000
2026-07-09,53.186724,528750000
2026-07-10,53.656213,528750000
2026-07-13,52.790433,528150000
2026-07-14,52.32854,531800000
2026-07-15,52.391121,531800000
2026-07-16,51.079223,533100000
2026-07-17,49.984369,535500000
2026-07-20,51.356793,535200000
2026-07-21,53.236956,534900000
2026-07-22,53.643146,535700000
2026-07-23,53.027512,535700000
2026-07-24,52.723857,534900000
2026-07-27,53.363714,534200000
2026-07-28,51.676532,534200000
2026-07-29,51.879284,535000000
2026-07-30,52.475387,535000000
2026-07-31,52.176267,538200000
2026-08-03,52.391145,538200000
2026-08-04,53.131607,538200000
2026-08-05,55.372497,538200000
2026-08-06,55.796563,539700000
2026-08-07,58.132323,539700000
2026-08-10,57.781946,540900000
2026-08-11,58.911006,544700000
2026-08-12,59.872828,544700000
2026-08-13,58.701489,545500000
2026-08-14,58.384327,544650000
2026-08-17,59.290318,543250000
2026-08-18,58.824013,545750000
2026-08-19,57.250457,543350000
2026-08-20,60.313817,543350000
2026-08-21,62.812212,544050000
2026-08-24,62.095586,547750000
2026-08-25,61.32192,546450000
2026-08-26,61.890522,546450000
2026-08-27,61.867076,545850000
2026-08-28,63.484168,546350000
2026-08-31,63.481559,546350000
2026-09-01,58.51389,546350000
2026-09-02,57.546348,545150000
2026-09-03,59.307372,545150000
2026-09-04,60.381718,545850000
2026-09-08,59.547196,545850000
2026-09-09,59.853568,545850000
2026-09-10,59.360342,545050000
2026-09-11,57.669996,545050000
2026-09-14,56.737023,544150000
2026-09-15,57.061503,543250000
2026-09-16,58.483723,541850000
2026-09-17,57.922756,541850000
2026-09-18,60.551132,541850000
2026-09-21,59.500625,549050000
2026-09-22,59.282969,547150000
2026-09-23,58.875584,546250000
2026-09-24,57.424672,546650000
2026-09-25,58.720398,547250000
2026-09-28,55.388611,546750000
2026-09-29,54.96773,547850000
2026-09-30,54.845003,546300000
2026-10-01,55.015916,546300000
2026-10-02,55.119018,546300000
2026-10-05,55.821169,546300000
2026-10-06,55.084379,545800000
2026-10-07,54.25729,545100000
2026-10-08,53.141223,546150000
